triplet_id,category,article,article_url,anchor_section,positive_section,negative_section,anchor_sentence_id,positive_sentence_id,negative_sentence_id,anchor,positive,negative,similarity_anchor_positive,similarity_anchor_negative,margin,correct
TRIPLET_00001,Cities,Sydney,https://en.wikipedia.org/wiki/Sydney,Culture > Media,Culture > Media,Economy,Sydney_SEC_035_SENT_002,Sydney_SEC_035_SENT_009,Sydney_SEC_022_SENT_013,"Its competitor is The Daily Telegraph, in print since 1879.","The Australian Broadcasting Corporation is located in Ultimo, and the Special Broadcasting Service is based in Artarmon.",From the 1960s onwards Parramatta gained recognition as the city's second CBD and finance and tourism became major industries and sources of employment.,0.33901339769363403,0.4023159146308899,-0.06330251693725586,0
TRIPLET_00002,Cities,Sydney,https://en.wikipedia.org/wiki/Sydney,Infrastructure > Transport > Metro,Infrastructure > Transport > Metro,Demographics > Ancestry and immigration,Sydney_SEC_044_SENT_003,Sydney_SEC_044_SENT_007,Sydney_SEC_030_SENT_003,"This line, designated as the M1, will be extended to Bankstown in 2025 with suburbs previously on the Bankstown railway line currently closed for conversion to the metro.",The scheme is intended to increase Sydney's public transport capacity by 60%.,"At the 2021 census, 1.7% of Sydney's population identified as being Indigenous — Aboriginal Australians and Torres Strait Islanders.",0.4418640732765198,0.46052512526512146,-0.018661051988601685,0
TRIPLET_00003,Cities,Sydney,https://en.wikipedia.org/wiki/Sydney,Demographics > Ancestry and immigration,Demographics > Ancestry and immigration,History > Convict town (1788–1840) > Conflict on the Cumberland Plain,Sydney_SEC_030_SENT_003,Sydney_SEC_030_SENT_002,Sydney_SEC_004_SENT_008,"At the 2021 census, 1.7% of Sydney's population identified as being Indigenous — Aboriginal Australians and Torres Strait Islanders.","Foreign countries of birth with the greatest representation are mainland China, India, England, Vietnam, Philippines and New Zealand.",Conflict again erupted from 1814 to 1816 with the expansion of the colony into Dharawal country in the Nepean region south-west of Sydney.,0.4202936887741089,0.5745823383331299,-0.154288649559021,0
TRIPLET_00004,Cities,Sydney,https://en.wikipedia.org/wiki/Sydney,Regions,Regions,Demographics > Ancestry and immigration,Sydney_SEC_011_SENT_003,Sydney_SEC_011_SENT_001,Sydney_SEC_030_SENT_003,"The Australian Bureau of Statistics also includes City of Central Coast (the former Gosford City and Wyong Shire) as part of Greater Sydney for population counts, adding 330,000 people.","The Greater Sydney Commission divides Sydney into three ""cities"" and five ""districts"" based on the 33 LGAs in the metropolitan area.","At the 2021 census, 1.7% of Sydney's population identified as being Indigenous — Aboriginal Australians and Torres Strait Islanders.",0.7422986030578613,0.6441455483436584,0.09815305471420288,1
TRIPLET_00005,Cities,Sydney,https://en.wikipedia.org/wiki/Sydney,Toponymy,Toponymy,Infrastructure > Transport > Airports,Sydney_SEC_001_SENT_001,Sydney_SEC_001_SENT_003,Sydney_SEC_048_SENT_002,"In 1788, Captain Arthur Phillip, the first governor of New South Wales, named the cove where the first British settlement was established Sydney Cove after Home Secretary Thomas Townshend, 1st Viscount Sydney.","Phillip considered naming the settlement Albion, but this name was never officially used.",It services 46 international and 23 domestic destinations.,0.39919033646583557,0.24470461905002594,0.15448571741580963,1
TRIPLET_00006,Cities,Sydney,https://en.wikipedia.org/wiki/Sydney,Infrastructure > Education,Infrastructure > Education,Urban structure > Architecture,Sydney_SEC_040_SENT_017,Sydney_SEC_040_SENT_010,Sydney_SEC_019_SENT_016,"The college became the Sydney Institute in 1992 and now operates alongside its sister TAFE facilities across the Sydney metropolitan area, namely the Northern Sydney Institute, the Western Sydney Institute, and the South Western Sydney Institute.",5.2% of residents of Sydney are attending a university.,Sydney Technical College was completed in 1893 using both Romanesque Revival and Queen Anne approaches.,0.546868622303009,0.6483532190322876,-0.10148459672927856,0
TRIPLET_00007,Cities,Sydney,https://en.wikipedia.org/wiki/Sydney,Regions > Northern Sydney,Regions > Northern Sydney,Sport and outdoor activities > Major sporting venues,Sydney_SEC_016_SENT_001,Sydney_SEC_016_SENT_009,Sydney_SEC_037_SENT_006,"'Northern Sydney' includes the suburbs in the Upper North Shore, Lower North Shore and the Northern Beaches.","The Northern Beaches area extends south to the entrance of Port Jackson (Sydney Harbour), west to Middle Harbour and north to the entrance of Broken Bay.",Sailing races have been held on Sydney Harbour since 1827.,0.8049213886260986,0.482004851102829,0.32291653752326965,1
TRIPLET_00008,Cities,Sydney,https://en.wikipedia.org/wiki/Sydney,Environmental issues and pollution reduction > Air quality,Environmental issues and pollution reduction > Air quality,Regions > Hills district,Sydney_SEC_050_SENT_012,Sydney_SEC_050_SENT_001,Sydney_SEC_017_SENT_002,Sydney has also become a leader in the development of green office buildings and enforcing the requirement of all building proposals to be energy-efficient.,"As climate change, greenhouse gas emissions and pollution have become a major issue for Australia, Sydney has in the past been criticised for its lack of focus on reducing pollution and emissions and maintaining water quality.",Actual suburbs and localities that are considered to be in the Hills District can be somewhat amorphous.,0.48398053646087646,0.2247084677219391,0.2592720687389374,1
TRIPLET_00009,Cities,Sydney,https://en.wikipedia.org/wiki/Sydney,Infrastructure > Education,Infrastructure > Education,Regions > Inner suburbs,Sydney_SEC_040_SENT_002,Sydney_SEC_040_SENT_017,Sydney_SEC_012_SENT_017,"By 2011, 90% of working age residents had completed some schooling and 57% had completed the highest level of school.","The college became the Sydney Institute in 1992 and now operates alongside its sister TAFE facilities across the Sydney metropolitan area, namely the Northern Sydney Institute, the Western Sydney Institute, and the South Western Sydney Institute.",Green Square is a former industrial area of Waterloo which is undergoing urban renewal worth $8 billion.,0.3710976839065552,0.5142064094543457,-0.14310872554779053,0
TRIPLET_00010,Cities,Sydney,https://en.wikipedia.org/wiki/Sydney,Regions > Western suburbs,Regions > Western suburbs,Sport and outdoor activities > Major sporting venues,Sydney_SEC_018_SENT_010,Sydney_SEC_018_SENT_008,Sydney_SEC_037_SENT_012,"Established in 1799, the Old Government House, a historic house museum and tourist spot in Parramatta, was included in the Australian National Heritage List on 1 August 2007 and World Heritage List in 2010 (as part of the 11 penal sites constituting the Australian Convict Sites), making it the only site in greater western Sydney to be featured in such lists.","To the northwest, Featherdale Wildlife Park, a zoo in Doonside, near Blacktown, is a major tourist attraction.",Royal Randwick Racecourse opened in 1833 and holds several major cups throughout the year.,0.5247592926025391,0.49134406447410583,0.03341522812843323,1
TRIPLET_00011,Cities,Sydney,https://en.wikipedia.org/wiki/Sydney,Geography > Climate,Geography > Climate,Geography > Topography,Sydney_SEC_010_SENT_003,Sydney_SEC_010_SENT_018,Sydney_SEC_007_SENT_001,"The weather is moderated by proximity to the ocean, and more extreme temperatures are recorded in the inland western suburbs because Sydney CBD is more affected by the oceanic climate drivers than the western suburbs.","Precipitation is usually higher in summer through to autumn, and lower in late winter to early spring.","Sydney is a coastal basin with the Tasman Sea to the east, the Blue Mountains to the west, the Hawkesbury River to the north, and the Woronora Plateau to the south.",0.5705004930496216,0.5701667666435242,0.0003337264060974121,1
TRIPLET_00012,Cities,Sydney,https://en.wikipedia.org/wiki/Sydney,Geography > Climate,Geography > Climate,Infrastructure > Transport > Buses,Sydney_SEC_010_SENT_007,Sydney_SEC_010_SENT_021,Sydney_SEC_046_SENT_004,"The hottest day in the metropolitan area occurred in Penrith on 4 January 2020, where a high of 48.9 °C (120.0 °F) was recorded.","'Snow' was last alleged in 1836, more than likely a fall of graupel, or soft hail; and in July 2008 the Upper North Shore saw a fall of graupel that was mistaken by many for 'snow'.",NightRide is a nightly bus service that operates between midnight and 5am.,0.502682626247406,0.48964723944664,0.013035386800765991,1
TRIPLET_00013,Cities,Sydney,https://en.wikipedia.org/wiki/Sydney,Economy,Economy,Geography > Topography,Sydney_SEC_022_SENT_012,Sydney_SEC_022_SENT_007,Sydney_SEC_007_SENT_006,These same policies helped to relieve the effects of the Great Depression during which the unemployment rate in New South Wales reached as high as 32%.,Governor Macquarie created two coins from every Spanish silver dollar in circulation.,The Nepean River wraps around the western edge of the city and becomes the Hawkesbury River before reaching Broken Bay.,0.4603918194770813,0.2689383625984192,0.1914534568786621,1
TRIPLET_00014,Cities,Sydney,https://en.wikipedia.org/wiki/Sydney,Infrastructure > Transport > Airports,Infrastructure > Transport > Airports,Culture > Entertainment,Sydney_SEC_048_SENT_007,Sydney_SEC_048_SENT_001,Sydney_SEC_034_SENT_037,Bankstown is also the fourth busiest airport in Australia by number of aircraft movements.,Sydney Kingsford Smith Airport is located in Mascot.,Sydney's Chinatown has had numerous locations since the 1850s.,0.4098222255706787,0.37060901522636414,0.039213210344314575,1
TRIPLET_00015,Cities,Sydney,https://en.wikipedia.org/wiki/Sydney,Infrastructure > Utilities,Infrastructure > Utilities,Culture > Entertainment,Sydney_SEC_049_SENT_005,Sydney_SEC_049_SENT_010,Sydney_SEC_034_SENT_009,"It transports water 100 km (62 mi) from the Nepean, Cataract, and Cordeaux rivers and continues to service about 15% of Sydney's water needs.",The Sydney Desalination Plant came into operation in 2010.,"It has staged over 100,000 performances and received 100 million visitors since opening in 1973.",0.5281212329864502,0.6277452707290649,-0.09962403774261475,0
TRIPLET_00016,Cities,Sydney,https://en.wikipedia.org/wiki/Sydney,Geography > Topography,Geography > Topography,Infrastructure > Utilities,Sydney_SEC_007_SENT_012,Sydney_SEC_007_SENT_007,Sydney_SEC_049_SENT_011,"The local government area of the City of Sydney covers about 26 square kilometres from Garden island in the east to Bicentennial Park in the west, and south to the suburbs of Alexandria and Rosebery.",Most of Sydney's water storages can be found on tributaries of the Nepean River.,"WaterNSW supplies bulk water to Sydney Water, a state-owned corporation that operates water distribution, sewerage and storm water management services.",0.5606964826583862,0.572909951210022,-0.012213468551635742,0
TRIPLET_00017,Cities,Sydney,https://en.wikipedia.org/wiki/Sydney,Geography > Ecology,Geography > Ecology,Sport and outdoor activities,Sydney_SEC_009_SENT_010,Sydney_SEC_009_SENT_009,Sydney_SEC_036_SENT_008,"Sydney is home to dozens of bird species, which commonly include the Australian raven, Australian magpie, crested pigeon, noisy miner and the pied currawong.","Among the cities assessed, Sydney ranked fourth globally for visible street tree cover, behind Tampa (36.1%), Singapore (29.3%) and Oslo (28.8%), and was equal with Vancouver (25.9%).",One-tenth of the state's population attended a New South Wales versus New Zealand rugby match in 1907.,0.35955750942230225,0.4160788059234619,-0.05652129650115967,0
TRIPLET_00018,Cities,Sydney,https://en.wikipedia.org/wiki/Sydney,History > First inhabitants of the region,History > First inhabitants of the region,History > Colonial city (1841–1900),Sydney_SEC_002_SENT_002,Sydney_SEC_002_SENT_001,Sydney_SEC_005_SENT_008,"Flaked pebbles found in Western Sydney's gravel sediments might indicate human occupation from 45,000 to 50,000 years ago, while radiocarbon dating has shown evidence of human activity in the region from around 30,000 years ago.",The first people to inhabit the area now known as Sydney were Aboriginal Australians who had migrated from southeast Asia via northern Australia.,The growing population packed into rows of terrace houses in narrow streets.,0.47841688990592957,0.22255519032478333,0.25586169958114624,1
TRIPLET_00019,Cities,Sydney,https://en.wikipedia.org/wiki/Sydney,Toponymy,Toponymy,Infrastructure > Health,Sydney_SEC_001_SENT_005,Sydney_SEC_001_SENT_004,Sydney_SEC_041_SENT_009,"The Gadigal (Cadigal) clan, whose territory stretches along the southern shore of Port Jackson from South Head to Darling Harbour, are the traditional owners of the land on which the British settlement was initially established, and call their territory Gadi (Cadi).","By 1790 Phillip and other officials were regularly calling the township ""Sydney"".",Healthcare was recognised as a right in the early 1900s and Sydney's public hospitals came under the oversight of the Government of New South Wales.,0.4227747917175293,0.5743105411529541,-0.1515357494354248,0
TRIPLET_00020,Cities,Sydney,https://en.wikipedia.org/wiki/Sydney,Demographics > Crime,Demographics > Crime,Toponymy,Sydney_SEC_032_SENT_003,Sydney_SEC_032_SENT_001,Sydney_SEC_001_SENT_006,"Methamphetamine is heavily consumed compared to other countries, while heroin is less common.","Crime in Sydney is low, with The Independent ranking Sydney as the fifth safest city in the world in 2019.","Aboriginal clan names within the Sydney region were often formed by adding the suffix ""-gal"" to a word denoting the name for their territory, a specific place in their territory, a food source, or totem.",0.49788233637809753,0.15134842693805695,0.3465339094400406,1
TRIPLET_00021,Cities,Sydney,https://en.wikipedia.org/wiki/Sydney,Demographics,Demographics,Demographics > Religion,Sydney_SEC_029_SENT_010,Sydney_SEC_029_SENT_007,Sydney_SEC_031_SENT_001,"49.0% of families are couples with children, 34.4% are couples without children, and 14.8% are single-parent families.","Between 1971 and 2018, Sydney experienced a net loss of 716,832 people to the rest of Australia, but its population grew due to overseas arrivals and a healthy birth rate.","In 2021, Christianity was the largest religious affiliation at 46%, the largest denominations of which were Catholicism at 23.1% and Anglicanism at 9.2%.",0.4915027916431427,0.5119565725326538,-0.02045378088951111,0
TRIPLET_00022,Cities,Sydney,https://en.wikipedia.org/wiki/Sydney,Toponymy,Toponymy,Economy > Businesses,Sydney_SEC_001_SENT_004,Sydney_SEC_001_SENT_002,Sydney_SEC_023_SENT_004,"By 1790 Phillip and other officials were regularly calling the township ""Sydney"".",The cove was called Warrane by the Aboriginal inhabitants.,There are 283 multinational companies with regional offices in Sydney.,0.49239012598991394,0.5822597742080688,-0.08986964821815491,0
TRIPLET_00023,Cities,Sydney,https://en.wikipedia.org/wiki/Sydney,Demographics > Ancestry and immigration,Demographics > Ancestry and immigration,Demographics > Religion,Sydney_SEC_030_SENT_002,Sydney_SEC_030_SENT_001,Sydney_SEC_031_SENT_007,"Foreign countries of birth with the greatest representation are mainland China, India, England, Vietnam, Philippines and New Zealand.","At the 2021 census, the most common ancestries were: At the 2021 census, 40.5% of Sydney's population was born overseas.","Religious groups, alongside secular institutions, have played a significant role in education, health and charitable services throughout Sydney's history.",0.6403541564941406,0.44611799716949463,0.194236159324646,1
TRIPLET_00024,Cities,Sydney,https://en.wikipedia.org/wiki/Sydney,Infrastructure > Transport > Buses,Infrastructure > Transport > Buses,Infrastructure > Education,Sydney_SEC_046_SENT_004,Sydney_SEC_046_SENT_003,Sydney_SEC_040_SENT_007,NightRide is a nightly bus service that operates between midnight and 5am.,"In total, nearly 225 million boardings were recorded across the bus network.","Five public universities maintain secondary campuses in the city: the University of Notre Dame Australia, Central Queensland University, Victoria University, University of Wollongong, and University of Newcastle.",0.515656590461731,0.4590010941028595,0.05665549635887146,1
TRIPLET_00025,Cities,Sydney,https://en.wikipedia.org/wiki/Sydney,Regions > Eastern Suburbs,Regions > Eastern Suburbs,History > Colonial city (1841–1900),Sydney_SEC_014_SENT_007,Sydney_SEC_014_SENT_006,Sydney_SEC_005_SENT_003,"The suburb of Randwick contains Randwick Racecourse, the Royal Hospital for Women, the Prince of Wales Hospital, Sydney Children's Hospital, and University of New South Wales Kensington Campus.","Major landmarks include Bondi Beach, which was added to the Australian National Heritage List in 2008; and Bondi Junction, featuring a Westfield shopping centre and an estimated office workforce of 6,400 by 2035, as well as a railway station on the T4 Eastern Suburbs Line.","Melbourne soon overtook Sydney as Australia's largest city, leading to an enduring rivalry between the two.",0.6209017038345337,0.3423997759819031,0.2785019278526306,1
TRIPLET_00026,Cities,Sydney,https://en.wikipedia.org/wiki/Sydney,Infrastructure > Transport > Roads,Infrastructure > Transport > Roads,Regions > Western suburbs,Sydney_SEC_042_SENT_001,Sydney_SEC_042_SENT_005,Sydney_SEC_018_SENT_001,"The motor vehicle, more than any other factor, has determined the pattern of Sydney's urban development since World War II.",Sydney's reliance on motor vehicles and its sprawling road network has been criticised by proponents of mass public transport and high-density housing.,"The greater western suburbs encompasses the areas of Parramatta, the sixth largest business district in Australia, settled the same year as the harbour-side colony, Bankstown, Liverpool, Penrith, and Fairfield.",0.5332332253456116,0.5452836155891418,-0.012050390243530273,0
TRIPLET_00027,Cities,Sydney,https://en.wikipedia.org/wiki/Sydney,Geography > Climate,Geography > Climate,Economy > Businesses,Sydney_SEC_010_SENT_021,Sydney_SEC_010_SENT_015,Sydney_SEC_023_SENT_002,"'Snow' was last alleged in 1836, more than likely a fall of graupel, or soft hail; and in July 2008 the Upper North Shore saw a fall of graupel that was mistaken by many for 'snow'.","Since Sydney is downwind of the Great Dividing Range, it occasionally experiences dry, westerly foehn winds typically in winter and early spring (which are the reason for its warm maximum temperatures).",Global companies are attracted to the city in part because its time zone spans the closing of business in North America and the opening of business in Europe.,0.5524003505706787,0.5431375503540039,0.009262800216674805,1
TRIPLET_00028,Cities,Sydney,https://en.wikipedia.org/wiki/Sydney,Economy > Tourism and international education,Economy > Tourism and international education,Infrastructure > Transport > Metro,Sydney_SEC_027_SENT_004,Sydney_SEC_027_SENT_008,Sydney_SEC_044_SENT_007,"The countries of origin in descending order were China, New Zealand, the United Kingdom, the United States, South Korea, Japan, Singapore, Germany, Hong Kong, and India.","On average, the tourism industry contributes $36 million to the city's economy per day.",The scheme is intended to increase Sydney's public transport capacity by 60%.,0.26512932777404785,0.2306974232196808,0.034431904554367065,1
TRIPLET_00029,Cities,Sydney,https://en.wikipedia.org/wiki/Sydney,Infrastructure > Utilities,Infrastructure > Utilities,Toponymy,Sydney_SEC_049_SENT_014,Sydney_SEC_049_SENT_008,Sydney_SEC_001_SENT_005,"Submarine communications cable systems in Sydney include the Australia–Japan Cable, Telstra Endeavour and the Southern Cross Cable, which link Australia and countries in the Pacific.","The state-owned corporation WaterNSW now manages eleven major dams: Warragamba, one of the largest domestic water supply dams in the world, Woronora, Cataract, Cordeaux, Nepean, Avon, Wingecarribee Reservoir, Fitzroy Falls Reservoir, Tallowa, the Blue Mountains Dams, and Prospect Reservoir.","The Gadigal (Cadigal) clan, whose territory stretches along the southern shore of Port Jackson from South Head to Darling Harbour, are the traditional owners of the land on which the British settlement was initially established, and call their territory Gadi (Cadi).",0.4475901424884796,0.5188125371932983,-0.07122239470481873,0
TRIPLET_00030,Cities,Sydney,https://en.wikipedia.org/wiki/Sydney,Infrastructure > Transport > Metro,Infrastructure > Transport > Metro,Infrastructure > Transport > Suburban trains,Sydney_SEC_044_SENT_004,Sydney_SEC_044_SENT_002,Sydney_SEC_043_SENT_013,A new line through the inner west to Parramatta is planned to be built by 2030.,"Currently, the network consists of a single line extending from Tallawong in the north-west to the city and Sydenham.",The main station is the Central railway station in the southern part of the CBD.,0.40357884764671326,0.42017862200737,-0.01659977436065674,0
TRIPLET_00031,Cities,Sydney,https://en.wikipedia.org/wiki/Sydney,Geography > Topography,Geography > Topography,Economy > Businesses,Sydney_SEC_007_SENT_010,Sydney_SEC_007_SENT_011,Sydney_SEC_023_SENT_003,There is no single definition of the boundaries of Sydney.,"The Australian Statistical Geography Standard definition of Greater Sydney covers 12,369 square kilometres (4,776 square miles), and includes the local government areas of Central Coast in the north, Hawkesbury in the north-west, Blue Mountains in the west, Sutherland Shire in the south, and Wollondilly in the south-west.","Most foreign companies in Sydney maintain significant sales and service functions but comparably less production, research, and development capabilities.",0.3883630335330963,0.35585975646972656,0.03250327706336975,1
TRIPLET_00032,Cities,Sydney,https://en.wikipedia.org/wiki/Sydney,Culture > Entertainment,Culture > Entertainment,Economy > Domestic economics,Sydney_SEC_034_SENT_004,Sydney_SEC_034_SENT_012,Sydney_SEC_024_SENT_012,"Sydney Theatre Company maintains a roster of local, classical, and international plays.",Many writers have originated in and set their work in Sydney.,Western Sydney continues to struggle to create jobs to meet its population growth despite the development of commercial centres like Parramatta.,0.7207005023956299,0.41761454939842224,0.30308595299720764,1
TRIPLET_00033,Cities,Sydney,https://en.wikipedia.org/wiki/Sydney,Urban structure > Parks and open spaces,Urban structure > Parks and open spaces,Environmental issues and pollution reduction > Air quality,Sydney_SEC_021_SENT_015,Sydney_SEC_021_SENT_006,Sydney_SEC_050_SENT_004,"The two parks have a total area of 64 ha (0.2 sq mi) with 8,900 individual plant species and receive over 3.5 million annual visits.","The inner suburbs include Centennial Park and Moore Park in the east (both within the City of Sydney local government area), while the outer suburbs contain Sydney Park and Royal National Park in the south, Ku-ring-gai Chase National Park in the north, and Western Sydney Parklands in the west, which is one of the largest urban parks in the world.","The air quality was 11 times the hazardous level in some days, worse than New Delhi's; it was compared to ""smoking 32 cigarettes"" by Brian Oliver, a respiratory diseases scientist at the University of Technology Sydney.",0.5325446128845215,0.43771472573280334,0.09482988715171814,1
TRIPLET_00034,Cities,Sydney,https://en.wikipedia.org/wiki/Sydney,History > Convict town (1788–1840) > Conflict on the Cumberland Plain,History > Convict town (1788–1840) > Conflict on the Cumberland Plain,Infrastructure > Transport > Metro,Sydney_SEC_004_SENT_007,Sydney_SEC_004_SENT_004,Sydney_SEC_044_SENT_003,The death toll from 1794 to 1800 was 26 settlers and up to 200 Darug.,"As the colony spread to the more fertile lands around the Hawkesbury River, north-west of Sydney, conflict between the settlers and the Darug people intensified, reaching a peak from 1794 to 1810.","This line, designated as the M1, will be extended to Bankstown in 2025 with suburbs previously on the Bankstown railway line currently closed for conversion to the metro.",0.4704757630825043,0.3368549048900604,0.13362085819244385,1
TRIPLET_00035,Cities,Sydney,https://en.wikipedia.org/wiki/Sydney,Economy > Housing affordability,Economy > Housing affordability,Economy > Manufacturing,Sydney_SEC_028_SENT_001,Sydney_SEC_028_SENT_002,Sydney_SEC_026_SENT_007,"In 2023, Sydney was ranked the least affordable city to buy a house in Australia and the second least affordable city in the world, after Hong Kong, with the average Sydney house price in late 2023 costing A$1.59 million, and the average unit price costing A$795,000.","As of early 2024, Sydney is often described in the media as having a housing shortage, or suffering a housing crisis.",The Smithfield-Wetherill Park Industrial Estate in Western Sydney is the largest industrial estate in the Southern Hemisphere and is the centre of manufacturing and distribution in the region.,0.5814278721809387,0.48115992546081543,0.10026794672012329,1
TRIPLET_00036,Cities,Sydney,https://en.wikipedia.org/wiki/Sydney,Infrastructure > Utilities,Infrastructure > Utilities,Urban structure > Architecture,Sydney_SEC_049_SENT_001,Sydney_SEC_049_SENT_014,Sydney_SEC_019_SENT_036,Obtaining sufficient fresh water was difficult during early colonial times.,"Submarine communications cable systems in Sydney include the Australia–Japan Cable, Telstra Endeavour and the Southern Cross Cable, which link Australia and countries in the Pacific.",Green bans and heritage overlays have been in place since at least 1977 to protect Sydney's heritage after controversial demolitions in the 1970s.,0.22479811310768127,0.37849342823028564,-0.15369531512260437,0
TRIPLET_00037,Cities,Sydney,https://en.wikipedia.org/wiki/Sydney,Infrastructure > Transport > Suburban trains,Infrastructure > Transport > Suburban trains,Infrastructure > Transport > Light rail,Sydney_SEC_043_SENT_008,Sydney_SEC_043_SENT_012,Sydney_SEC_045_SENT_007,"Established in 1906, Central station is the largest and busiest railway station in the state and is the main hub of the city's rail network.",Sydney's railway was first constructed in 1854 with progressive extension to the network to serve both freight and passengers.,The line was extended to Lilyfield in 2000 and then Dulwich Hill in 2014.,0.6200748682022095,0.35160669684410095,0.2684681713581085,1
TRIPLET_00038,Cities,Sydney,https://en.wikipedia.org/wiki/Sydney,Demographics > Crime,Demographics > Crime,Geography > Ecology,Sydney_SEC_032_SENT_006,Sydney_SEC_032_SENT_002,Sydney_SEC_009_SENT_009,The lockout laws were removed in January 2020.,"However, drug use is a significant problem.","Among the cities assessed, Sydney ranked fourth globally for visible street tree cover, behind Tampa (36.1%), Singapore (29.3%) and Oslo (28.8%), and was equal with Vancouver (25.9%).",0.12149304896593094,0.19275370240211487,-0.07126065343618393,0
TRIPLET_00039,Cities,Sydney,https://en.wikipedia.org/wiki/Sydney,Regions > Western suburbs,Regions > Western suburbs,Government > Government in the present,Sydney_SEC_018_SENT_008,Sydney_SEC_018_SENT_012,Sydney_SEC_039_SENT_021,"To the northwest, Featherdale Wildlife Park, a zoo in Doonside, near Blacktown, is a major tourist attraction.","Further to the southwest is the region of Macarthur and the city of Campbelltown, a significant population centre until the 1990s considered a region separate to Sydney proper.",Greater Sydney is served by: New South Wales Police Force New South Wales Ambulance Fire and Rescue NSW,0.3972175121307373,0.3976333737373352,-0.0004158616065979004,0
TRIPLET_00040,Cities,Sydney,https://en.wikipedia.org/wiki/Sydney,Geography > Ecology,Geography > Ecology,Regions > Inner West,Sydney_SEC_009_SENT_008,Sydney_SEC_009_SENT_006,Sydney_SEC_013_SENT_015,"According to the Senseable City Lab at the Massachusetts Institute of Technology (MIT), which measures street-level urban greenery using the Green View Index (GVI), Sydney recorded a GVI of 25.9%.","The predominant vegetation community in Sydney is the Cumberland Plain Woodland in Western Sydney (Cumberland Plain), followed by the Sydney Turpentine-Ironbark Forest in the Inner West and Northern Sydney, the Eastern Suburbs Banksia Scrub in the coastline and the Blue Gum High Forest scantily present in the North Shore – all of which are critically endangered.",The future Sydney Metro West will also connect this area with the City and Parramatta.,0.39077872037887573,0.4159724712371826,-0.025193750858306885,0
TRIPLET_00041,Cities,Sydney,https://en.wikipedia.org/wiki/Sydney,Geography > Geology,Geography > Geology,Infrastructure > Transport > Ferries,Sydney_SEC_008_SENT_011,Sydney_SEC_008_SENT_008,Sydney_SEC_047_SENT_001,"Directly overlying the older Hawkesbury sandstone is the Wianamatta shale, a geological feature found in western Sydney that was deposited in connection with a large river delta during the Middle Triassic.","The rising sea level between 18,000 and 6,000 years ago flooded the rias to form estuaries and deep harbours.","At the time the Sydney Harbour Bridge opened in 1932, the city's ferry service was the largest in the world.",0.6843256950378418,0.5390006303787231,0.14532506465911865,1
TRIPLET_00042,Cities,Sydney,https://en.wikipedia.org/wiki/Sydney,Geography > Ecology,Geography > Ecology,Government > Government in the present,Sydney_SEC_009_SENT_005,Sydney_SEC_009_SENT_006,Sydney_SEC_039_SENT_018,"These forests are defined by straight, tall tree canopies with a moist understory of soft-leaved shrubs, tree ferns and herbs.","The predominant vegetation community in Sydney is the Cumberland Plain Woodland in Western Sydney (Cumberland Plain), followed by the Sydney Turpentine-Ironbark Forest in the Inner West and Northern Sydney, the Eastern Suburbs Banksia Scrub in the coastline and the Blue Gum High Forest scantily present in the North Shore – all of which are critically endangered.","In federal politics, Sydney was initially considered as a possibility for Australia's capital city; the newly created city of Canberra ultimately filled this role.",0.40483760833740234,0.1841089427471161,0.22072866559028625,1
TRIPLET_00043,Cities,Sydney,https://en.wikipedia.org/wiki/Sydney,Economy > Tourism and international education,Economy > Tourism and international education,Culture > Entertainment,Sydney_SEC_027_SENT_010,Sydney_SEC_027_SENT_006,Sydney_SEC_034_SENT_023,"Major developmental projects designed to increase Sydney's tourism sector include a casino and hotel at Barangaroo and the redevelopment of East Darling Harbour, which involves a new exhibition and convention centre, now Australia's largest.","26,700 workers in the City of Sydney were directly employed by tourism in 2011.","The Australian New Wave saw a resurgence in film production, with many notable features shot in the city between the 1970s and 80s, helmed by directors such as Bruce Beresford, Peter Weir and Gillian Armstrong.",0.6114242076873779,0.7142091989517212,-0.10278499126434326,0
TRIPLET_00044,Cities,Sydney,https://en.wikipedia.org/wiki/Sydney,Environmental issues and pollution reduction > Car-dependency,Environmental issues and pollution reduction > Car-dependency,Sport and outdoor activities,Sydney_SEC_051_SENT_004,Sydney_SEC_051_SENT_006,Sydney_SEC_036_SENT_008,"Strategies have been implemented to reduce private vehicle pollution by encouraging public transport, initiating the development of high density housing and introducing a fleet of 10 new electric cars, the largest order of the pollution-free vehicle in Australia.","Cycling trips increased by 113% across Sydney's inner-city from 2010 to 2015, at which point about 2,000 bikes were passing through top peak-hour intersections on an average weekday.",One-tenth of the state's population attended a New South Wales versus New Zealand rugby match in 1907.,0.6665050387382507,0.4678817391395569,0.19862329959869385,1
TRIPLET_00045,Cities,Sydney,https://en.wikipedia.org/wiki/Sydney,Regions > Southern Sydney,Regions > Southern Sydney,Regions > Northern Sydney,Sydney_SEC_015_SENT_003,Sydney_SEC_015_SENT_005,Sydney_SEC_016_SENT_002,"La Perouse, a historic suburb named after the French navigator Jean-François de Galaup, comte de Lapérouse, is notable for its old military outpost at Bare Island and the Botany Bay National Park.","Hurstville, a large suburb with commercial and high-rise residential buildings dominating the skyline, has become a CBD for the southern suburbs.","The Northern Suburbs include several landmarks – Macquarie University, Gladesville Bridge, Ryde Bridge, Macquarie Centre and Curzon Hall in Marsfield.",0.5287460684776306,0.5244630575180054,0.004283010959625244,1
TRIPLET_00046,Cities,Sydney,https://en.wikipedia.org/wiki/Sydney,Regions > Inner West,Regions > Inner West,Government > Historical governance,Sydney_SEC_013_SENT_006,Sydney_SEC_013_SENT_008,Sydney_SEC_038_SENT_002,"As of 2021, an Inner West suburb (Strathfield) remained one of the 20 most expensive postcodes in Australia by median house price (the others were all in metropolitan Sydney, all in Northern Sydney or the Eastern Suburbs).","The Anzac Bridge spans Johnstons Bay and connects Rozelle to Pyrmont and the city, forming part of the Western Distributor.",Sydney was the seat of government for the colony which encompassed over half the Australian continent.,0.38689321279525757,0.6233410835266113,-0.23644787073135376,0
TRIPLET_00047,Cities,Sydney,https://en.wikipedia.org/wiki/Sydney,Infrastructure > Transport > Ferries,Infrastructure > Transport > Ferries,"Culture > Science, art, and history",Sydney_SEC_047_SENT_004,Sydney_SEC_047_SENT_002,Sydney_SEC_033_SENT_008,Ferries in sydney are operated by Transdev Sydney Ferries and operate on 10 routes across the harbour and Parramatta River.,Patronage declined from 37 million passengers in 1945 to 11 million in 1963 but has recovered somewhat in recent years.,It recounts the story of the city's development.,0.3589819073677063,0.31735122203826904,0.041630685329437256,1
TRIPLET_00048,Cities,Sydney,https://en.wikipedia.org/wiki/Sydney,Sport and outdoor activities > Major sporting venues,Sport and outdoor activities > Major sporting venues,Government > Government in the present,Sydney_SEC_037_SENT_019,Sydney_SEC_037_SENT_007,Sydney_SEC_039_SENT_001,"Sydney Football Stadium and Stadium Australia were selected as venues, with the later hosting the final.",Yachting has been popular amongst wealthier residents since the 1840s and the Royal Sydney Yacht Squadron was founded in 1862.,"In common with other Australian capital cities, Sydney has no single local government covering its whole area.",0.36960139870643616,0.38386741280555725,-0.014266014099121094,0
TRIPLET_00049,Cities,Sydney,https://en.wikipedia.org/wiki/Sydney,Economy > Housing affordability,Economy > Housing affordability,Economy > Businesses,Sydney_SEC_028_SENT_001,Sydney_SEC_028_SENT_002,Sydney_SEC_023_SENT_002,"In 2023, Sydney was ranked the least affordable city to buy a house in Australia and the second least affordable city in the world, after Hong Kong, with the average Sydney house price in late 2023 costing A$1.59 million, and the average unit price costing A$795,000.","As of early 2024, Sydney is often described in the media as having a housing shortage, or suffering a housing crisis.",Global companies are attracted to the city in part because its time zone spans the closing of business in North America and the opening of business in Europe.,0.5814278721809387,0.44249388575553894,0.13893398642539978,1
TRIPLET_00050,Cities,Sydney,https://en.wikipedia.org/wiki/Sydney,History > Convict town (1788–1840) > Conflict on the Cumberland Plain,History > Convict town (1788–1840) > Conflict on the Cumberland Plain,Economy > Businesses,Sydney_SEC_004_SENT_003,Sydney_SEC_004_SENT_004,Sydney_SEC_023_SENT_002,At least 39 convicts were killed in the uprising and subsequent executions.,"As the colony spread to the more fertile lands around the Hawkesbury River, north-west of Sydney, conflict between the settlers and the Darug people intensified, reaching a peak from 1794 to 1810.",Global companies are attracted to the city in part because its time zone spans the closing of business in North America and the opening of business in Europe.,0.4217908978462219,0.3651497960090637,0.0566411018371582,1
TRIPLET_00051,Cities,Melbourne,https://en.wikipedia.org/wiki/Melbourne,Infrastructure > Utilities,Infrastructure > Utilities,Economy > Tourism,Melbourne_SEC_033_SENT_008,Melbourne_SEC_033_SENT_009,Melbourne_SEC_017_SENT_013,"Electricity is provided by five distribution companies: Citipower, which provides power to Melbourne's CBD and some inner suburbs.","Powercor, which provides power to the outer western suburbs as well as all of western Victoria (Citipower and Powercor are owned by the same entity).","The most well-known of these events, the Melbourne Food and Wine Festival, takes place over the course of ten days and began in 1993.",0.5675157904624939,0.43428856134414673,0.13322722911834717,1
TRIPLET_00052,Cities,Melbourne,https://en.wikipedia.org/wiki/Melbourne,Geography,Geography,History > British colonisation,Melbourne_SEC_009_SENT_003,Melbourne_SEC_009_SENT_007,Melbourne_SEC_003_SENT_016,"The southeastern suburbs are situated on the Selwyn fault, which transects Mount Martha and Cranbourne.","In the west, it extends along the Maribyrnong River and its tributaries north towards Sunbury.","However, Aboriginal people continued to live near the settlement, and by January 1844, there were said to be 675 residing in squalid camps around Melbourne.",0.4647461771965027,0.3693773150444031,0.09536886215209961,1
TRIPLET_00053,Cities,Melbourne,https://en.wikipedia.org/wiki/Melbourne,Economy,Economy,Economy > Tourism,Melbourne_SEC_016_SENT_003,Melbourne_SEC_016_SENT_010,Melbourne_SEC_017_SENT_005,"Melbourne's suburbs also have the head offices of Coles Group (owner of Coles Supermarkets) and Wesfarmers companies Bunnings, Target, K-Mart and Officeworks, as well as the head office for Australia Post.","The city was rated 41st within the top 50 financial cities as surveyed by the MasterCard Worldwide Centers of Commerce Index (2008), second only to Sydney (12th) in Australia.","Luna Park, a theme park modelled on New York's Coney Island and Seattle's Luna Park, is also a popular destination for visitors.",0.3809826672077179,0.4044937491416931,-0.02351108193397522,0
TRIPLET_00054,Cities,Melbourne,https://en.wikipedia.org/wiki/Melbourne,Economy > Tourism,Economy > Tourism,History > Land boom and bust,Melbourne_SEC_017_SENT_004,Melbourne_SEC_017_SENT_014,Melbourne_SEC_005_SENT_015,"In 2025, the State Library of Victoria was named the third-most popular and the seventh-most beautiful library in the world.",Melbourne is also home to many annual events and festivals.,"The effects of the depression on the city were profound, with virtually no significant construction until the late 1890s.",0.3304625153541565,0.4933549165725708,-0.1628924012184143,0
TRIPLET_00055,Cities,Melbourne,https://en.wikipedia.org/wiki/Melbourne,Media,Media,Demographics > Religion,Melbourne_SEC_023_SENT_008,Melbourne_SEC_023_SENT_005,Melbourne_SEC_021_SENT_010,Triple J and community stations PBS and Triple R strive to play underrepresented music.,Many AM and FM radio stations broadcast to Greater Melbourne.,"As of 2000, Melbourne had the largest population of Polish Jews and Holocaust survivors in Australia, and the largest number of Jewish institutions.",0.4047749638557434,0.20253217220306396,0.20224279165267944,1
TRIPLET_00056,Cities,Melbourne,https://en.wikipedia.org/wiki/Melbourne,Demographics,Demographics,History > Post-war period,Melbourne_SEC_018_SENT_002,Melbourne_SEC_018_SENT_001,Melbourne_SEC_007_SENT_011,"After a trend of declining population density since World War II, the city has seen increased density in the inner and western suburbs, aided in part by Victorian Government planning, such as Postcode 3000 and Melbourne 2030, which have aimed to curtail urban sprawl.","Melbourne added an estimated 105,000 people in 2024–25 and is projected to overtake Sydney as Australia's most populous city sometime between 2032 and 2046.",The Bolte government sought to rapidly accelerate the modernisation of Melbourne.,0.5665751695632935,0.6303790807723999,-0.06380391120910645,0
TRIPLET_00057,Cities,Melbourne,https://en.wikipedia.org/wiki/Melbourne,Transport > Roads,Transport > Roads,Transport > Public transport > Airports,Melbourne_SEC_025_SENT_006,Melbourne_SEC_025_SENT_005,Melbourne_SEC_030_SENT_008,"Road maintenance is undertaken by various bodies depending on road classification: local roads are maintained by local councils, secondary and main roads are the responsibility of the DTP, and major national freeways and corridors integral to trade are overseen by the federal government.","The road network in Victoria is managed by the Department of Transport and Planning (DTP), which oversees planning and integration.","Melbourne also features a significant general aviation airport, Moorabbin Airport, in the city's south-east, which also accommodates a limited number of passenger flights.",0.7536750435829163,0.4151414930820465,0.33853355050086975,1
TRIPLET_00058,Cities,Melbourne,https://en.wikipedia.org/wiki/Melbourne,History > Post-war period,History > Post-war period,Media,Melbourne_SEC_007_SENT_009,Melbourne_SEC_007_SENT_007,Melbourne_SEC_023_SENT_009,"To counter the trend towards low-density suburban residential growth, the state government initiated a series of controversial inner-city public housing projects through the Housing Commission of Victoria, resulting in the demolition of many neighbourhoods and a proliferation of high-rise towers.",New fire regulations and redevelopment saw most of the taller pre-war CBD buildings either demolished or partially retained through a policy of facadism.,"JOY 94.9 caters to gay, lesbian, bisexual, and transgender audiences.",0.7507327795028687,0.2820095121860504,0.46872326731681824,1
TRIPLET_00059,Cities,Melbourne,https://en.wikipedia.org/wiki/Melbourne,Urban structure,Urban structure,Geography,Melbourne_SEC_011_SENT_015,Melbourne_SEC_011_SENT_014,Melbourne_SEC_009_SENT_004,Melbourne's public parks are often considered the finest among those of Australia's major cities.,"There is an abundance of parks and gardens in Melbourne, many close to the CBD, featuring a variety of common and rare plant species amid landscaped vistas, pedestrian pathways, and tree-lined avenues.","The western portion of the metropolitan area lies within the Victorian Volcanic Plain grasslands vegetation community, and the southeast falls in the Gippsland Plains Grassy Woodland zone.",0.631633996963501,0.39032062888145447,0.2413133680820465,1
TRIPLET_00060,Cities,Melbourne,https://en.wikipedia.org/wiki/Melbourne,Name,Name,History > Temporary capital of Australia and World War II,Melbourne_SEC_001_SENT_002,Melbourne_SEC_001_SENT_001,Melbourne_SEC_006_SENT_001,"Different parts of Melbourne had different traditional Indigenous names, though these do not match up exactly with modern council districts.",The Port Phillip area of Victoria was known in the Boonwurrung/Woiwurrung languages as Narrm or Naarm.,"At the time of Australia's federation on 1 January 1901, Melbourne became the seat of government of the federated Commonwealth of Australia.",0.539785623550415,0.3091261386871338,0.23065948486328125,1
TRIPLET_00061,Cities,Melbourne,https://en.wikipedia.org/wiki/Melbourne,Architecture,Architecture,Demographics > Religion,Melbourne_SEC_013_SENT_012,Melbourne_SEC_013_SENT_005,Melbourne_SEC_021_SENT_007,Freestanding dwellings with relatively large gardens are perhaps the most common type of housing outside inner city Melbourne.,"Many of the CBD's Victorian boom-time landmarks were also demolished in the decades after World War II, including the Federal Coffee Palace (1888) and the APA Building (1889), one of the tallest early skyscrapers upon completion.",The largest Christian denominations were Catholicism (20.8%) and Anglicanism (5.5%).,0.4014425277709961,0.4574676752090454,-0.056025147438049316,0
TRIPLET_00062,Cities,Melbourne,https://en.wikipedia.org/wiki/Melbourne,Economy > Tourism,Economy > Tourism,History > Contemporary Melbourne,Melbourne_SEC_017_SENT_012,Melbourne_SEC_017_SENT_010,Melbourne_SEC_008_SENT_010,"Food festivals are particularly popular in Melbourne, many of which are held during early autumn, earning this period the nickname ""mad March"".",Melbourne has a renowned culinary scene that attracts international tourists.,"New urban renewal zones were initiated in inner-city areas like Fisherman's Bend and Arden, while suburban growth continued on the urban periphery in Melbourne's outer west and east in suburbs like Wyndham Vale and Cranbourne.",0.6678246259689331,0.5570806860923767,0.1107439398765564,1
TRIPLET_00063,Cities,Melbourne,https://en.wikipedia.org/wiki/Melbourne,Transport > Public transport > Tram,Transport > Public transport > Tram,Education,Melbourne_SEC_028_SENT_004,Melbourne_SEC_028_SENT_002,Melbourne_SEC_022_SENT_011,Melbourne's trams are recognised as iconic cultural assets and a tourist attraction.,"In 2017–2018, 206.3 million passenger trips were made by tram.","In recent years, the number of international students at Melbourne's universities has risen rapidly, a result of an increasing number of places being made available for them.",0.3210127055644989,0.5682170391082764,-0.24720433354377747,0
TRIPLET_00064,Cities,Melbourne,https://en.wikipedia.org/wiki/Melbourne,History > Land boom and bust,History > Land boom and bust,Transport > Public transport > Train,Melbourne_SEC_005_SENT_013,Melbourne_SEC_005_SENT_011,Melbourne_SEC_027_SENT_009,"Sixteen small land banks and building societies collapsed, and 133 limited companies went into liquidation.",The brash boosterism that had typified Melbourne during that time ended in the early 1890s.,A new AU$15 billion rapid transit heavy rail corridor through the inner city—the Metro Tunnel—opened in late 2025 and became fully operational in February 2026.,0.41214999556541443,0.3829357624053955,0.02921423316001892,1
TRIPLET_00065,Cities,Melbourne,https://en.wikipedia.org/wiki/Melbourne,Infrastructure > Utilities,Infrastructure > Utilities,Infrastructure > Health,Melbourne_SEC_033_SENT_006,Melbourne_SEC_033_SENT_011,Melbourne_SEC_032_SENT_005,"Multinet Gas, which provides gas from Melbourne's inner eastern suburbs to eastern Victoria (owned by SP AusNet after acquisition, but continuing to trade under the brand name Multinet Gas).","United Energy, which provides power to the inner eastern and southeastern suburbs and the Mornington Peninsula.","Other institutions include the Howard Florey Institute, the Murdoch Children's Research Institute, Baker Heart and Diabetes Institute, and the Australian Synchrotron.",0.6926876902580261,0.4659379720687866,0.2267497181892395,1
TRIPLET_00066,Cities,Melbourne,https://en.wikipedia.org/wiki/Melbourne,Transport > Roads,Transport > Roads,Transport > Public transport > Water transport,Melbourne_SEC_025_SENT_009,Melbourne_SEC_025_SENT_007,Melbourne_SEC_031_SENT_003,"Major highways feeding into the city include the Eastern Freeway, Monash Freeway and West Gate Freeway (which spans the large West Gate Bridge).","Today, Melbourne has an extensive network of freeways and arterial roadways.","The port processed 3.39 million twenty-foot equivalent units (TEUs) in 2024, making it one of the top five ports in the Southern Hemisphere.",0.7827926874160767,0.3661126494407654,0.4166800379753113,1
TRIPLET_00067,Cities,Melbourne,https://en.wikipedia.org/wiki/Melbourne,Education,Education,History > British colonisation,Melbourne_SEC_022_SENT_007,Melbourne_SEC_022_SENT_001,Melbourne_SEC_003_SENT_008,"Both are members of the Group of Eight, a coalition of leading Australian tertiary institutions offering comprehensive and leading education.","Of the top twenty high schools in Australia according to the My Choice Schools Ranking, five are in Melbourne.","Batman and his group arrived the following month, and the two groups ultimately agreed to share the settlement, initially known by the Indigenous name of Dootigala.",0.5382199287414551,0.38390371203422546,0.15431621670722961,1
TRIPLET_00068,Cities,Melbourne,https://en.wikipedia.org/wiki/Melbourne,Economy,Economy,Demographics,Melbourne_SEC_016_SENT_004,Melbourne_SEC_016_SENT_012,Melbourne_SEC_018_SENT_002,"The city is home to Australia's second-busiest seaport, after Port Botany in Sydney.","It is also home to a wide variety of other manufacturers, ranging from petrochemicals and pharmaceuticals to fashion garments, paper manufacturing and food processing.","After a trend of declining population density since World War II, the city has seen increased density in the inner and western suburbs, aided in part by Victorian Government planning, such as Postcode 3000 and Melbourne 2030, which have aimed to curtail urban sprawl.",0.12752589583396912,0.5218169689178467,-0.39429107308387756,0
TRIPLET_00069,Cities,Melbourne,https://en.wikipedia.org/wiki/Melbourne,Media,Media,Transport > Public transport > Train,Melbourne_SEC_023_SENT_009,Melbourne_SEC_023_SENT_003,Melbourne_SEC_027_SENT_002,"JOY 94.9 caters to gay, lesbian, bisexual, and transgender audiences.",Each station (excluding C31) broadcasts a primary channel and several multichannels.,"Flinders Street station, one of Australia's busiest rail hubs, serves all lines except the Pakenham, Cranbourne and Sunbury lines, which depart from nearby Town Hall station.",0.2489231824874878,0.3051924705505371,-0.056269288063049316,0
TRIPLET_00070,Cities,Melbourne,https://en.wikipedia.org/wiki/Melbourne,Demographics > Ancestry and immigration,Demographics > Ancestry and immigration,Infrastructure > Health,Melbourne_SEC_019_SENT_001,Melbourne_SEC_019_SENT_002,Melbourne_SEC_032_SENT_003,"At the 2021 census, the most commonly nominated ancestries were: At the 2021 census, 0.7% of Melbourne's population identified as being Indigenous—Aboriginal Australians and Torres Strait Islanders.","In Greater Melbourne at the 2021 census, 59.9% of residents were born in Australia.","The headquarters of Australian pharmaceutical company CSL Limited is located in the Melbourne Biomedical Precinct in Parkville, which contains over 40 biomedical and research institutions.",0.851714015007019,0.5752028822898865,0.27651113271713257,1
TRIPLET_00071,Cities,Melbourne,https://en.wikipedia.org/wiki/Melbourne,Economy,Economy,Architecture,Melbourne_SEC_016_SENT_004,Melbourne_SEC_016_SENT_013,Melbourne_SEC_013_SENT_013,"The city is home to Australia's second-busiest seaport, after Port Botany in Sydney.",The southeastern suburb of Scoresby is home to Nintendo's Australian headquarters.,"Victorian terrace housing, townhouses and historic Italianate, Tudor Revival and Neo-Georgian mansions are all common in inner-city neighbourhoods such as Carlton, Fitzroy and further into suburban enclaves like Toorak.",0.4613940417766571,0.3607344627380371,0.10065957903862,1
TRIPLET_00072,Cities,Melbourne,https://en.wikipedia.org/wiki/Melbourne,Economy > Tourism,Economy > Tourism,Transport > Public transport > Water transport,Melbourne_SEC_017_SENT_011,Melbourne_SEC_017_SENT_007,Melbourne_SEC_031_SENT_004,"Lygon Street, which runs through the inner-northern suburbs of Melbourne, is a popular dining destination featuring an abundance of Italian and Greek restaurants that date back to earlier waves of European immigration to the city.","Melbourne's laneways and arcades are of particular importance for the city's tourism; Hosier Lane, for example, attracted one million visitors annually prior to the COVID-19 pandemic.","Station Pier on Port Phillip Bay serves as the city's primary passenger terminal, accommodating visiting cruise ships.",0.6252926588058472,0.5307867527008057,0.0945059061050415,1
TRIPLET_00073,Cities,Melbourne,https://en.wikipedia.org/wiki/Melbourne,Governance,Governance,Name,Melbourne_SEC_024_SENT_004,Melbourne_SEC_024_SENT_003,Melbourne_SEC_001_SENT_004,"Most other government services are provided or regulated by the Victorian state government, which governs from Parliament House in Spring Street.",The local governments are responsible for providing the functions set out in the Local Government Act 1989 such as urban planning and waste management.,"The wider Port Phillip Bay area is referred to as Naarm in the Woiwurrung language; in the Boonwurrung language, Naarm means ""the Bay"".",0.36652517318725586,0.3404679596424103,0.02605721354484558,1
TRIPLET_00074,Cities,Melbourne,https://en.wikipedia.org/wiki/Melbourne,History > Temporary capital of Australia and World War II,History > Temporary capital of Australia and World War II,History > British colonisation,Melbourne_SEC_006_SENT_003,Melbourne_SEC_006_SENT_001,Melbourne_SEC_003_SENT_011,"The Governor-General of Australia resided at Government House in Melbourne until 1930, and many major national institutions remained in Melbourne well into the twentieth century.","At the time of Australia's federation on 1 January 1901, Melbourne became the seat of government of the federated Commonwealth of Australia.","Previously known under various informal names, the settlement was named Melbourne on 10 April 1837 by Bourke after the British Prime Minister, William Lamb, 2nd Viscount Melbourne, whose seat was Melbourne Hall in the market town of Melbourne, Derbyshire.",0.6637716293334961,0.6654915809631348,-0.0017199516296386719,0
TRIPLET_00075,Cities,Melbourne,https://en.wikipedia.org/wiki/Melbourne,History > British colonisation,History > British colonisation,Transport > Public transport,Melbourne_SEC_003_SENT_019,Melbourne_SEC_003_SENT_002,Melbourne_SEC_026_SENT_005,"Letters patent of Queen Victoria, issued on 25 June 1847, declared Melbourne a city.","The following year, due to a perceived lack of resources, these settlers relocated to Van Diemen's Land (present-day Tasmania) and founded the city of Hobart.","Melbourne's public transport operations were privatised in 1999 through a franchising model, with operational responsibilities for the train, tram and bus networks licensed to private companies.",0.4523378610610962,0.5242846012115479,-0.07194674015045166,0
TRIPLET_00076,Cities,Melbourne,https://en.wikipedia.org/wiki/Melbourne,Geography,Geography,Infrastructure > Utilities,Melbourne_SEC_009_SENT_009,Melbourne_SEC_009_SENT_003,Melbourne_SEC_033_SENT_005,"The nearest surf beaches are 85 kilometres (53 mi) south of the Melbourne CBD in the back-beaches of Rye, Sorrento and Portsea.","The southeastern suburbs are situated on the Selwyn fault, which transects Mount Martha and Cranbourne.","Gas is provided by three distribution companies: AusNet Services, which provides gas from Melbourne's inner western suburbs to southwestern Victoria.",0.6303722262382507,0.5678147077560425,0.06255751848220825,1
TRIPLET_00077,Cities,Melbourne,https://en.wikipedia.org/wiki/Melbourne,Education,Education,Demographics,Melbourne_SEC_022_SENT_007,Melbourne_SEC_022_SENT_012,Melbourne_SEC_018_SENT_002,"Both are members of the Group of Eight, a coalition of leading Australian tertiary institutions offering comprehensive and leading education.","Education in Melbourne is overseen by the Victorian Department of Education (DET), whose role is to 'provide policy and planning advice for the delivery of education'.","After a trend of declining population density since World War II, the city has seen increased density in the inner and western suburbs, aided in part by Victorian Government planning, such as Postcode 3000 and Melbourne 2030, which have aimed to curtail urban sprawl.",0.6545267105102539,0.39076000452041626,0.26376670598983765,1
TRIPLET_00078,Cities,Melbourne,https://en.wikipedia.org/wiki/Melbourne,History > Contemporary Melbourne,History > Contemporary Melbourne,Geography,Melbourne_SEC_008_SENT_005,Melbourne_SEC_008_SENT_001,Melbourne_SEC_009_SENT_008,"From 2006, the growth of the city extended into ""green wedges"" and beyond the city's urban growth boundary.","Since the mid-1990s, Melbourne has maintained significant population and employment growth.","Melbourne's major bayside beaches are in the various suburbs along the shores of Port Phillip Bay, in areas like Port Melbourne, Albert Park, St Kilda, Elwood, Brighton, Sandringham, Mentone, Frankston, Altona, Williamstown and Werribee South.",0.600515604019165,0.4161418080329895,0.18437379598617554,1
TRIPLET_00079,Cities,Melbourne,https://en.wikipedia.org/wiki/Melbourne,Demographics > Religion,Demographics > Religion,Geography,Melbourne_SEC_021_SENT_004,Melbourne_SEC_021_SENT_003,Melbourne_SEC_009_SENT_009,"In recent years, Greater Melbourne's irreligious community has grown to be one of the largest in Australia.",Both were built in the Victorian era and are of considerable heritage significance as major landmarks of the city.,"The nearest surf beaches are 85 kilometres (53 mi) south of the Melbourne CBD in the back-beaches of Rye, Sorrento and Portsea.",0.6119745373725891,0.3019779324531555,0.3099966049194336,1
TRIPLET_00080,Cities,Melbourne,https://en.wikipedia.org/wiki/Melbourne,Transport > Public transport > Tram,Transport > Public transport > Tram,History > Temporary capital of Australia and World War II,Melbourne_SEC_028_SENT_002,Melbourne_SEC_028_SENT_004,Melbourne_SEC_006_SENT_004,"In 2017–2018, 206.3 million passenger trips were made by tram.",Melbourne's trams are recognised as iconic cultural assets and a tourist attraction.,"During World War II, the city hosted American military forces who were fighting the Empire of Japan, and the government requisitioned the Melbourne Cricket Ground for military use.",0.3210127055644989,0.2804853320121765,0.04052737355232239,1
TRIPLET_00081,Cities,Melbourne,https://en.wikipedia.org/wiki/Melbourne,History > Land boom and bust,History > Land boom and bust,Transport > Roads,Melbourne_SEC_005_SENT_001,Melbourne_SEC_005_SENT_002,Melbourne_SEC_025_SENT_009,"The 1880s saw extraordinary growth: consumer confidence, easy access to credit, and steep increases in land prices led to an enormous amount of construction.","During this ""land boom"", Melbourne reputedly became the richest city in the world, and the second-largest (after London) in the British Empire.","Major highways feeding into the city include the Eastern Freeway, Monash Freeway and West Gate Freeway (which spans the large West Gate Bridge).",0.6224288940429688,0.4481828808784485,0.17424601316452026,1
TRIPLET_00082,Cities,Melbourne,https://en.wikipedia.org/wiki/Melbourne,Media,Media,Transport > Public transport > Bus,Melbourne_SEC_023_SENT_008,Melbourne_SEC_023_SENT_003,Melbourne_SEC_029_SENT_002,Triple J and community stations PBS and Triple R strive to play underrepresented music.,Each station (excluding C31) broadcasts a primary channel and several multichannels.,"In the 2023–24 financial year, 114.9 million passenger trips were recorded on Melbourne's buses, an increase of 15.2% over the previous period.",0.3271442949771881,0.1292981654405594,0.19784612953662872,1
TRIPLET_00083,Cities,Melbourne,https://en.wikipedia.org/wiki/Melbourne,Demographics,Demographics,Transport > Public transport > Tram,Melbourne_SEC_018_SENT_003,Melbourne_SEC_018_SENT_002,Melbourne_SEC_028_SENT_005,"As of 2025, the CBD is the most densely populated area in Australia, with more than 43,000 residents per square kilometre; the inner-city suburbs of Carlton, South Yarra, Fitzroy, and Collingwood complete Victoria's top five.","After a trend of declining population density since World War II, the city has seen increased density in the inner and western suburbs, aided in part by Victorian Government planning, such as Postcode 3000 and Melbourne 2030, which have aimed to curtail urban sprawl.",Heritage trams operate on the free City Circle route around the CBD.,0.47293198108673096,0.34168606996536255,0.1312459111213684,1
TRIPLET_00084,Cities,Melbourne,https://en.wikipedia.org/wiki/Melbourne,Economy > Tourism,Economy > Tourism,History > Indigenous people,Melbourne_SEC_017_SENT_013,Melbourne_SEC_017_SENT_017,Melbourne_SEC_002_SENT_009,"The most well-known of these events, the Melbourne Food and Wine Festival, takes place over the course of ten days and began in 1993.","Other notable festivals and events include the Melbourne Flower and Garden Show, the Melbourne International Jazz Festival, the Melbourne Royal Show and the Midsumma Festival.","Before this, the dry Melbourne region extended out into the Bay, which was filled with tea-tree scrub where boorrimul (emu) and marram (kangaroo) were hunted.",0.5584113001823425,0.41589921712875366,0.14251208305358887,1
TRIPLET_00085,Cities,Melbourne,https://en.wikipedia.org/wiki/Melbourne,Demographics,Demographics,Architecture,Melbourne_SEC_018_SENT_001,Melbourne_SEC_018_SENT_003,Melbourne_SEC_013_SENT_006,"Melbourne added an estimated 105,000 people in 2024–25 and is projected to overtake Sydney as Australia's most populous city sometime between 2032 and 2046.","As of 2025, the CBD is the most densely populated area in Australia, with more than 43,000 residents per square kilometre; the inner-city suburbs of Carlton, South Yarra, Fitzroy, and Collingwood complete Victoria's top five.",Heritage listings and heritage overlays have since been introduced in an effort to prevent further losses of the city's historic fabric.,0.8067597150802612,0.22468647360801697,0.5820732414722443,1
TRIPLET_00086,Cities,Melbourne,https://en.wikipedia.org/wiki/Melbourne,Economy,Economy,Urban structure > Housing,Melbourne_SEC_016_SENT_004,Melbourne_SEC_016_SENT_013,Melbourne_SEC_012_SENT_006,"The city is home to Australia's second-busiest seaport, after Port Botany in Sydney.",The southeastern suburb of Scoresby is home to Nintendo's Australian headquarters.,"However, since the release of Melbourne 2030 in 2002, planning policies have encouraged medium- and high-density development in existing areas with good access to public transport and other services.",0.4613940417766571,0.41537773609161377,0.046016305685043335,1
TRIPLET_00087,Cities,Melbourne,https://en.wikipedia.org/wiki/Melbourne,Media,Media,History > Land boom and bust,Melbourne_SEC_023_SENT_002,Melbourne_SEC_023_SENT_009,Melbourne_SEC_005_SENT_007,"There are six primary free-to-air digital television stations operating in Greater Melbourne and Geelong: ABC Victoria (ABV), SBS Victoria (SBS), Seven Melbourne (HSV), Nine Melbourne (GTV), Ten Melbourne (ATV), C31 Melbourne (MGV) – community television.","JOY 94.9 caters to gay, lesbian, bisexual, and transgender audiences.","In 1885, visiting English journalist George Augustus Henry Sala and Joe Harold coined the phrase ""Marvellous Melbourne"", which stuck long into the twentieth century and has come to refer to the opulence and energy of the 1880s, during which time large commercial buildings, grand hotels, banks, coffee palaces, terrace housing and palatial mansions proliferated in the city.",0.38129186630249023,0.4150736629962921,-0.03378179669380188,0
TRIPLET_00088,Cities,Melbourne,https://en.wikipedia.org/wiki/Melbourne,History > Victorian gold rush,History > Victorian gold rush,Transport > Public transport > Water transport,Melbourne_SEC_004_SENT_008,Melbourne_SEC_004_SENT_011,Melbourne_SEC_031_SENT_001,"The 1850s and 1860s saw the commencement of Parliament House, the Treasury Building, the Old Melbourne Gaol, Victoria Barracks, the State Library, the University of Melbourne, the General Post Office, Customs House, the Melbourne Town Hall, and St Patrick's Cathedral, though many remained incomplete for decades.","Melbourne quickly became a major finance centre, home to several banks, the Royal Mint, and (in 1861) Australia's first stock exchange.",Maritime shipping is an essential component of Melbourne's freight and transport system.,0.5951164960861206,0.3863404095172882,0.2087760865688324,1
TRIPLET_00089,Cities,Melbourne,https://en.wikipedia.org/wiki/Melbourne,Architecture,Architecture,Demographics,Melbourne_SEC_013_SENT_007,Melbourne_SEC_013_SENT_008,Melbourne_SEC_018_SENT_002,"In line with the city's expansion during the early 20th century, suburbs such as Hawthorn and Camberwell are defined largely by Federation and Edwardian architectural styles.","The City Baths, built in 1903, are a prominent example of the latter style in the CBD.","After a trend of declining population density since World War II, the city has seen increased density in the inner and western suburbs, aided in part by Victorian Government planning, such as Postcode 3000 and Melbourne 2030, which have aimed to curtail urban sprawl.",0.676181435585022,0.6186286211013794,0.05755281448364258,1
TRIPLET_00090,Cities,Melbourne,https://en.wikipedia.org/wiki/Melbourne,Governance,Governance,Transport > Public transport,Melbourne_SEC_024_SENT_004,Melbourne_SEC_024_SENT_005,Melbourne_SEC_026_SENT_006,"Most other government services are provided or regulated by the Victorian state government, which governs from Parliament House in Spring Street.","These encompass services typically associated with local government in other countries, such as public transport, main roads, traffic control, policing, education above preschool level, healthcare, and the planning of major infrastructure projects.","After 1996, rapid employment growth in central Melbourne drove an increase in public transport patronage, with public transport accounting for 14.8% of work trips and 8.4% of all trips.",0.6029618978500366,0.49240124225616455,0.11056065559387207,1
TRIPLET_00091,Cities,Melbourne,https://en.wikipedia.org/wiki/Melbourne,Transport > Roads,Transport > Roads,Geography,Melbourne_SEC_025_SENT_006,Melbourne_SEC_025_SENT_007,Melbourne_SEC_009_SENT_008,"Road maintenance is undertaken by various bodies depending on road classification: local roads are maintained by local councils, secondary and main roads are the responsibility of the DTP, and major national freeways and corridors integral to trade are overseen by the federal government.","Today, Melbourne has an extensive network of freeways and arterial roadways.","Melbourne's major bayside beaches are in the various suburbs along the shores of Port Phillip Bay, in areas like Port Melbourne, Albert Park, St Kilda, Elwood, Brighton, Sandringham, Mentone, Frankston, Altona, Williamstown and Werribee South.",0.5343018770217896,0.45939868688583374,0.07490319013595581,1
TRIPLET_00092,Cities,Melbourne,https://en.wikipedia.org/wiki/Melbourne,History > Indigenous people,History > Indigenous people,Demographics > Religion,Melbourne_SEC_002_SENT_003,Melbourne_SEC_002_SENT_001,Melbourne_SEC_021_SENT_001,It was an important meeting place for the clans of the Kulin nation alliance and a vital source of food and water.,"Aboriginal Australians have lived in the Melbourne area for at least 40,000 years.","Melbourne has a wide range of religious faiths, the most widely held of which is Christianity.",0.3085675835609436,0.3998076915740967,-0.09124010801315308,0
TRIPLET_00093,Cities,Melbourne,https://en.wikipedia.org/wiki/Melbourne,Urban structure > Housing,Urban structure > Housing,Economy,Melbourne_SEC_012_SENT_006,Melbourne_SEC_012_SENT_003,Melbourne_SEC_016_SENT_009,"However, since the release of Melbourne 2030 in 2002, planning policies have encouraged medium- and high-density development in existing areas with good access to public transport and other services.","Melbourne is experiencing high population growth, generating high demand for housing.","The city has carved out a niche as Australia's leading centre for superannuation (pension) funds, with 40% of the total, and 65% of industry super-funds including the AU$109 billion Federal Government Future Fund.",0.6474756002426147,0.4707067310810089,0.17676886916160583,1
TRIPLET_00094,Cities,Melbourne,https://en.wikipedia.org/wiki/Melbourne,Education,Education,History > British colonisation,Melbourne_SEC_022_SENT_002,Melbourne_SEC_022_SENT_004,Melbourne_SEC_003_SENT_016,"There has also been a rapid increase in the number of international students studying in the city, with Melbourne considered the fifth-best student city in the world for studying abroad in the 2026 Best Student Cities ranking by QS.",Melbourne universities have campuses throughout Australia and overseas.,"However, Aboriginal people continued to live near the settlement, and by January 1844, there were said to be 675 residing in squalid camps around Melbourne.",0.4062826633453369,0.4658922851085663,-0.05960962176322937,0
TRIPLET_00095,Cities,Melbourne,https://en.wikipedia.org/wiki/Melbourne,Demographics > Ancestry and immigration,Demographics > Ancestry and immigration,Transport > Roads,Melbourne_SEC_019_SENT_003,Melbourne_SEC_019_SENT_002,Melbourne_SEC_025_SENT_014,"The other most common countries of birth were India (4.9%), Mainland China (3.4%), England (2.7%), Vietnam (1.8%) and New Zealand (1.7%).","In Greater Melbourne at the 2021 census, 59.9% of residents were born in Australia.","Apart from EastLink, which is owned and operated by ConnectEast, toll roads in Melbourne are operated by the private company Transurban.",0.4978017807006836,0.4474373459815979,0.05036443471908569,1
TRIPLET_00096,Cities,Melbourne,https://en.wikipedia.org/wiki/Melbourne,Geography,Geography,Demographics > Ancestry and immigration,Melbourne_SEC_009_SENT_002,Melbourne_SEC_009_SENT_005,Melbourne_SEC_019_SENT_003,"Geologically, it is built on the confluence of Quaternary lava flows to the west, Silurian mudstones to the east, and Holocene sand accumulation to the southeast along Port Phillip.","Melbourne extends northward through the undulating bushland valleys of the Yarra Valley's tributaries—Moonee Ponds Creek (toward Melbourne Airport), Merri Creek, Darebin Creek and Plenty River.","The other most common countries of birth were India (4.9%), Mainland China (3.4%), England (2.7%), Vietnam (1.8%) and New Zealand (1.7%).",0.475284218788147,0.2800583839416504,0.19522583484649658,1
TRIPLET_00097,Cities,Melbourne,https://en.wikipedia.org/wiki/Melbourne,Demographics > Language,Demographics > Language,History > Victorian gold rush,Melbourne_SEC_020_SENT_002,Melbourne_SEC_020_SENT_001,Melbourne_SEC_004_SENT_020,"Mandarin (4.3%), Vietnamese (2.3%), Greek (2.1%), Punjabi (2%), and Arabic (1.8%) were the most common foreign languages spoken at home by residents of Melbourne.","At the time of the 2021 census, 61.1% of Melburnians spoke only English at home.","The Aboriginal population continued to decline, with an estimated 80% total decrease by 1863, due primarily to introduced diseases (particularly smallpox), frontier violence and dispossession of their lands.",0.5750678777694702,0.4593127369880676,0.11575514078140259,1
TRIPLET_00098,Cities,Melbourne,https://en.wikipedia.org/wiki/Melbourne,Architecture,Architecture,History > Indigenous people,Melbourne_SEC_013_SENT_011,Melbourne_SEC_013_SENT_010,Melbourne_SEC_002_SENT_001,"Residential architecture is not defined by a single architectural style, but rather by an eclectic mix of large McMansion-style houses (particularly in areas of urban sprawl), apartment buildings and townhouses, all of which generally characterise the medium-density inner-city neighbourhoods.","The city also features the Shrine of Remembrance, which was built as a memorial to the men and women of Victoria who served in World War I and is now a memorial to all Australians who have served in war.","Aboriginal Australians have lived in the Melbourne area for at least 40,000 years.",0.2791966497898102,0.3106379210948944,-0.03144127130508423,0
TRIPLET_00099,Cities,Melbourne,https://en.wikipedia.org/wiki/Melbourne,Transport > Public transport > Tram,Transport > Public transport > Tram,Transport > Public transport > Airports,Melbourne_SEC_028_SENT_001,Melbourne_SEC_028_SENT_002,Melbourne_SEC_030_SENT_009,"Melbourne's tram network dates from the 1880s land boom and, as of 2021, consists of 250 km (155.3 mi) of double track, 475 trams, 25 routes, and 1,763 tram stops, making it the largest in the world.","In 2017–2018, 206.3 million passenger trips were made by tram.","Essendon Airport, once the city's principal airport, handles regional passenger flights, general aviation, and air cargo services.",0.7543555498123169,0.437470018863678,0.3168855309486389,1
TRIPLET_00100,Cities,Melbourne,https://en.wikipedia.org/wiki/Melbourne,Transport > Public transport > Bus,Transport > Public transport > Bus,History > Post-war period,Melbourne_SEC_029_SENT_001,Melbourne_SEC_029_SENT_002,Melbourne_SEC_007_SENT_014,Melbourne's bus network consists of more than 400 routes which mainly service the outer suburbs and fill the gaps in the network between rail and tram services.,"In the 2023–24 financial year, 114.9 million passenger trips were recorded on Melbourne's buses, an increase of 15.2% over the previous period.","Nauru's then booming economy resulted in several ambitious investments in Melbourne, such as Nauru House.",0.6390203237533569,0.4471145570278168,0.19190576672554016,1
TRIPLET_00101,Cities,Brisbane,https://en.wikipedia.org/wiki/Brisbane,Economy > Retail,Economy > Retail,Demographics > Religion,Brisbane_SEC_016_SENT_005,Brisbane_SEC_016_SENT_006,Brisbane_SEC_014_SENT_002,Brisbane's major factory outlet centres are the Direct Factory Outlets at Skygate and Jindalee.,"The 100-hectare (250-acre) Brisbane Markets at Rocklea are Brisbane's largest wholesale markets, whilst smaller markets operate at numerous locations throughout the city including South Bank Parklands, Davies Park in West End, Queensland, and the Eat Street Markets at Hamilton.","Brisbane's most popular religion at the 2021 census was Christianity at 44.3%, the most popular denominations of which were Catholicism (18.6%) and Anglicanism (9.7%).",0.7264951467514038,0.41890785098075867,0.30758729577064514,1
TRIPLET_00102,Cities,Brisbane,https://en.wikipedia.org/wiki/Brisbane,Media > Television,Media > Television,Infrastructure > Transport > Bridges,Brisbane_SEC_036_SENT_002,Brisbane_SEC_036_SENT_004,Brisbane_SEC_026_SENT_001,"The three commercial stations, Seven, Nine, and 10, are accompanied by two government networks, ABC and SBS.","Optus and Foxtel operates Pay TV services in Brisbane, via cable and satellite means.",The Brisbane River creates a barrier to road transport routes.,0.6831369400024414,0.43344953656196594,0.24968740344047546,1
TRIPLET_00103,Cities,Brisbane,https://en.wikipedia.org/wiki/Brisbane,Media > Print,Media > Print,Governance,Brisbane_SEC_035_SENT_001,Brisbane_SEC_035_SENT_002,Brisbane_SEC_021_SENT_007,"The main local print newspapers of Brisbane are The Courier-Mail and its sibling The Sunday Mail, both owned by News Corporation.","Brisbane also receives the national daily, The Australian and its sibling the Weekend Australian.","As the capital city of Queensland, Brisbane is home to the Parliament of Queensland at Parliament House at Gardens Point in the CBD, adjacent to Old Government House.",0.7749724388122559,0.6477317810058594,0.12724065780639648,1
TRIPLET_00104,Cities,Brisbane,https://en.wikipedia.org/wiki/Brisbane,Infrastructure > Transport > Roads,Infrastructure > Transport > Roads,History > Indigenous prehistory,Brisbane_SEC_025_SENT_005,Brisbane_SEC_025_SENT_011,Brisbane_SEC_002_SENT_002,The Bruce Highway and Gympie Arterial Road (M1/M3) connect the city's northern suburbs with the Sunshine Coast and northern Queensland.,They are the three longest road tunnels in Australia.,"The Brisbane River (Maiwar) formed the heart of cultural, economic and ceremonial life, with major camps at Barambin (York's Hollow), Woolloon-cappem (Kurilpa) and Musgrave Park.",0.4718223214149475,0.6576859951019287,-0.1858636736869812,0
TRIPLET_00105,Cities,Brisbane,https://en.wikipedia.org/wiki/Brisbane,Culture and sport > Annual events,Culture and sport > Annual events,History > 18th and 19th centuries,Brisbane_SEC_018_SENT_005,Brisbane_SEC_018_SENT_004,Brisbane_SEC_003_SENT_002,The Brisbane International Film Festival (BIFF) is held in July/August each year in a variety of venues around Brisbane.,"It includes Riverfire, one of the Queensland's largest annual fireworks displays, which is attended by hundreds of thousands of residents.",The first outpost was founded at Redcliffe in 1824 before relocating to North Quay in 1825.,0.5984863042831421,0.3738531470298767,0.22463315725326538,1
TRIPLET_00106,Cities,Brisbane,https://en.wikipedia.org/wiki/Brisbane,Governance,Governance,Demographics,Brisbane_SEC_021_SENT_009,Brisbane_SEC_021_SENT_013,Brisbane_SEC_012_SENT_001,The bulk of the state government's executive offices are located at the 1 William Street skyscraper.,The Royal Australian Navy's HMAS Moreton base is located at Bulimba.,"Brisbane's Greater Capital City Statistical Area includes the Local Government Areas of City of Brisbane, City of Ipswich, City of Moreton Bay, Logan City and Redland City, as well as parts of Lockyer Valley Region, Scenic Rim Region and Somerset Region, which form a continuous metropolitan area.",0.4498603641986847,0.5945242643356323,-0.14466390013694763,0
TRIPLET_00107,Cities,Brisbane,https://en.wikipedia.org/wiki/Brisbane,Culture and sport > Annual events,Culture and sport > Annual events,Urban structure > Parklands,Brisbane_SEC_018_SENT_010,Brisbane_SEC_018_SENT_003,Brisbane_SEC_010_SENT_008,"There are also many smaller community events such as the Paniyiri Greek Festival (held over two days in May), the Brisbane Medieval Fayre and Tournament (held each June), the Bridge to Brisbane charity fun run, the Anywhere Festival and the Caxton Street Seafood and Wine Festival.","The Brisbane Festival is held each September at South Bank Parklands, the CBD and surrounding areas.","The Boondall Wetlands in the suburb of Boondall include 1,100 hectares of wetlands which are home to mangroves and shorebirds as well as walking tracks.",0.6124865412712097,0.5059157609939575,0.1065707802772522,1
TRIPLET_00108,Cities,Brisbane,https://en.wikipedia.org/wiki/Brisbane,Infrastructure > Transport > Bridges,Infrastructure > Transport > Bridges,Demographics > Ancestry and immigration,Brisbane_SEC_026_SENT_002,Brisbane_SEC_026_SENT_001,Brisbane_SEC_013_SENT_005,"In total there are eighteen bridges over the river, mostly concentrated in the inner city area.",The Brisbane River creates a barrier to road transport routes.,"The areas of Sunnybank, Sunnybank Hills, Stretton, Robertson, Calamvale, Macgregor, Eight Mile Plains, Runcorn, and Rochedale, are home to a large proportion of Brisbane's Mainland China, Taiwan and Hong Kong-born population, with Chinese being the most commonly-reported ancestry in each of these areas.",0.42817223072052,0.4167080521583557,0.011464178562164307,1
TRIPLET_00109,Cities,Brisbane,https://en.wikipedia.org/wiki/Brisbane,Infrastructure > Transport > Airports,Infrastructure > Transport > Airports,Demographics,Brisbane_SEC_031_SENT_005,Brisbane_SEC_031_SENT_002,Brisbane_SEC_012_SENT_002,"The airport is served by the Airtrain service which runs on the Airport line, providing a direct service to the CBD.",It is located north-east of the city centre on Moreton Bay and provides domestic and international passenger services.,"The Australian Bureau of Statistics estimates that the population of Greater Brisbane is 2,833,524 as of June 2025, making it the third-largest city in Australia.",0.7015265226364136,0.2051505148410797,0.49637600779533386,1
TRIPLET_00110,Cities,Brisbane,https://en.wikipedia.org/wiki/Brisbane,History > 20th century,History > 20th century,Demographics > Religion,Brisbane_SEC_004_SENT_010,Brisbane_SEC_004_SENT_006,Brisbane_SEC_014_SENT_004,"In response, an artistic counter-cultural movement took shape, and Brisbane's cultural scene became one of the earliest punk rock centres.","Wartime conditions reshaped daily life, from rationing and rapid military construction to social pressures that culminated in incidents such as the Battle of Brisbane in 1942.","The most popular non-Christian religions at the 2021 census were Hindu (2%), Buddhist (1.9%), and Muslim (1.8%).",0.516198992729187,0.24292966723442078,0.27326932549476624,1
TRIPLET_00111,Cities,Brisbane,https://en.wikipedia.org/wiki/Brisbane,Urban structure > Parklands,Urban structure > Parklands,Infrastructure > Transport,Brisbane_SEC_010_SENT_001,Brisbane_SEC_010_SENT_004,Brisbane_SEC_024_SENT_003,"Brisbane's major parklands include the riverside City Botanic Gardens at Gardens Point, Roma Street Parkland, the 27-hectare Victoria Park at Spring Hill and Herston, South Bank Parklands along the river at South Bank, the Brisbane Botanic Gardens at Mount Coot-tha and the riverside New Farm Park at New Farm.",The Glass House Mountains National Park is located to the north of the metropolitan area in the Glass House Mountains and provides green space between the Brisbane metropolitan area and the Sunshine Coast.,"Public transport is provided by rail, bus and ferry services and is coordinated by Translink, which provides a unified ticketing and electronic payment system (known as go card) for South East Queensland.",0.6539809703826904,0.6263041496276855,0.027676820755004883,1
TRIPLET_00112,Cities,Brisbane,https://en.wikipedia.org/wiki/Brisbane,Geography and environment > Climate,Geography and environment > Climate,Demographics,Brisbane_SEC_008_SENT_004,Brisbane_SEC_008_SENT_023,Brisbane_SEC_012_SENT_002,"Due to its proximity to the Coral Sea and a warm ocean current, Brisbane's overall temperature variability is somewhat less than most Australian capitals.","The more common risk is from ex-tropical cyclones (tropical low systems), which typically bring destructive winds and flooding rains.","The Australian Bureau of Statistics estimates that the population of Greater Brisbane is 2,833,524 as of June 2025, making it the third-largest city in Australia.",0.4697084128856659,0.38651424646377563,0.08319416642189026,1
TRIPLET_00113,Cities,Brisbane,https://en.wikipedia.org/wiki/Brisbane,Geography and environment > Ecology,Geography and environment > Ecology,History > 21st century,Brisbane_SEC_007_SENT_001,Brisbane_SEC_007_SENT_004,Brisbane_SEC_005_SENT_003,"Brisbane is located within the South East Queensland biogeographic region, and is home to numerous Eucalyptus varieties.",Some of the banks of the Brisbane River and Moreton Bay are home to mangrove wetlands.,"The city also became increasingly multicultural, with sustained migration from Asia and the Pacific contributing to demographic growth in the outer suburbs and the emergence of new cultural and commercial districts across the metropolitan area.",0.6675448417663574,0.38500815629959106,0.28253668546676636,1
TRIPLET_00114,Cities,Brisbane,https://en.wikipedia.org/wiki/Brisbane,History > 20th century,History > 20th century,Governance,Brisbane_SEC_004_SENT_007,Brisbane_SEC_004_SENT_008,Brisbane_SEC_021_SENT_003,"The post-war era brought large-scale immigration, suburban expansion, and rising car ownership.","Severe floods such as the 1974 flood caused extensive damage and prompted major changes in water management, including the construction of Wivenhoe Dam.","The remainder of the metropolitan area falls into the LGAs of Logan City to the south, City of Moreton Bay in the northern suburbs, the City of Ipswich to the south west, Redland City to the south east, and into the Somerset, Scenic Rim and Lockyer Valley regions on the urban periphery.",0.47090837359428406,0.33479374647140503,0.13611462712287903,1
TRIPLET_00115,Cities,Brisbane,https://en.wikipedia.org/wiki/Brisbane,Infrastructure > Transport,Infrastructure > Transport,Demographics > Religion,Brisbane_SEC_024_SENT_002,Brisbane_SEC_024_SENT_003,Brisbane_SEC_014_SENT_001,"Like all Australian cities, the most popular mode of transport is private car.","Public transport is provided by rail, bus and ferry services and is coordinated by Translink, which provides a unified ticketing and electronic payment system (known as go card) for South East Queensland.","At the 2021 census, the most commonly cited religious affiliation was ""No religion"" (41.4%).",0.37485480308532715,0.44942018389701843,-0.07456538081169128,0
TRIPLET_00116,Cities,Brisbane,https://en.wikipedia.org/wiki/Brisbane,Governance > Politics,Governance > Politics,Demographics > Ancestry and immigration,Brisbane_SEC_022_SENT_004,Brisbane_SEC_022_SENT_002,Brisbane_SEC_013_SENT_007,"In the House of Representatives, Brisbane is represented by 13 single-member electoral divisions.","The City of Brisbane is by far the largest and the most populated of the five, and Brisbane City Council has 27 members: 26 councillors elected from single-member wards and one directly elected Lord Mayor.",The Indian-born are the largest immigrant group in Chermside.,0.5993430614471436,0.30343466997146606,0.2959083914756775,1
TRIPLET_00117,Cities,Brisbane,https://en.wikipedia.org/wiki/Brisbane,Economy > Retail,Economy > Retail,Urban structure > Parklands,Brisbane_SEC_016_SENT_001,Brisbane_SEC_016_SENT_003,Brisbane_SEC_010_SENT_005,"Retail in the CBD is centred around the Queen Street Mall, which is Queensland's largest pedestrian mall.",There are historical shopping arcades at Brisbane Arcade and Tattersalls Arcade.,The Tamborine National Park at Tamborine Mountain is located in the Gold Coast hinterland to the south of the metropolitan area.,0.6723761558532715,0.43086862564086914,0.24150753021240234,1
TRIPLET_00118,Cities,Brisbane,https://en.wikipedia.org/wiki/Brisbane,History > 20th century,History > 20th century,Infrastructure > Transport > Ferry,Brisbane_SEC_004_SENT_010,Brisbane_SEC_004_SENT_005,Brisbane_SEC_029_SENT_005,"In response, an artistic counter-cultural movement took shape, and Brisbane's cultural scene became one of the earliest punk rock centres.","General Douglas MacArthur established his headquarters in the city at MacArthur Chambers, and large numbers of American and Australian personnel were stationed throughout the metropolitan area.","There are tourist passenger ferries that depart the Brisbane River at Pinkenba to Tangalooma on Moreton Island four times daily, and Micat 4WD car ferries that depart from the Port of Brisbane daily.",0.4028063416481018,0.3060116767883301,0.09679466485977173,1
TRIPLET_00119,Cities,Brisbane,https://en.wikipedia.org/wiki/Brisbane,Economy > Retail,Economy > Retail,History > 18th and 19th centuries,Brisbane_SEC_016_SENT_006,Brisbane_SEC_016_SENT_005,Brisbane_SEC_003_SENT_008,"The 100-hectare (250-acre) Brisbane Markets at Rocklea are Brisbane's largest wholesale markets, whilst smaller markets operate at numerous locations throughout the city including South Bank Parklands, Davies Park in West End, Queensland, and the Eat Street Markets at Hamilton.",Brisbane's major factory outlet centres are the Direct Factory Outlets at Skygate and Jindalee.,"Raids and ambushes were carried out across the developing settlement, including at Breakfast Creek, South Brisbane, the Sandgate district and the Pine Rivers.",0.7264951467514038,0.514889121055603,0.21160602569580078,1
TRIPLET_00120,Cities,Brisbane,https://en.wikipedia.org/wiki/Brisbane,Infrastructure > Transport,Infrastructure > Transport,Demographics,Brisbane_SEC_024_SENT_002,Brisbane_SEC_024_SENT_004,Brisbane_SEC_012_SENT_002,"Like all Australian cities, the most popular mode of transport is private car.","The region is divided into seven fare zones radiating outwards from the Brisbane central business district (CBD), with Brisbane's built-up area falling within zones 1–3.","The Australian Bureau of Statistics estimates that the population of Greater Brisbane is 2,833,524 as of June 2025, making it the third-largest city in Australia.",0.2863106429576874,0.5228837728500366,-0.23657312989234924,0
TRIPLET_00121,Cities,Brisbane,https://en.wikipedia.org/wiki/Brisbane,Media > Radio,Media > Radio,Infrastructure > Transport > Airports,Brisbane_SEC_037_SENT_002,Brisbane_SEC_037_SENT_003,Brisbane_SEC_031_SENT_006,"Brisbane is serviced by numerous major commercial and community radio stations including 4BC (local and national talk, news and current affairs); SENQ (sport); 4BH (classic hits); KIIS 97.3 (pop); B105 (pop); Nova 106.9 (top 40); Triple M (rock); 96five Family FM (Christian/pop); Radio TAB (betting); and 4MBS (classical).",Brisbane is also serviced by community radio stations such as VAC Radio (Mandarin); Radio Brisvaani (Hindi); Radio Arabic (Arabic); 4EB (multiple languages); 98.9 FM (indigenous); 4RPH (vision impaired); Switch 1197 (youth broadcasting); 4ZZZ (community radio); and Vision Christian Radio (Christian).,"Archerfield Airport in Brisbane's southern suburbs, Redcliffe Airport on the Redcliffe Peninsula and Caboolture Airfield in the far north of the metropolitan area serve Brisbane as general aviation airports.",0.8368169069290161,0.539003312587738,0.2978135943412781,1
TRIPLET_00122,Cities,Brisbane,https://en.wikipedia.org/wiki/Brisbane,Culture and sport > Annual events,Culture and sport > Annual events,Economy,Brisbane_SEC_018_SENT_003,Brisbane_SEC_018_SENT_011,Brisbane_SEC_015_SENT_005,"The Brisbane Festival is held each September at South Bank Parklands, the CBD and surrounding areas.",Major events are often held at the 171 km2 (66 sq mi) Brisbane Convention & Exhibition Centre in South Brisbane.,It is the 3rd busiest port in Australia for value of goods.,0.6746179461479187,0.33831968903541565,0.33629825711250305,1
TRIPLET_00123,Cities,Brisbane,https://en.wikipedia.org/wiki/Brisbane,Infrastructure > Transport > Pedestrian,Infrastructure > Transport > Pedestrian,Infrastructure > Transport > Seaport,Brisbane_SEC_030_SENT_003,Brisbane_SEC_030_SENT_001,Brisbane_SEC_032_SENT_008,The longest span of the Riverwalk connects Newstead in the east with Toowong in the west.,An extensive network of pedestrian and cyclist pathways span the banks of the Brisbane River in the inner suburbs to form the Riverwalk network.,The Brisbane International Cruise Terminal at Luggage Point in Pinkenba on the north side of the river opposite the Port of Brisbane is able to accommodate the largest cruise vessels in the world.,0.4956533908843994,0.6427720785140991,-0.1471186876296997,0
TRIPLET_00124,Cities,Brisbane,https://en.wikipedia.org/wiki/Brisbane,Infrastructure > Transport > Seaport,Infrastructure > Transport > Seaport,Demographics > Religion,Brisbane_SEC_032_SENT_002,Brisbane_SEC_032_SENT_008,Brisbane_SEC_014_SENT_001,It is the third busiest port in Australia for value of goods.,The Brisbane International Cruise Terminal at Luggage Point in Pinkenba on the north side of the river opposite the Port of Brisbane is able to accommodate the largest cruise vessels in the world.,"At the 2021 census, the most commonly cited religious affiliation was ""No religion"" (41.4%).",0.5701894760131836,0.5093550682067871,0.060834407806396484,1
TRIPLET_00125,Cities,Brisbane,https://en.wikipedia.org/wiki/Brisbane,Media > Print,Media > Print,Demographics,Brisbane_SEC_035_SENT_003,Brisbane_SEC_035_SENT_005,Brisbane_SEC_012_SENT_002,"The Brisbane Times is Brisbane's second major local news source, owned by Nine, and is online only.","The national broadsheet Australian Financial Review, also owned by Nine, is sold in print in Brisbane.","The Australian Bureau of Statistics estimates that the population of Greater Brisbane is 2,833,524 as of June 2025, making it the third-largest city in Australia.",0.5899726152420044,0.5034394860267639,0.08653312921524048,1
TRIPLET_00126,Cities,Brisbane,https://en.wikipedia.org/wiki/Brisbane,Culture and sport > Sport,Culture and sport > Sport,Media > Television,Brisbane_SEC_019_SENT_005,Brisbane_SEC_019_SENT_007,Brisbane_SEC_036_SENT_001,"Brisbane is represented by the rugby league teams the Brisbane Broncos and Dolphins, who play in the National Rugby League, and is also home to the Queensland Maroons, who play in the State of Origin series.","Brisbane also hosts a professional Australian rules football team, the Brisbane Lions, who play in the Australian Football League; as well as an A-League soccer team, the Brisbane Roar FC.","Brisbane is served by all five major television networks in Australia, which broadcast from prominent television transmission towers on the summit of Mount Coot-tha.",0.7948594689369202,0.4579038619995117,0.33695560693740845,1
TRIPLET_00127,Cities,Brisbane,https://en.wikipedia.org/wiki/Brisbane,History > 20th century,History > 20th century,Demographics > Religion,Brisbane_SEC_004_SENT_010,Brisbane_SEC_004_SENT_012,Brisbane_SEC_014_SENT_003,"In response, an artistic counter-cultural movement took shape, and Brisbane's cultural scene became one of the earliest punk rock centres.","Following Expo 88, the South Brisbane riverfront was redeveloped into the South Bank Parklands, which opened in 1992 and became one of the city's major cultural precincts.",Brisbane's CBD is home to two cathedrals – St John's (Anglican) and St Stephen's (Catholic).,0.6376457214355469,0.45523518323898315,0.18241053819656372,1
TRIPLET_00128,Cities,Brisbane,https://en.wikipedia.org/wiki/Brisbane,Media > Print,Media > Print,Infrastructure > Transport > Pedestrian,Brisbane_SEC_035_SENT_001,Brisbane_SEC_035_SENT_003,Brisbane_SEC_030_SENT_001,"The main local print newspapers of Brisbane are The Courier-Mail and its sibling The Sunday Mail, both owned by News Corporation.","The Brisbane Times is Brisbane's second major local news source, owned by Nine, and is online only.",An extensive network of pedestrian and cyclist pathways span the banks of the Brisbane River in the inner suburbs to form the Riverwalk network.,0.6467906832695007,0.5239875316619873,0.12280315160751343,1
TRIPLET_00129,Cities,Brisbane,https://en.wikipedia.org/wiki/Brisbane,Economy,Economy,Infrastructure > Transport > Airports,Brisbane_SEC_015_SENT_010,Brisbane_SEC_015_SENT_004,Brisbane_SEC_031_SENT_005,"Blue-collar industries, including petroleum refining, stevedoring, paper milling, metalworking and QR railway workshops, tend to be located on the lower reaches of the Brisbane River proximal to the Port of Brisbane and in new industrial zones on the urban fringe.","The Port of Brisbane is located at the Brisbane River's mouth on Moreton Bay and on the adjacent Fisherman's Island, created by means of land reclamation.","The airport is served by the Airtrain service which runs on the Airport line, providing a direct service to the CBD.",0.6062978506088257,0.40019169449806213,0.20610615611076355,1
TRIPLET_00130,Cities,Brisbane,https://en.wikipedia.org/wiki/Brisbane,Infrastructure > Transport > Bridges,Infrastructure > Transport > Bridges,Economy,Brisbane_SEC_026_SENT_007,Brisbane_SEC_026_SENT_006,Brisbane_SEC_015_SENT_009,The abutment arches of the original crossing The Hornibrook Bridge still remain in place.,"The Houghton Highway (northbound) and Ted Smout Memorial Bridge (southbound) bridges, over Bramble Bay between Brighton, Queensland and the Redcliffe Peninsula, are the longest bridges in the state.","White-collar industries include information technology, financial services, higher education and public sector administration generally concentrated in and around the central business district and satellite hubs located in the inner suburbs such as South Brisbane, Fortitude Valley, Spring Hill, Milton, and Toowong, Upper Mount Gravatt could be considered as a 2nd CBD to the city.",0.4316698908805847,0.31709158420562744,0.11457830667495728,1
TRIPLET_00131,Cities,Brisbane,https://en.wikipedia.org/wiki/Brisbane,Urban structure,Urban structure,History > 20th century,Brisbane_SEC_009_SENT_003,Brisbane_SEC_009_SENT_007,Brisbane_SEC_004_SENT_003,Most central streets are named after members of the House of Hanover.,"At the broadest level, Brisbane's metropolitan area is informally divided into the northside and the southside, with the dividing line being the Brisbane River, as crossing one of the 15 bridges across the river is required to travel to the opposite side by land transport.","In 1925 the creation of the City of Brisbane formed Australia's largest municipal authority, followed in 1930 by the opening of Brisbane City Hall, one of the city's most significant public buildings, and later in 1940 with the opening of the Story Bridge.",0.3803824484348297,0.38815975189208984,-0.007777303457260132,0
TRIPLET_00132,Cities,Brisbane,https://en.wikipedia.org/wiki/Brisbane,Tourism and recreation,Tourism and recreation,Infrastructure > Transport > Seaport,Brisbane_SEC_020_SENT_012,Brisbane_SEC_020_SENT_017,Brisbane_SEC_032_SENT_004,"The D'Aguilar National Park runs along the northwest of the metropolitan area in the D'Aguilar Range, and contains popular bushwalking and hiking peaks at Mount Nebo, Camp Mountain, Mount Pleasant, Mount Glorious, Mount Samson and Mount Mee.","Immediately to the south and north of Brisbane are the Gold Coast and Sunshine Coast respectively, which are home to several of Australia's most popular swimming and surfing beaches, and are popular day and weekend destinations for Brisbanites.",The port has 29 operating berths including nine deep-water container berths and three deep-water bulk berths as well as 17 bulk and general cargo berths.,0.476335734128952,0.34220096468925476,0.13413476943969727,1
TRIPLET_00133,Cities,Brisbane,https://en.wikipedia.org/wiki/Brisbane,Geography and environment > Climate,Geography and environment > Climate,Toponymy,Brisbane_SEC_008_SENT_022,Brisbane_SEC_008_SENT_006,Brisbane_SEC_001_SENT_006,"Full-strength tropical cyclones rarely affect Brisbane, but occasionally do so, the most recent being Cyclone Alfred, making landfall as a category 1 around Bribie Island on the 8th of March, 2025, bringing destructive winds and causing significant flooding throughout parts of south-eastern Queensland and north-eastern New South Wales.",Eighty percent of summer days record a maximum temperature of 27 to 33 °C (81 to 91 °F).,"There is a difference of opinion between local traditional owners over the spelling, provenance and pronunciation of indigenous names for Brisbane.",0.4834107458591461,0.3827521800994873,0.10065856575965881,1
TRIPLET_00134,Cities,Brisbane,https://en.wikipedia.org/wiki/Brisbane,Infrastructure > Transport > Pedestrian,Infrastructure > Transport > Pedestrian,Economy,Brisbane_SEC_030_SENT_001,Brisbane_SEC_030_SENT_002,Brisbane_SEC_015_SENT_011,An extensive network of pedestrian and cyclist pathways span the banks of the Brisbane River in the inner suburbs to form the Riverwalk network.,"In some segments, the Riverwalk is built over the river.","Tourism is an important part of the Brisbane economy, both in its own right and as a gateway to other areas of Queensland, as is international education, with over 95,000 international students enrolled in universities and other tertiary education institutions in the central City of Brisbane local government area alone in 2018.",0.6817083358764648,0.4900377094745636,0.19167062640190125,1
TRIPLET_00135,Cities,Brisbane,https://en.wikipedia.org/wiki/Brisbane,Urban structure > Parklands,Urban structure > Parklands,Governance > Politics,Brisbane_SEC_010_SENT_008,Brisbane_SEC_010_SENT_004,Brisbane_SEC_022_SENT_007,"The Boondall Wetlands in the suburb of Boondall include 1,100 hectares of wetlands which are home to mangroves and shorebirds as well as walking tracks.",The Glass House Mountains National Park is located to the north of the metropolitan area in the Glass House Mountains and provides green space between the Brisbane metropolitan area and the Sunshine Coast.,"On the local level, LNP hold the Lord Mayoralty of Brisbane (with Adrian Schrinner as Lord Mayor) and 18 of the 26 wards of the City of Brisbane, while Labor holds five, the Greens hold two and an independent hold one (Tennyson Ward).",0.5692819952964783,0.5269725322723389,0.042309463024139404,1
TRIPLET_00136,Cities,Brisbane,https://en.wikipedia.org/wiki/Brisbane,Geography and environment > Climate,Geography and environment > Climate,Infrastructure > Transport > Pedestrian,Brisbane_SEC_008_SENT_012,Brisbane_SEC_008_SENT_024,Brisbane_SEC_030_SENT_003,"The highest minimum temperature ever recorded in Brisbane was 28.0 °C (82.4 °F) on 29 January 1940 and again on 21 January 2017, whilst the lowest maximum temperature was 10.2 °C (50.4 °F) on 12 August 1954.",The temperature of the ocean ranges from 21 °C (70 °F) in August to 27 °C (81 °F) in February.,The longest span of the Riverwalk connects Newstead in the east with Toowong in the west.,0.6312739849090576,0.5378642082214355,0.09340977668762207,1
TRIPLET_00137,Cities,Brisbane,https://en.wikipedia.org/wiki/Brisbane,Infrastructure > Transport > Rail,Infrastructure > Transport > Rail,Urban structure > Parklands,Brisbane_SEC_027_SENT_001,Brisbane_SEC_027_SENT_006,Brisbane_SEC_010_SENT_003,"The network extends to the Gold and Sunshine coasts, which are fully integrated into the network on the Gold Coast line and Sunshine Coast line.",The Cross River Rail project includes a twin rail tunnel (5.9 km (3.7 mi) long) which will pass under the Brisbane River to link two new railway stations at Albert Street in the CBD and Woolloongabba; it is under construction and scheduled to be completed in early 2025.,The D'Aguilar National Park is a major national park along the northwest of the metropolitan area in the D'Aguilar Range.,0.4583294093608856,0.496023565530777,-0.03769415616989136,0
TRIPLET_00138,Cities,Brisbane,https://en.wikipedia.org/wiki/Brisbane,Urban structure > Parklands,Urban structure > Parklands,Infrastructure > Transport,Brisbane_SEC_010_SENT_004,Brisbane_SEC_010_SENT_007,Brisbane_SEC_024_SENT_005,The Glass House Mountains National Park is located to the north of the metropolitan area in the Glass House Mountains and provides green space between the Brisbane metropolitan area and the Sunshine Coast.,"Significant areas of Moreton, North Stradbroke and Bribie islands also covered by the Moreton Island National Park, Naree Budjong Djara National Park and the Bribie Island National Park respectively.",Bus services are operated by public and private operators whereas trains and ferries are operated by public agencies.,0.5734208822250366,0.2442447543144226,0.329176127910614,1
TRIPLET_00139,Cities,Brisbane,https://en.wikipedia.org/wiki/Brisbane,Infrastructure > Other utilities,Infrastructure > Other utilities,Infrastructure > Healthcare,Brisbane_SEC_034_SENT_005,Brisbane_SEC_034_SENT_009,Brisbane_SEC_033_SENT_010,Generators (some private and some owned by the Queensland government) sell energy into the wholesale market for eastern Australia known as the National Electricity Market.,"Metropolitan Brisbane is serviced by all major and most minor telecommunications companies and their networks, including Telstra, Optus, and Vodafone Australia.","Brisbane is also home to the headquarters of the Queensland Ambulance Service central executive, located at the Emergency Services Complex Kedron Park, along with the headquarters of the Queensland Fire Department and the Queensland Emergency Operations Centre.",0.5137526392936707,0.5243398547172546,-0.010587215423583984,0
TRIPLET_00140,Cities,Brisbane,https://en.wikipedia.org/wiki/Brisbane,Culture and sport,Culture and sport,Culture and sport > Annual events,Brisbane_SEC_017_SENT_020,Brisbane_SEC_017_SENT_008,Brisbane_SEC_018_SENT_010,"The State Library of Queensland, the state's largest library, is located at the Queensland Cultural Centre.","Brisbane is also home to numerous small theatres including the Brisbane Arts Theatre in Petrie Terrace, the La Boite Theatre Company which performs at the Roundhouse Theatre at Kelvin Grove, the Twelfth Night Theatre at Bowen Hills, the Metro Arts Theatre in Edward Street, and the Queensland Theatre Company's Bille Brown Theatre in West End.","There are also many smaller community events such as the Paniyiri Greek Festival (held over two days in May), the Brisbane Medieval Fayre and Tournament (held each June), the Bridge to Brisbane charity fun run, the Anywhere Festival and the Caxton Street Seafood and Wine Festival.",0.46726173162460327,0.3235343098640442,0.14372742176055908,1
TRIPLET_00141,Cities,Brisbane,https://en.wikipedia.org/wiki/Brisbane,Infrastructure > Transport > Bus,Infrastructure > Transport > Bus,Urban structure > Architecture,Brisbane_SEC_028_SENT_001,Brisbane_SEC_028_SENT_004,Brisbane_SEC_011_SENT_009,Brisbane's busway network is a large dedicated bus rapid transit network.,"There are also numerous suburban bus routes operating throughout the metropolitan area, including the high-frequency blue and maroon CityGlider routes which run between Newstead and West End (blue), and Ashgrove and Coorparoo (maroon) respectively.",Early legislation decreed a minimum size for residential blocks leading to few terrace houses being constructed in Brisbane.,0.6405446529388428,0.40079134702682495,0.23975330591201782,1
TRIPLET_00142,Cities,Brisbane,https://en.wikipedia.org/wiki/Brisbane,Geography and environment,Geography and environment,Demographics > Religion,Brisbane_SEC_006_SENT_010,Brisbane_SEC_006_SENT_015,Brisbane_SEC_014_SENT_003,"The southern part of Moreton Bay also contains smaller islands such as St Helena Island, Peel Island, Coochiemudlo Island, Russell Island, Lamb Island and Macleay Island.","The stone was used in the construction of historical buildings such as the Commissariat Store and Cathedral of St Stephen, and the roadside kerbs in inner areas of Brisbane are still manufactured of Brisbane tuff.",Brisbane's CBD is home to two cathedrals – St John's (Anglican) and St Stephen's (Catholic).,0.39451560378074646,0.2637270390987396,0.13078856468200684,1
TRIPLET_00143,Cities,Brisbane,https://en.wikipedia.org/wiki/Brisbane,Infrastructure > Transport > Roads,Infrastructure > Transport > Roads,Culture and sport > Sport,Brisbane_SEC_025_SENT_011,Brisbane_SEC_025_SENT_010,Brisbane_SEC_019_SENT_012,They are the three longest road tunnels in Australia.,"Brisbane also has a large network of major road tunnels under the metropolitan area, known as the TransApex network, which include the Clem Jones Tunnel between the inner-north and inner-south, the Airport Link tunnel in the north-east and the Legacy Way tunnel in the south-west.","In addition to its flagship sport franchises, Brisbane and its regions and suburbs have numerous teams in secondary leagues including the Intrust Super Cup, National Rugby Championship, Queensland Premier Rugby, National Premier League Queensland, National Basketball League, ANZ Championship, Australian Baseball League, Hockey One, National Water Polo League, and F-League.",0.595834493637085,0.43439605832099915,0.16143843531608582,1
TRIPLET_00144,Cities,Brisbane,https://en.wikipedia.org/wiki/Brisbane,Media > Television,Media > Television,Infrastructure > Transport,Brisbane_SEC_036_SENT_004,Brisbane_SEC_036_SENT_001,Brisbane_SEC_024_SENT_006,"Optus and Foxtel operates Pay TV services in Brisbane, via cable and satellite means.","Brisbane is served by all five major television networks in Australia, which broadcast from prominent television transmission towers on the summit of Mount Coot-tha.","The CBD is the central hub for all public transport services with services focusing on Roma Street, Central and Fortitude Valley railway stations; King George Square, Queen Street and Roma Street busway stations; and North Quay, Riverside and QUT Gardens Point ferry wharves.",0.6343628168106079,0.4634614586830139,0.170901358127594,1
TRIPLET_00145,Cities,Brisbane,https://en.wikipedia.org/wiki/Brisbane,Culture and sport,Culture and sport,Economy,Brisbane_SEC_017_SENT_016,Brisbane_SEC_017_SENT_010,Brisbane_SEC_015_SENT_002,"The city is featured in music including the Saints' ""Brisbane (Security City)"" (1978); the Stranglers' ""Nuclear Device"" (1979) about Joh Bjelke-Petersen; Midnight Oil's single ""Dreamworld"" (1987); and Powderfinger's album Vulture Street (2003).","The Queensland Conservatorium, a musical conservatorium in which professional music companies and conservatorium students also stage performances, is located within the South Bank Parklands.","Most major Australian companies, as well as numerous international companies, have contact offices in Brisbane.",0.5649055242538452,0.4450005292892456,0.11990499496459961,1
TRIPLET_00146,Cities,Brisbane,https://en.wikipedia.org/wiki/Brisbane,Culture and sport > Sport,Culture and sport > Sport,History > 21st century,Brisbane_SEC_019_SENT_001,Brisbane_SEC_019_SENT_002,Brisbane_SEC_005_SENT_002,"Brisbane has hosted several major sporting events including the 1982 Commonwealth Games and the 2001 Goodwill Games, as well as events during the 1987 Rugby World Cup, 1992 Cricket World Cup, 2000 Sydney Olympics, 2003 Rugby World Cup, 2008 Rugby League World Cup, 2015 Asian Cup, 2017 Rugby League World Cup, 2018 Commonwealth Games and the 2023 Women's World Cup.",It will host the 2032 Summer Olympics and 2032 Summer Paralympics in Victoria Park.,"Significant urban redevelopment occurred across the inner city, with expanding high-rise construction and new riverfront precincts such as Howard Smith Wharves and the Queen's Wharf project.",0.5312056541442871,0.42211824655532837,0.10908740758895874,1
TRIPLET_00147,Cities,Brisbane,https://en.wikipedia.org/wiki/Brisbane,Tourism and recreation,Tourism and recreation,Urban structure > Architecture,Brisbane_SEC_020_SENT_003,Brisbane_SEC_020_SENT_001,Brisbane_SEC_011_SENT_012,Another popular stretch runs beneath the Kangaroo Point Cliffs between South Brisbane and Kangaroo Point.,"Tourism plays a major role in Brisbane's economy, being the third-most popular destination for international tourists after Sydney and Melbourne.",Brisbane is home to several of Australia's tallest buildings.,0.4312437176704407,0.5334868431091309,-0.10224312543869019,0
TRIPLET_00148,Cities,Brisbane,https://en.wikipedia.org/wiki/Brisbane,Geography and environment > Ecology,Geography and environment > Ecology,Urban structure,Brisbane_SEC_007_SENT_009,Brisbane_SEC_007_SENT_011,Brisbane_SEC_009_SENT_013,"Common ringtail possums and flying foxes are common in parks and yards throughout the city, as are common crow butterflies, blue triangle butterflies, golden orb-weaver spiders and St Andrew's Cross spiders.","The waters of Moreton Bay are home to dugongs, humpback whales, dolphins, mud crabs, soldier crabs, Moreton Bay bugs and numerous shellfish species.","At the 2021 census, 73.4% of residents lived in separate houses, 14.7% lived in apartments, and 11.4% lived in townhouses, terrace houses, or semidetached houses.",0.4366169571876526,0.23065601289272308,0.2059609442949295,1
TRIPLET_00149,Cities,Brisbane,https://en.wikipedia.org/wiki/Brisbane,Economy,Economy,Infrastructure > Transport > Bus,Brisbane_SEC_015_SENT_011,Brisbane_SEC_015_SENT_009,Brisbane_SEC_028_SENT_004,"Tourism is an important part of the Brisbane economy, both in its own right and as a gateway to other areas of Queensland, as is international education, with over 95,000 international students enrolled in universities and other tertiary education institutions in the central City of Brisbane local government area alone in 2018.","White-collar industries include information technology, financial services, higher education and public sector administration generally concentrated in and around the central business district and satellite hubs located in the inner suburbs such as South Brisbane, Fortitude Valley, Spring Hill, Milton, and Toowong, Upper Mount Gravatt could be considered as a 2nd CBD to the city.","There are also numerous suburban bus routes operating throughout the metropolitan area, including the high-frequency blue and maroon CityGlider routes which run between Newstead and West End (blue), and Ashgrove and Coorparoo (maroon) respectively.",0.6426073312759399,0.5176935195922852,0.12491381168365479,1
TRIPLET_00150,Cities,Brisbane,https://en.wikipedia.org/wiki/Brisbane,Culture and sport,Culture and sport,Media > Radio,Brisbane_SEC_017_SENT_005,Brisbane_SEC_017_SENT_012,Brisbane_SEC_037_SENT_003,"Screenings take place Wednesday and Friday nights, as well as matinees on weekends.","These choirs include the Brisbane Chorale, Queensland Choir, Brisbane Chamber Choir, Canticum Chamber Choir, ChoirWorks, Imogen Children's Chorale, and Brisbane Birralee Voices.",Brisbane is also serviced by community radio stations such as VAC Radio (Mandarin); Radio Brisvaani (Hindi); Radio Arabic (Arabic); 4EB (multiple languages); 98.9 FM (indigenous); 4RPH (vision impaired); Switch 1197 (youth broadcasting); 4ZZZ (community radio); and Vision Christian Radio (Christian).,0.28405314683914185,0.2755807340145111,0.008472412824630737,1
TRIPLET_00151,Cities,Perth,https://en.wikipedia.org/wiki/Perth,Geography > Climate,Geography > Climate,Education > Primary and secondary,Perth_SEC_010_SENT_009,Perth_SEC_010_SENT_011,Perth_SEC_020_SENT_001,Temperatures often fall below 30 °C (86 °F) a few hours after the arrival of the wind change.,"Winters are mild and wet, with most of Perth's annual rainfall between May and September.","Students may attend either public schools, run by the state government's Department of Education, or private schools, usually associated with a religion, or engage in home schooling.",0.5716978311538696,0.24869900941848755,0.3229988217353821,1
TRIPLET_00152,Cities,Perth,https://en.wikipedia.org/wiki/Perth,Geography > Metropolitan area,Geography > Metropolitan area,History > European exploration,Perth_SEC_008_SENT_004,Perth_SEC_008_SENT_005,Perth_SEC_003_SENT_008,"The built-up urban area of Perth is 1,722 square kilometres (665 sq mi), the same as Wuhan or Salt Lake City and slightly smaller than London, making Perth the 67th-largest urban area in the world.","Perth is also the 50th-least densely populated out of the 990 urban areas in the world with a population above 500,000.","However, as with Vlamingh's assessments, they judged the area inhospitable and unsuitable for the agriculture necessary to sustain a European-style settlement.",0.8282997608184814,0.27511441707611084,0.5531853437423706,1
TRIPLET_00153,Cities,Perth,https://en.wikipedia.org/wiki/Perth,History > European exploration,History > European exploration,Governance > Federal,Perth_SEC_003_SENT_002,Perth_SEC_003_SENT_007,Perth_SEC_017_SENT_001,Many more boats followed in the ensuing years (an estimated 54 European ships prior to 1770 from a range of nations).,"After Vlamingh's expedition, other Europeans conducted further voyages of exploration in the period between 1697 and 1829.","Perth is represented by 10 full seats and significant parts of three others in the Federal House of Representatives, with the seats of Canning, Pearce and Brand including some areas outside the metropolitan area.",0.606956422328949,0.5108603239059448,0.09609609842300415,1
TRIPLET_00154,Cities,Perth,https://en.wikipedia.org/wiki/Perth,Media > Television,Media > Television,History > Federation and beyond,Perth_SEC_024_SENT_005,Perth_SEC_024_SENT_004,Perth_SEC_006_SENT_009,Foxtel provides a subscription-based satellite and cable television service.,West TV ceased broadcasting in February 2020.,"Successive state governments, beginning with the Willcock Labor Government (1936–1945), determined to change this.",0.3010275661945343,0.3087693154811859,-0.007741749286651611,0
TRIPLET_00155,Cities,Perth,https://en.wikipedia.org/wiki/Perth,Governance > Federal,Governance > Federal,Media > Radio,Perth_SEC_017_SENT_002,Perth_SEC_017_SENT_001,Perth_SEC_023_SENT_004,"The Federal Court of Australia and the Federal Circuit Court of Australia (previously the Federal Magistrates Court) occupy the Commonwealth Law Courts building on Victoria Avenue, which is also the location for annual Perth sittings of Australia's High Court.","Perth is represented by 10 full seats and significant parts of three others in the Federal House of Representatives, with the seats of Canning, Pearce and Brand including some areas outside the metropolitan area.","DAB+ has mostly the same as both AM and FM plus national stations from the ABC/SBS, Radar Radio and Novanation, along with local stations My Perth Digital, Hot Country Perth and 98five Christian radio.",0.5812993049621582,0.4683610796928406,0.11293822526931763,1
TRIPLET_00156,Cities,Perth,https://en.wikipedia.org/wiki/Perth,"Infrastructure > Transport > Public transport (trains, buses, ferries)","Infrastructure > Transport > Public transport (trains, buses, ferries)",Sport,Perth_SEC_030_SENT_002,Perth_SEC_030_SENT_003,Perth_SEC_027_SENT_017,Links to rural areas provided by Transwa.,There are 74 railway stations and 14 bus-only stations on the Transperth network.,"Daniel Ricciardo is a Perth-born Formula 1 driver who most recently raced for the Visa Cash App RB Formula One Team from 2023 to 2024 and previously from 2012 to 2013 when the team was known as Scuderia Toro Rosso, having also raced for Red Bull Racing, Renault and McLaren, respectively.",0.2468072772026062,0.04374363273382187,0.20306364446878433,1
TRIPLET_00157,Cities,Perth,https://en.wikipedia.org/wiki/Perth,History > Federation and beyond,History > Federation and beyond,Demographics > Ancestry and immigration,Perth_SEC_006_SENT_020,Perth_SEC_006_SENT_014,Perth_SEC_013_SENT_023,"Perth's development and relative prosperity, especially since the mid-1960s, has resulted from its role as the main service centre for the state's resource industries, which extract gold, iron ore, nickel, alumina, diamonds, mineral sands, coal, oil and natural gas.","Commencing in the 1950s, Perth began to expand along an extensive highway network laid out in the Stephenson-Hepburn Report, which noted that Perth was beginning to resemble a pattern of development less in line with the British experience and more in line with North America.","There is also a substantial Anglo-Indian population in Perth, who also settled in the city following the independence of India.",0.5186773538589478,0.559216320514679,-0.0405389666557312,0
TRIPLET_00158,Cities,Perth,https://en.wikipedia.org/wiki/Perth,Governance > State,Governance > State,Governance > Federal,Perth_SEC_016_SENT_001,Perth_SEC_016_SENT_002,Perth_SEC_017_SENT_001,Perth houses the Parliament of Western Australia and the Governor of Western Australia.,"As of the 2008 state election, 42 of the Legislative Assembly's 59 seats and 18 of the Legislative Council's 36 seats are based in Perth's metropolitan area.","Perth is represented by 10 full seats and significant parts of three others in the Federal House of Representatives, with the seats of Canning, Pearce and Brand including some areas outside the metropolitan area.",0.5819783806800842,0.5000255703926086,0.08195281028747559,1
TRIPLET_00159,Cities,Perth,https://en.wikipedia.org/wiki/Perth,Media > Newspapers,Media > Newspapers,History > Prehistory,Perth_SEC_022_SENT_002,Perth_SEC_022_SENT_001,Perth_SEC_002_SENT_010,Localised free community papers cater to each local government area.,The main newspapers for Perth are The West Australian and The Sunday Times.,"As part of this agreement, the Noongar (Koorah, Nitja, Boordahwan) (Past, Present, Future) Recognition Act was passed in 2016, officially recognising the Noongar people as the traditional owners of the south-west region of Western Australia.",0.4293358623981476,0.3908066749572754,0.03852918744087219,1
TRIPLET_00160,Cities,Perth,https://en.wikipedia.org/wiki/Perth,Infrastructure > Transport > Sea,Infrastructure > Transport > Sea,Governance > Federal,Perth_SEC_031_SENT_002,Perth_SEC_031_SENT_001,Perth_SEC_017_SENT_002,The Fremantle Outer Harbour at Cockburn Sound is one of Australia's major bulk cargo ports.,"Perth's main container and passenger port is at Fremantle, 19 km (12 mi) south-west at the mouth of the Swan River.","The Federal Court of Australia and the Federal Circuit Court of Australia (previously the Federal Magistrates Court) occupy the Commonwealth Law Courts building on Victoria Avenue, which is also the location for annual Perth sittings of Australia's High Court.",0.7436136603355408,0.6392877101898193,0.10432595014572144,1
TRIPLET_00161,Cities,Perth,https://en.wikipedia.org/wiki/Perth,"Infrastructure > Transport > Public transport (trains, buses, ferries)","Infrastructure > Transport > Public transport (trains, buses, ferries)",History > Convict era and gold rushes,Perth_SEC_030_SENT_005,Perth_SEC_030_SENT_004,Perth_SEC_005_SENT_005,The Indian Pacific passenger rail service connects Perth with Adelaide and Sydney once per week in each direction.,"Perth provides zero-fare bus and train trips around the city centre (the ""Free Transit Zone""), including four high-frequency CAT bus routes.","A description from 1870 by a Melbourne journalist depicted it as: a quiet little town of some 3000 inhabitants spread out in straggling allotments down to the water's edge, intermingled with gardens and shrubberies and half rural in its aspect ...",0.4297264814376831,0.48536166548728943,-0.05563518404960632,0
TRIPLET_00162,Cities,Perth,https://en.wikipedia.org/wiki/Perth,Geography > Isolation,Geography > Isolation,Sport,Perth_SEC_011_SENT_003,Perth_SEC_011_SENT_001,Perth_SEC_027_SENT_007,"Perth is geographically closer to both Timor-Leste (2,800 km or 1,700 mi), and Jakarta, Indonesia (3,000 km or 1,900 mi), than to Sydney (3,300 km or 2,100 mi).","With more than two million residents, Perth is one of the most isolated major cities in the world.",Each of these clubs has a junior football system for ages 7 to 17.,0.5833876132965088,0.23367081582546234,0.34971679747104645,1
TRIPLET_00163,Cities,Perth,https://en.wikipedia.org/wiki/Perth,Culture > Arts and entertainment,Culture > Arts and entertainment,History > Convict era and gold rushes,Perth_SEC_025_SENT_029,Perth_SEC_025_SENT_007,Perth_SEC_005_SENT_005,"A dedicated screen production facility, Perth Film Studios, opened in January 2026.",Sculpture by the Sea showcases a range of local and international sculptors' creations along Cottesloe Beach.,"A description from 1870 by a Melbourne journalist depicted it as: a quiet little town of some 3000 inhabitants spread out in straggling allotments down to the water's edge, intermingled with gardens and shrubberies and half rural in its aspect ...",0.27110588550567627,0.40993982553482056,-0.1388339400291443,0
TRIPLET_00164,Cities,Perth,https://en.wikipedia.org/wiki/Perth,Toponymy,Toponymy,Governance > State,Perth_SEC_001_SENT_003,Perth_SEC_001_SENT_005,Perth_SEC_016_SENT_002,"The only contemporary information on the source of the name comes from Charles Fremantle's diary entry for 12 August 1829, which records that they ""named the town Perth according to the wishes of Sir George Murray"".","The name Boorloo was initially recorded by Robert Menli Lyon as Boorlo in 1833, which was interpreted as ""Perth, properly Point Fraser"" (a location in what was established in 1954 as East Perth), with the area around Point Fraser traditionally known to the Whadjuk Noongar people as Boodjargabbeelup.","As of the 2008 state election, 42 of the Legislative Assembly's 59 seats and 18 of the Legislative Council's 36 seats are based in Perth's metropolitan area.",0.7501134872436523,0.4899590015411377,0.26015448570251465,1
TRIPLET_00165,Cities,Perth,https://en.wikipedia.org/wiki/Perth,Geography > Geology and landforms,Geography > Geology and landforms,History > Convict era and gold rushes,Perth_SEC_009_SENT_004,Perth_SEC_009_SENT_003,Perth_SEC_005_SENT_006,The soils of this area are quite infertile.,"The city centre and most of the suburbs are on the sandy and relatively flat Swan Coastal Plain, which lies between the Darling Scarp and the Indian Ocean.","The main streets are macadamised, but the outlying ones and most of the footpaths retain their native state from the loose sand—the all pervading element of Western Australia—productive of intense glare or much dust in the summer and dissolving into slush during the rainy season.",0.3835259974002838,0.4678509831428528,-0.08432498574256897,0
TRIPLET_00166,Cities,Perth,https://en.wikipedia.org/wiki/Perth,Infrastructure > Utilities,Infrastructure > Utilities,Infrastructure > Transport > Driving,Perth_SEC_032_SENT_009,Perth_SEC_032_SENT_012,Perth_SEC_029_SENT_002,Reduced rainfall in the region over recent decades had greatly lowered inflow to reservoirs and affected groundwater levels.,"The Kwinana Desalination Plant was opened in 2006, and Southern Seawater Desalination Plant at Binningup (on the coast between Mandurah and Bunbury) began operating in 2011.","The Northbridge Tunnel, part of the Graham Farmer Freeway, is the only significant road tunnel in Perth.",0.3793584704399109,0.26957616209983826,0.10978230834007263,1
TRIPLET_00167,Cities,Perth,https://en.wikipedia.org/wiki/Perth,History > European exploration,History > European exploration,Infrastructure > Transport > Driving,Perth_SEC_003_SENT_001,Perth_SEC_003_SENT_008,Perth_SEC_029_SENT_001,"In 1619 the Dutch explorer Frederick de Houtman, sailing in the VOC ship Dordrecht, with Councillor of the Indies Jacob Dedel in the VOC ship Amsterdam, sighted the Australian coast near present-day Perth, which they called Dedelsland.","However, as with Vlamingh's assessments, they judged the area inhospitable and unsuitable for the agriculture necessary to sustain a European-style settlement.","Perth has a road network with three freeways—Mitchell, Kwinana and Graham Farmer—and nine metropolitan highways.",0.32272177934646606,0.5013970136642456,-0.17867523431777954,0
TRIPLET_00168,Cities,Perth,https://en.wikipedia.org/wiki/Perth,Demographics,Demographics,Media > Radio,Perth_SEC_012_SENT_002,Perth_SEC_012_SENT_001,Perth_SEC_023_SENT_003,"In June 2023 there was an estimated resident population of 2,309,338 in the Greater Perth area, representing an increase of approximately 3.6% from the 2022 estimate of 2,228,020, the highest growth rate of Australia's capital cities.","Perth is Australia's fourth-most-populous city, having overtaken Adelaide in 1984.","The six local commercial stations are 6PR and 6IX on AM; Triple M, Nova 93.7, Mix 94.5 and Gold 96FM on FM.",0.7261122465133667,0.460088312625885,0.2660239338874817,1
TRIPLET_00169,Cities,Perth,https://en.wikipedia.org/wiki/Perth,Media > Television,Media > Television,Governance > Federal,Perth_SEC_024_SENT_002,Perth_SEC_024_SENT_008,Perth_SEC_017_SENT_002,Community station Access 31 closed in August 2008.,"The 24-hour Perth Telethon claims to be ""the most successful fundraising event per capita in the world"".","The Federal Court of Australia and the Federal Circuit Court of Australia (previously the Federal Magistrates Court) occupy the Commonwealth Law Courts building on Victoria Avenue, which is also the location for annual Perth sittings of Australia's High Court.",0.24880334734916687,0.26088452339172363,-0.012081176042556763,0
TRIPLET_00170,Cities,Perth,https://en.wikipedia.org/wiki/Perth,Infrastructure > Health,Infrastructure > Health,Sport,Perth_SEC_028_SENT_001,Perth_SEC_028_SENT_005,Perth_SEC_027_SENT_002,Perth has ten large hospitals with emergency departments.,A number of other public and private hospitals operate in Perth.,Perth was host to the 1962 Commonwealth Games and the 1987 America's Cup defence (based at Fremantle).,0.32196998596191406,0.37475675344467163,-0.05278676748275757,0
TRIPLET_00171,Cities,Perth,https://en.wikipedia.org/wiki/Perth,Media > Newspapers,Media > Newspapers,Demographics > Ancestry and immigration,Perth_SEC_022_SENT_003,Perth_SEC_022_SENT_001,Perth_SEC_013_SENT_005,The local business paper is Western Australian Business News.,The main newspapers for Perth are The West Australian and The Sunday Times.,"As Fremantle was the first landfall in Australia for many migrant ships coming from Europe in the 1950s and 1960s, Perth started to experience a diverse influx of people, including Italians, Greeks, Dutch, Germans, Turks, Croats and Macedonians.",0.6938312649726868,0.523567795753479,0.17026346921920776,1
TRIPLET_00172,Cities,Perth,https://en.wikipedia.org/wiki/Perth,Culture > Arts and entertainment,Culture > Arts and entertainment,Demographics > Ancestry and immigration,Perth_SEC_025_SENT_011,Perth_SEC_025_SENT_022,Perth_SEC_013_SENT_004,"Other performing arts companies based in Perth include the West Australian Ballet, the West Australian Opera and the West Australian Symphony Orchestra, all of which present regular programs.","Famous musical performers from Perth include the late AC/DC frontman Bon Scott, whose heritage-listed grave at Fremantle Cemetery is reportedly the most visited grave in Australia.","Prior to this, Perth's population had been almost completely Anglo-Celtic in ethnic origin.",0.48731738328933716,0.3713968098163605,0.11592057347297668,1
TRIPLET_00173,Cities,Perth,https://en.wikipedia.org/wiki/Perth,Demographics > Religion,Demographics > Religion,Economy,Perth_SEC_014_SENT_013,Perth_SEC_014_SENT_007,Perth_SEC_018_SENT_011,"Hinduism has over 49,000 adherents in Perth; the Diwali (festival of lights) celebration in 2009 attracted over 20,000 visitors.",The suburb of Gidgengannup in the Perth Hills is home to the Dhammasara Nuns Monastery of the Buddhist Thai Forest Tradition.,"""The former close ties of manufacturing with near-central and/or rail-side locations were loosened.""",0.263651579618454,0.14930129051208496,0.11435028910636902,1
TRIPLET_00174,Cities,Perth,https://en.wikipedia.org/wiki/Perth,History > European exploration,History > European exploration,Infrastructure > Utilities,Perth_SEC_003_SENT_005,Perth_SEC_003_SENT_006,Perth_SEC_032_SENT_007,"Vlamingh's expedition also ventured far up the Swan River, in search of native inhabitants.","They named the river Swarte Swaene-Revier, a reference to the black swans prevalent in the region.",It is also owned by the state government.,0.5351743698120117,0.4560401439666748,0.07913422584533691,1
TRIPLET_00175,Cities,Perth,https://en.wikipedia.org/wiki/Perth,Culture > Tourism and recreation,Culture > Tourism and recreation,Infrastructure > Health,Perth_SEC_026_SENT_025,Perth_SEC_026_SENT_017,Perth_SEC_028_SENT_002,"Restaurants, bars and nightclubs can be found in the entertainment hubs of Northbridge (just north of the Perth CBD), the west end of the CBD itself, Elizabeth Quay, Leederville, Beaufort Street, Scarborough and Fremantle.","Elizabeth Quay is also a notable attraction in Perth, featuring Swan Bells, a panoramic view of Swan River, and the sculpture Spanda by artist Christian de Vietri.","Perth Children's Hospital is the state's only specialist children's hospital, and Graylands Hospital is the only public stand-alone psychiatric teaching hospital.",0.5701706409454346,0.11054888367652893,0.45962175726890564,1
TRIPLET_00176,Cities,Perth,https://en.wikipedia.org/wiki/Perth,Geography > Isolation,Geography > Isolation,Governance > Local,Perth_SEC_011_SENT_001,Perth_SEC_011_SENT_003,Perth_SEC_015_SENT_001,"With more than two million residents, Perth is one of the most isolated major cities in the world.","Perth is geographically closer to both Timor-Leste (2,800 km or 1,700 mi), and Jakarta, Indonesia (3,000 km or 1,900 mi), than to Sydney (3,300 km or 2,100 mi).","The Perth metropolitan area is divided into thirty local government bodies, including the City of Perth which administers Perth's central business district.",0.5833876132965088,0.5110317468643188,0.07235586643218994,1
TRIPLET_00177,Cities,Perth,https://en.wikipedia.org/wiki/Perth,Toponymy,Toponymy,Geography > Metropolitan area,Perth_SEC_001_SENT_001,Perth_SEC_001_SENT_003,Perth_SEC_008_SENT_007,"The name of the city is taken from Perth, Scotland, in honour of the Secretary of State for War and the Colonies, and Member for Perthshire in the British House of Commons, George Murray.","The only contemporary information on the source of the name comes from Charles Fremantle's diary entry for 12 August 1829, which records that they ""named the town Perth according to the wishes of Sir George Murray"".","The metropolitan extent of Perth can be defined in other ways—the Australian Bureau of Statistics Greater Capital City Statistical Area, or Greater Perth in short, consists of that area, plus the City of Mandurah and the Pinjarra Level 2 Statistical Area of the Shire of Murray, while the Regional Development Commissions Act 1993 includes the Shire of Serpentine-Jarrahdale in the Peel region.",0.6457988023757935,0.6159101724624634,0.029888629913330078,1
TRIPLET_00178,Cities,Perth,https://en.wikipedia.org/wiki/Perth,History > Swan River Colony,History > Swan River Colony,Demographics > Religion,Perth_SEC_004_SENT_005,Perth_SEC_004_SENT_007,Perth_SEC_014_SENT_011,"On 12 August that year, Helen Dance, wife of the captain of the second ship, Sulphur, felled a tree to commemorate the town's founding.","These confrontations resulted in multiple events, including the murder of settlers (such as Thomas Peel's servant Hugh Nesbitt), the execution without trial of Whadjuk elder Midgegooroo, the killing of his son Yagan in 1833, and the Pinjarra massacre in 1834.","The city is home to both Orthodox and Progressive synagogues, most notably Perth Hebrew Congregation and Temple David.",0.4320102334022522,0.31781160831451416,0.11419862508773804,1
TRIPLET_00179,Cities,Perth,https://en.wikipedia.org/wiki/Perth,Culture > Tourism and recreation,Culture > Tourism and recreation,Demographics > Religion,Perth_SEC_026_SENT_007,Perth_SEC_026_SENT_026,Perth_SEC_014_SENT_001,"It houses Australia II, the yacht that won the 1983 America's Cup, as well as a former Royal Australian Navy submarine.",The Crown casino and resort is located at Burswood.,"41.8% of the 2021 census respondents in Perth had no religion, as against 38.4% of national population.",0.40979620814323425,0.30482447147369385,0.1049717366695404,1
TRIPLET_00180,Cities,Perth,https://en.wikipedia.org/wiki/Perth,History > Federation and beyond,History > Federation and beyond,Sport,Perth_SEC_006_SENT_017,Perth_SEC_006_SENT_021,Perth_SEC_027_SENT_007,"In 1962, Perth received global media attention when city residents lit their house lights and streetlights as American astronaut John Glenn passed overhead while orbiting the Earth on Friendship 7.","Whilst most mineral and petroleum production takes place elsewhere in the state, the non-base services provide most of the employment and income to the people of Perth.",Each of these clubs has a junior football system for ages 7 to 17.,0.22879722714424133,0.24172812700271606,-0.012930899858474731,0
TRIPLET_00181,Cities,Perth,https://en.wikipedia.org/wiki/Perth,Economy,Economy,Geography > Central business district,Perth_SEC_018_SENT_007,Perth_SEC_018_SENT_003,Perth_SEC_007_SENT_001,Industrial employment influenced the economic geography of Perth.,Perth's economy has been changing in favour of the service industries since the 1950s.,"The central business district of Perth is bounded by the Swan River to the south and east, with Kings Park and Thomas Street on the western end, and Newcastle Street to the north.",0.5286407470703125,0.5234334468841553,0.0052073001861572266,1
TRIPLET_00182,Cities,Perth,https://en.wikipedia.org/wiki/Perth,Infrastructure > Transport > Sea,Infrastructure > Transport > Sea,Sport,Perth_SEC_031_SENT_002,Perth_SEC_031_SENT_001,Perth_SEC_027_SENT_011,The Fremantle Outer Harbour at Cockburn Sound is one of Australia's major bulk cargo ports.,"Perth's main container and passenger port is at Fremantle, 19 km (12 mi) south-west at the mouth of the Swan River.","Ongoing international events include the ATP Cup (replacing the Hopman Cup in 2020) during the first week of January at the Perth Arena, and the Perth International golf tournament at Lake Karrinyup Country Club.",0.7436136603355408,0.3266477882862091,0.41696587204933167,1
TRIPLET_00183,Cities,Perth,https://en.wikipedia.org/wiki/Perth,History > Federation and beyond,History > Federation and beyond,Demographics > Religion,Perth_SEC_006_SENT_009,Perth_SEC_006_SENT_020,Perth_SEC_014_SENT_009,"Successive state governments, beginning with the Willcock Labor Government (1936–1945), determined to change this.","Perth's development and relative prosperity, especially since the mid-1960s, has resulted from its role as the main service centre for the state's resource industries, which extract gold, iron ore, nickel, alumina, diamonds, mineral sands, coal, oil and natural gas.","Perth has the third largest Jewish population in Australia, numbering approximately 6,331 in the 2021 census.",0.4261046350002289,0.29381847381591797,0.1322861611843109,1
TRIPLET_00184,Cities,Perth,https://en.wikipedia.org/wiki/Perth,Demographics > Religion,Demographics > Religion,History > Prehistory,Perth_SEC_014_SENT_014,Perth_SEC_014_SENT_008,Perth_SEC_002_SENT_008,"There are Hindu temples in Canning Vale, Anketell and a Swaminarayan temple in Bennett Springs.","Over 31,000 members of the Uniting Church in Australia live in Perth.","Following this appeal, the Western Australian Government and the South West Aboriginal Land and Sea Council negotiated the South West Native Title Settlement.",0.4146885573863983,0.4664788246154785,-0.0517902672290802,0
TRIPLET_00185,Cities,Perth,https://en.wikipedia.org/wiki/Perth,Infrastructure > Transport > Driving,Infrastructure > Transport > Driving,Geography > Metropolitan area,Perth_SEC_029_SENT_002,Perth_SEC_029_SENT_001,Perth_SEC_008_SENT_007,"The Northbridge Tunnel, part of the Graham Farmer Freeway, is the only significant road tunnel in Perth.","Perth has a road network with three freeways—Mitchell, Kwinana and Graham Farmer—and nine metropolitan highways.","The metropolitan extent of Perth can be defined in other ways—the Australian Bureau of Statistics Greater Capital City Statistical Area, or Greater Perth in short, consists of that area, plus the City of Mandurah and the Pinjarra Level 2 Statistical Area of the Shire of Murray, while the Regional Development Commissions Act 1993 includes the Shire of Serpentine-Jarrahdale in the Peel region.",0.5815450549125671,0.42895951867103577,0.15258553624153137,1
TRIPLET_00186,Cities,Perth,https://en.wikipedia.org/wiki/Perth,Governance > Local,Governance > Local,History > Prehistory,Perth_SEC_015_SENT_002,Perth_SEC_015_SENT_001,Perth_SEC_002_SENT_009,"The outer extent of the administrative region of Perth comprises the City of Wanneroo and the City of Swan to the north, the Shire of Mundaring, City of Kalamunda and the City of Armadale to the east, the Shire of Serpentine-Jarrahdale to the south-east and the City of Rockingham to the south-west, and including the islands of Rottnest Island and Garden Island off the west coast.","The Perth metropolitan area is divided into thirty local government bodies, including the City of Perth which administers Perth's central business district.","This settlement, including the Whadjuk Indigenous Land Use Agreement over the Perth region, was finalised by the Federal Court on 1 December 2021.",0.6309465169906616,0.6125859022140503,0.018360614776611328,1
TRIPLET_00187,Cities,Perth,https://en.wikipedia.org/wiki/Perth,Toponymy,Toponymy,Demographics > Religion,Perth_SEC_001_SENT_005,Perth_SEC_001_SENT_004,Perth_SEC_014_SENT_001,"The name Boorloo was initially recorded by Robert Menli Lyon as Boorlo in 1833, which was interpreted as ""Perth, properly Point Fraser"" (a location in what was established in 1954 as East Perth), with the area around Point Fraser traditionally known to the Whadjuk Noongar people as Boodjargabbeelup.","Similarly to the English name Perth, the Noongar name Boorloo is sometimes used to denote the Perth central business district area, the City of Perth local government area, or the capital city Perth in general.","41.8% of the 2021 census respondents in Perth had no religion, as against 38.4% of national population.",0.6340004801750183,0.3870352506637573,0.246965229511261,1
TRIPLET_00188,Cities,Perth,https://en.wikipedia.org/wiki/Perth,History > Swan River Colony,History > Swan River Colony,Governance > State,Perth_SEC_004_SENT_003,Perth_SEC_004_SENT_002,Perth_SEC_016_SENT_004,"On 4 June 1829, newly arriving British colonists had their first view of the mainland.","Officially designated as Western Australia in 1832, the colony retained the informal moniker ""Swan River Colony"" for many years, after the area's major watercourse.",The Magistrates' Court has six metropolitan locations.,0.48126113414764404,0.36644479632377625,0.1148163378238678,1
TRIPLET_00189,Cities,Perth,https://en.wikipedia.org/wiki/Perth,Infrastructure > Utilities,Infrastructure > Utilities,Infrastructure > Transport > Driving,Perth_SEC_032_SENT_006,Perth_SEC_032_SENT_002,Perth_SEC_029_SENT_001,"The Water Corporation is the dominant supplier of water, as well as wastewater and drainage services, in Perth and throughout Western Australia.","Verve Energy operates coal and gas power generation stations, as well as wind farms and other power sources.","Perth has a road network with three freeways—Mitchell, Kwinana and Graham Farmer—and nine metropolitan highways.",0.42939502000808716,0.5030742883682251,-0.07367926836013794,0
TRIPLET_00190,Cities,Perth,https://en.wikipedia.org/wiki/Perth,History > Federation and beyond,History > Federation and beyond,Sport,Perth_SEC_006_SENT_007,Perth_SEC_006_SENT_004,Perth_SEC_027_SENT_008,"The House of Commons established a select committee to consider the issue but after 18 months of negotiations and lobbying, finally refused to consider the matter, declaring that it could not legally grant secession.","In 1933, two-thirds of Western Australians voted in a referendum to secede from the rest of Australia.","The next level of Australian rules football is the Perth Football League, comprising 68 clubs servicing senior footballers within the metropolitan area.",0.4709898829460144,0.3014719486236572,0.16951793432235718,1
TRIPLET_00191,Cities,Perth,https://en.wikipedia.org/wiki/Perth,Media > Television,Media > Television,Governance > State,Perth_SEC_024_SENT_002,Perth_SEC_024_SENT_001,Perth_SEC_016_SENT_003,Community station Access 31 closed in August 2008.,"Perth is served by thirty digital free-to-air television channels: ABC, SBS, Seven, Nine and 10 were also broadcast in an analogue format until 16 April 2013, when the analogue transmission was switched off.","The state's highest court, the Supreme Court, is located in Perth, along with the District and Family Courts.",0.5008834600448608,0.19227242469787598,0.30861103534698486,1
TRIPLET_00192,Cities,Perth,https://en.wikipedia.org/wiki/Perth,Economy,Economy,Education,Perth_SEC_018_SENT_016,Perth_SEC_018_SENT_005,Perth_SEC_019_SENT_001,"With significant population growth post-WWII, employment growth occurred not in manufacturing but in retail and wholesale trade, business services, health, education, community and personal services, and in public administration.","As a result of Perth's relative geographical isolation, it has never had the necessary conditions to develop significant manufacturing industries other than those serving the immediate needs of its residents, mining, agriculture and some specialised areas, such as, in recent times, niche shipbuilding and maintenance.","Education is compulsory in Western Australia between the ages of six and seventeen, corresponding to primary and secondary school.",0.42068690061569214,0.301285982131958,0.11940091848373413,1
TRIPLET_00193,Cities,Perth,https://en.wikipedia.org/wiki/Perth,Geography > Central business district,Geography > Central business district,Demographics > Ancestry and immigration,Perth_SEC_007_SENT_005,Perth_SEC_007_SENT_004,Perth_SEC_013_SENT_013,Hay Street and Murray Street have most of the retail and entertainment facilities.,"St Georges Terrace is the area's prominent street, with a large amount of office space in the CBD.","By 2016, there were 35,262 South Africans residing in Perth.",0.5868167877197266,0.38045209646224976,0.2063646912574768,1
TRIPLET_00194,Cities,Perth,https://en.wikipedia.org/wiki/Perth,Governance > Federal,Governance > Federal,Governance > State,Perth_SEC_017_SENT_002,Perth_SEC_017_SENT_001,Perth_SEC_016_SENT_004,"The Federal Court of Australia and the Federal Circuit Court of Australia (previously the Federal Magistrates Court) occupy the Commonwealth Law Courts building on Victoria Avenue, which is also the location for annual Perth sittings of Australia's High Court.","Perth is represented by 10 full seats and significant parts of three others in the Federal House of Representatives, with the seats of Canning, Pearce and Brand including some areas outside the metropolitan area.",The Magistrates' Court has six metropolitan locations.,0.5812993049621582,0.5335246920585632,0.04777461290359497,1
TRIPLET_00195,Cities,Perth,https://en.wikipedia.org/wiki/Perth,Media > Newspapers,Media > Newspapers,Demographics > Religion,Perth_SEC_022_SENT_002,Perth_SEC_022_SENT_003,Perth_SEC_014_SENT_016,Localised free community papers cater to each local government area.,The local business paper is Western Australian Business News.,"Perth is also home to 4,719 Mormons and the Perth Australia Temple of the Church of Jesus Christ of Latter-day Saints.",0.39850595593452454,0.38722556829452515,0.01128038763999939,1
TRIPLET_00196,Cities,Perth,https://en.wikipedia.org/wiki/Perth,Education > Tertiary,Education > Tertiary,Geography > Geology and landforms,Perth_SEC_021_SENT_015,Perth_SEC_021_SENT_009,Perth_SEC_009_SENT_007,"Colleges of TAFE provide trade and vocational training, including certificate- and diploma-level courses.","Edith Cowan University was established in 1991 from the existing Western Australian College of Advanced Education which itself was formed on 11 December 1981 from the existing Teachers Colleges at Claremont, Nedlands, Churchlands and Mount Lawley after Graylands had merged into Claremont, Churchlands and Mount Lawley in 1979.","Perth is on generally flat, rolling land, largely due to the high amount of sandy soils and deep bedrock.",0.43879571557044983,0.14900338649749756,0.28979232907295227,1
TRIPLET_00197,Cities,Perth,https://en.wikipedia.org/wiki/Perth,Governance > Local,Governance > Local,History > European exploration,Perth_SEC_015_SENT_002,Perth_SEC_015_SENT_001,Perth_SEC_003_SENT_007,"The outer extent of the administrative region of Perth comprises the City of Wanneroo and the City of Swan to the north, the Shire of Mundaring, City of Kalamunda and the City of Armadale to the east, the Shire of Serpentine-Jarrahdale to the south-east and the City of Rockingham to the south-west, and including the islands of Rottnest Island and Garden Island off the west coast.","The Perth metropolitan area is divided into thirty local government bodies, including the City of Perth which administers Perth's central business district.","After Vlamingh's expedition, other Europeans conducted further voyages of exploration in the period between 1697 and 1829.",0.6309465169906616,0.311737060546875,0.3192094564437866,1
TRIPLET_00198,Cities,Perth,https://en.wikipedia.org/wiki/Perth,Governance > State,Governance > State,"Infrastructure > Transport > Public transport (trains, buses, ferries)",Perth_SEC_016_SENT_001,Perth_SEC_016_SENT_002,Perth_SEC_030_SENT_006,Perth houses the Parliament of Western Australia and the Governor of Western Australia.,"As of the 2008 state election, 42 of the Legislative Assembly's 59 seats and 18 of the Legislative Council's 36 seats are based in Perth's metropolitan area.","The Prospector passenger rail service connects Perth with Kalgoorlie via several Wheatbelt towns, while the Australind connects to Bunbury, the MerredinLink connects to Merredin and the AvonLink connects to Northam.",0.5819783806800842,0.7040678858757019,-0.12208950519561768,0
TRIPLET_00199,Cities,Perth,https://en.wikipedia.org/wiki/Perth,Demographics,Demographics,Geography > Metropolitan area,Perth_SEC_012_SENT_002,Perth_SEC_012_SENT_001,Perth_SEC_008_SENT_004,"In June 2023 there was an estimated resident population of 2,309,338 in the Greater Perth area, representing an increase of approximately 3.6% from the 2022 estimate of 2,228,020, the highest growth rate of Australia's capital cities.","Perth is Australia's fourth-most-populous city, having overtaken Adelaide in 1984.","The built-up urban area of Perth is 1,722 square kilometres (665 sq mi), the same as Wuhan or Salt Lake City and slightly smaller than London, making Perth the 67th-largest urban area in the world.",0.7261122465133667,0.7131623029708862,0.012949943542480469,1
TRIPLET_00200,Cities,Perth,https://en.wikipedia.org/wiki/Perth,Culture > Arts and entertainment,Culture > Arts and entertainment,Infrastructure > Health,Perth_SEC_025_SENT_014,Perth_SEC_025_SENT_017,Perth_SEC_028_SENT_004,"The city's main performance venues include the Riverside Theatre within the Perth Convention & Exhibition Centre, the Perth Concert Hall, the historic His Majesty's Theatre, the Regal Theatre in Subiaco and the Astor Theatre in Mount Lawley.","The largest performance area within the State Theatre Centre, the Heath Ledger Theatre, is named in honour of Perth-born film actor Heath Ledger.","St John of God Murdoch and Subiaco Hospitals, and Hollywood Hospital are large privately owned and operated hospitals.",0.7048090100288391,0.3884511888027191,0.31635782122612,1
TRIPLET_00201,Universities,Macquarie University,https://en.wikipedia.org/wiki/Macquarie_University,Student life > Residential colleges,Student life > Residential colleges,Academic profile > Museums and collections,Macquarie_University_SEC_023_SENT_006,Macquarie_University_SEC_023_SENT_002,Macquarie_University_SEC_013_SENT_003,It has over 900 rooms in mostly townhouse-style buildings north of the campus.,The colleges both offer academic support as well as a range of social and sporting activities in a communal environment.,"The most visible collection on campus is the sculpture park, which is exhibited across the entire campus; at close to 100 sculptures on display, it is the largest park of its kind in the Southern Hemisphere.",0.17468230426311493,0.5407016277313232,-0.3660193234682083,0
TRIPLET_00202,Universities,Macquarie University,https://en.wikipedia.org/wiki/Macquarie_University,Notable people > Notable alumni,Notable people > Notable alumni,Campuses and buildings,Macquarie_University_SEC_026_SENT_001,Macquarie_University_SEC_026_SENT_002,Macquarie_University_SEC_003_SENT_006,Alumni include Rhodes and John Monash Scholars and several Fulbright Scholars.,"Notable alumni in science include: Australian scientist Barry Brook, American physicist Frank Duarte, and Australian physicist Cathy Foley.","Abraham established a grid design comprising lots of 300 square feet (28 m2) running north–south, with the aim of creating a compact academic core.",0.6047377586364746,0.36321067810058594,0.24152708053588867,1
TRIPLET_00203,Universities,Macquarie University,https://en.wikipedia.org/wiki/Macquarie_University,Governance and structure > Heraldry and insignia > Coat of arms,Governance and structure > Heraldry and insignia > Coat of arms,Academic profile > Admissions > International,Macquarie_University_SEC_008_SENT_002,Macquarie_University_SEC_008_SENT_006,Macquarie_University_SEC_017_SENT_002,"The escutcheon (in green taken from the tartan of Clan MacQuarrie) displays the Macquarie Lighthouse tower, the first major public building in the colony when completed in 1816, as well as the Sirius star (in gold), which was also the name of the flagship of the First Fleet.","These arms, along with the new arms of the university, were formally unveiled on 31 May 1967 by the chancellor, Sir Garfield Barwick.","Upon successful completion of a MUIC Diploma, students enter the appropriate bachelor's degree as a second year student.",0.5503606796264648,0.42855021357536316,0.12181046605110168,1
TRIPLET_00204,Universities,Macquarie University,https://en.wikipedia.org/wiki/Macquarie_University,Student life > Leadership and development,Student life > Leadership and development,Governance and structure > Heraldry and insignia > Coat of arms,Macquarie_University_SEC_024_SENT_005,Macquarie_University_SEC_024_SENT_003,Macquarie_University_SEC_008_SENT_002,GLP is a co-curricular learning and engagement program that students design according to their own interests and complete at their own pace.,"Upon successful completion of the GLP, students receive a formal notation on their academic transcript and a certificate.","The escutcheon (in green taken from the tartan of Clan MacQuarrie) displays the Macquarie Lighthouse tower, the first major public building in the colony when completed in 1816, as well as the Sirius star (in gold), which was also the name of the flagship of the First Fleet.",0.5631887316703796,0.2793582081794739,0.28383052349090576,1
TRIPLET_00205,Universities,Macquarie University,https://en.wikipedia.org/wiki/Macquarie_University,Governance and structure > University Council,Governance and structure > University Council,Student life > Sports and athletics,Macquarie_University_SEC_006_SENT_005,Macquarie_University_SEC_006_SENT_003,Macquarie_University_SEC_022_SENT_002,The Council is chaired by the chancellor of the university.,"The Council has primary responsibility for the control and management of the affairs of the university, and is empowered to make by-laws and rules relating to how the university is managed.","Previously a sports hall facility, the complex was renovated and reopened in 2007 with the addition of the new gym and aquatic centre.",0.7488648891448975,0.3326132893562317,0.41625159978866577,1
TRIPLET_00206,Universities,Macquarie University,https://en.wikipedia.org/wiki/Macquarie_University,Academic profile > Research divisions,Academic profile > Research divisions,Campuses and buildings,Macquarie_University_SEC_011_SENT_001,Macquarie_University_SEC_011_SENT_003,Macquarie_University_SEC_003_SENT_002,"Research centres, schools and institutes that are affiliated with the university: The Australian Research Institute for Environment and Sustainability The Macquarie University Hospital The Australian Hearing Hub Macquarie University's Australian Hearing Hub is partnered with Cochlear.","The Australian Research Institute for Environment and Sustainability is a research centre that promotes change for environmental sustainability, is affiliated with the university and is located on its campus.","Macquarie's location within the high-technology corridor of Sydney's north-west, in close proximity to Macquarie Park and its surrounding industries, has been crucial in its development as a relatively research intensive university.",0.8371720314025879,0.6074122190475464,0.2297598123550415,1
TRIPLET_00207,Universities,Macquarie University,https://en.wikipedia.org/wiki/Macquarie_University,Governance and structure > Heraldry and insignia > Branding,Governance and structure > Heraldry and insignia > Branding,Academic profile > Museums and collections,Macquarie_University_SEC_009_SENT_003,Macquarie_University_SEC_009_SENT_002,Macquarie_University_SEC_013_SENT_001,"The logo reintroduced the Macquarie Lighthouse, a popular symbol of the university within the university community and maintained the Sirus Star.","In 2014, the university launched a new logo as part of its Shared Identity Project.",The museums and collections of Macquarie University include nine museums and galleries.,0.5726273059844971,0.4242780804634094,0.14834922552108765,1
TRIPLET_00208,Universities,Macquarie University,https://en.wikipedia.org/wiki/Macquarie_University,Student life > Student demographics,Student life > Student demographics,Academic profile > Other sub-units > Start-up incubator,Macquarie_University_SEC_019_SENT_002,Macquarie_University_SEC_019_SENT_003,Macquarie_University_SEC_014_SENT_001,The university has the largest student exchange program in Australia.,"In 2012, 9,802 students from Asia were enrolled at Macquarie University (Sydney campuses and offshore programs in China, Hong Kong, Korea and Singapore).",The Macquarie University Incubator is a space to research and develop ideas that can be commercialised.,0.6041858792304993,0.3809603452682495,0.22322553396224976,1
TRIPLET_00209,Universities,Macquarie University,https://en.wikipedia.org/wiki/Macquarie_University,Student life,Student life,Academic profile > Research and publications,Macquarie_University_SEC_018_SENT_001,Macquarie_University_SEC_018_SENT_002,Macquarie_University_SEC_010_SENT_011,"Campus Life manages the university's non-academic services: food and retail, sport and recreation, student groups, child care, and entertainment.","From late 2017 onward its Campus Hub facility has been closed for reconstruction; a 'pop-up'-style replacement, the Campus Common, has been opened for the duration.",Access Macquarie Limited was established in 1989 as the commercial arm of the university.,0.40549567341804504,0.4763476848602295,-0.07085201144218445,0
TRIPLET_00210,Universities,Macquarie University,https://en.wikipedia.org/wiki/Macquarie_University,Academic profile > Student outcomes,Academic profile > Student outcomes,Student life,Macquarie_University_SEC_016_SENT_005,Macquarie_University_SEC_016_SENT_006,Macquarie_University_SEC_018_SENT_002,"The initial full-time salary was A$70,000 for undergraduates and A$95,000 for postgraduates.","In the 2023 Student Experience Survey, undergraduates at the university rated the quality of their entire educational experience at 76.4% meanwhile postgraduates rated their overall education experience at 78.2%.","From late 2017 onward its Campus Hub facility has been closed for reconstruction; a 'pop-up'-style replacement, the Campus Common, has been opened for the duration.",0.7000862956047058,0.369840145111084,0.3302461504936218,1
TRIPLET_00211,Universities,Macquarie University,https://en.wikipedia.org/wiki/Macquarie_University,Student life > Student demographics,Student life > Student demographics,Student life,Macquarie_University_SEC_019_SENT_002,Macquarie_University_SEC_019_SENT_001,Macquarie_University_SEC_018_SENT_001,The university has the largest student exchange program in Australia.,"Macquarie is the fourth largest university in Sydney (38,753 students in 2013).","Campus Life manages the university's non-academic services: food and retail, sport and recreation, student groups, child care, and entertainment.",0.700456976890564,0.2569679617881775,0.4434890151023865,1
TRIPLET_00212,Universities,Macquarie University,https://en.wikipedia.org/wiki/Macquarie_University,Governance and structure > University Council,Governance and structure > University Council,Notable people > Notable alumni,Macquarie_University_SEC_006_SENT_007,Macquarie_University_SEC_006_SENT_003,Macquarie_University_SEC_026_SENT_001,"It has certain powers delegated to it by the Council, such as the approving of examination results and the completion of requirements for the award of degrees.","The Council has primary responsibility for the control and management of the affairs of the university, and is empowered to make by-laws and rules relating to how the university is managed.",Alumni include Rhodes and John Monash Scholars and several Fulbright Scholars.,0.7021443843841553,0.5975284576416016,0.10461592674255371,1
TRIPLET_00213,Universities,Macquarie University,https://en.wikipedia.org/wiki/Macquarie_University,Campuses and buildings,Campuses and buildings,Student life > Student demographics,Macquarie_University_SEC_003_SENT_008,Macquarie_University_SEC_003_SENT_005,Macquarie_University_SEC_019_SENT_002,The main east–west walkway that runs from the Macquarie University Research Park to the arts faculty buildings was named Wally's Walk in recognition of Abraham's contribution.,"As the site adapted from its former rural use to a busy collegiate environment, he implemented carefully designed planting programs across the campus.",The university has the largest student exchange program in Australia.,0.48231327533721924,0.38679325580596924,0.09552001953125,1
TRIPLET_00214,Universities,Macquarie University,https://en.wikipedia.org/wiki/Macquarie_University,Academic profile > Admissions > International,Academic profile > Admissions > International,Academic profile > Research and publications,Macquarie_University_SEC_017_SENT_002,Macquarie_University_SEC_017_SENT_001,Macquarie_University_SEC_010_SENT_003,"Upon successful completion of a MUIC Diploma, students enter the appropriate bachelor's degree as a second year student.",The Macquarie University International College offers Foundation Studies (Pre-University) and University-level Diplomas.,The university is within the top 3 universities in Australia for the number of peer-reviewed publications produced per academic staff member.,0.6743254661560059,0.476738840341568,0.19758662581443787,1
TRIPLET_00215,Universities,Macquarie University,https://en.wikipedia.org/wiki/Macquarie_University,Academic profile > Museums and collections,Academic profile > Museums and collections,Student life > Student media and radio,Macquarie_University_SEC_013_SENT_001,Macquarie_University_SEC_013_SENT_003,Macquarie_University_SEC_020_SENT_001,The museums and collections of Macquarie University include nine museums and galleries.,"The most visible collection on campus is the sculpture park, which is exhibited across the entire campus; at close to 100 sculptures on display, it is the largest park of its kind in the Southern Hemisphere.","Macquarie University has its own community radio station on campus, 2SER FM.",0.4921364188194275,0.3449074625968933,0.14722895622253418,1
TRIPLET_00216,Universities,Macquarie University,https://en.wikipedia.org/wiki/Macquarie_University,Governance and structure > University Council > Chancellor and Vice-Chancellor,Governance and structure > University Council > Chancellor and Vice-Chancellor,Academic profile > Library and archives,Macquarie_University_SEC_007_SENT_003,Macquarie_University_SEC_007_SENT_001,Macquarie_University_SEC_012_SENT_004,"He also served as a pediatrician at the Massachusetts General Hospital for Children, and as Clinical Professor of Pediatrics at Harvard Medical School.","Macquarie's current vice-chancellor, Bruce Dowton, took over from Schwartz in September 2012.",The new library was Australia's first university library to possess an Automated Storage and Retrieval System (ASRS).,0.2967603802680969,0.2987102270126343,-0.0019498467445373535,0
TRIPLET_00217,Universities,Macquarie University,https://en.wikipedia.org/wiki/Macquarie_University,Academic profile > Museums and collections,Academic profile > Museums and collections,Academic profile > Other sub-units > Start-up incubator,Macquarie_University_SEC_013_SENT_004,Macquarie_University_SEC_013_SENT_003,Macquarie_University_SEC_014_SENT_003,"All museums and galleries are open to the public and offer educational programs for students at primary, secondary and tertiary levels.","The most visible collection on campus is the sculpture park, which is exhibited across the entire campus; at close to 100 sculptures on display, it is the largest park of its kind in the Southern Hemisphere.",Macquarie University received a $1 million grant from the New South Wales government to build the incubator.,0.491949200630188,0.35184246301651,0.14010673761367798,1
TRIPLET_00218,Universities,Macquarie University,https://en.wikipedia.org/wiki/Macquarie_University,Academic profile > Admissions > International,Academic profile > Admissions > International,Academic profile > Research and publications,Macquarie_University_SEC_017_SENT_002,Macquarie_University_SEC_017_SENT_001,Macquarie_University_SEC_010_SENT_010,"Upon successful completion of a MUIC Diploma, students enter the appropriate bachelor's degree as a second year student.",The Macquarie University International College offers Foundation Studies (Pre-University) and University-level Diplomas.,They offer dual and joint degree programs and engage in joint research.,0.6743254661560059,0.39537858963012695,0.2789468765258789,1
TRIPLET_00219,Universities,Macquarie University,https://en.wikipedia.org/wiki/Macquarie_University,Academic profile > Other sub-units > Start-up incubator,Academic profile > Other sub-units > Start-up incubator,Academic profile > Admissions > International,Macquarie_University_SEC_014_SENT_005,Macquarie_University_SEC_014_SENT_003,Macquarie_University_SEC_017_SENT_001,"It was officially opened by Prince Andrew, Duke of York on 25 September 2017.",Macquarie University received a $1 million grant from the New South Wales government to build the incubator.,The Macquarie University International College offers Foundation Studies (Pre-University) and University-level Diplomas.,0.39603114128112793,0.40552788972854614,-0.009496748447418213,0
TRIPLET_00220,Universities,Macquarie University,https://en.wikipedia.org/wiki/Macquarie_University,Student life > Leadership and development,Student life > Leadership and development,Academic profile > Research and publications,Macquarie_University_SEC_024_SENT_010,Macquarie_University_SEC_024_SENT_002,Macquarie_University_SEC_010_SENT_008,The GLP was awarded the 2018 NSW International Student Community Engagement Award (Joint Winner) in the Education Provider category.,"The GLP aims to instil leadership and innovation skills, cross-cultural understanding and a sense of global citizenship in its graduates.",The dictionary is regarded as the standard reference on Australian English.,0.6436218619346619,0.5456826090812683,0.09793925285339355,1
TRIPLET_00221,Universities,Macquarie University,https://en.wikipedia.org/wiki/Macquarie_University,Academic profile > Library and archives,Academic profile > Library and archives,Academic profile > Research and publications,Macquarie_University_SEC_012_SENT_004,Macquarie_University_SEC_012_SENT_001,Macquarie_University_SEC_010_SENT_012,The new library was Australia's first university library to possess an Automated Storage and Retrieval System (ASRS).,The library houses over 1.8 million items and uses the Library of Congress Classification System.,"It facilitates and supports the commercial needs of industry, business and government organisations seeking to utilise the academic expertise of the broader university community.",0.5405620336532593,0.3964557647705078,0.14410626888275146,1
TRIPLET_00222,Universities,Macquarie University,https://en.wikipedia.org/wiki/Macquarie_University,Governance and structure > Heraldry and insignia > Coat of arms,Governance and structure > Heraldry and insignia > Coat of arms,Governance and structure > University Council > Chancellor and Vice-Chancellor,Macquarie_University_SEC_008_SENT_006,Macquarie_University_SEC_008_SENT_003,Macquarie_University_SEC_007_SENT_001,"These arms, along with the new arms of the university, were formally unveiled on 31 May 1967 by the chancellor, Sir Garfield Barwick.","The motto chosen for the university, which following the rules of English heraldry does not form part of the original grant of arms, was And Gladly Teche, a phrase taken from the general prologue of The Canterbury Tales by Geoffrey Chaucer (circa 1400), and symbolises the university's commitment to both learning and teaching.","Macquarie's current vice-chancellor, Bruce Dowton, took over from Schwartz in September 2012.",0.6160626411437988,0.5745577812194824,0.041504859924316406,1
TRIPLET_00223,Universities,Macquarie University,https://en.wikipedia.org/wiki/Macquarie_University,Student life,Student life,Student life > Student media and radio,Macquarie_University_SEC_018_SENT_001,Macquarie_University_SEC_018_SENT_002,Macquarie_University_SEC_020_SENT_002,"Campus Life manages the university's non-academic services: food and retail, sport and recreation, student groups, child care, and entertainment.","From late 2017 onward its Campus Hub facility has been closed for reconstruction; a 'pop-up'-style replacement, the Campus Common, has been opened for the duration.",The station is jointly owned by Macquarie University and the University of Technology Sydney.,0.40549567341804504,0.4948459565639496,-0.08935028314590454,0
TRIPLET_00224,Universities,Macquarie University,https://en.wikipedia.org/wiki/Macquarie_University,Campuses and buildings,Campuses and buildings,Campuses and buildings > Macquarie University Hospital,Macquarie_University_SEC_003_SENT_002,Macquarie_University_SEC_003_SENT_004,Macquarie_University_SEC_004_SENT_004,"Macquarie's location within the high-technology corridor of Sydney's north-west, in close proximity to Macquarie Park and its surrounding industries, has been crucial in its development as a relatively research intensive university.","The university's first architect-planner was Walter Abraham, one of the first six administrators appointed to Macquarie University.","It comprises 183 beds, 13 operating theatres, 2 cardiac and vascular angiography suites.",0.4676133692264557,0.19945578277111053,0.26815758645534515,1
TRIPLET_00225,Universities,Macquarie University,https://en.wikipedia.org/wiki/Macquarie_University,Campuses and buildings > Commercial use,Campuses and buildings > Commercial use,Student life > Leadership and development,Macquarie_University_SEC_005_SENT_005,Macquarie_University_SEC_005_SENT_002,Macquarie_University_SEC_024_SENT_012,"Other companies that have office space at the campus include Dow Corning, Goodman Fielder, Nortel, OPSM, and Siemens.","Primarily designed to encourage interaction between the university and industry, commercialisation of its campus has also given the institution an additional revenue stream.","In 2019, the GLP won the Global PIEoneer Award for International Education in the category of 'Progressive Education Delivery' in Guildhall, London.",0.5809565186500549,0.33973559737205505,0.24122092127799988,1
TRIPLET_00226,Universities,Macquarie University,https://en.wikipedia.org/wiki/Macquarie_University,Campuses and buildings > Commercial use,Campuses and buildings > Commercial use,Governance and structure > University Council,Macquarie_University_SEC_005_SENT_003,Macquarie_University_SEC_005_SENT_005,Macquarie_University_SEC_006_SENT_002,Tenants are selected based on their potential to collaborate with the university's researches or their ability to provide opportunities for its students and graduates.,"Other companies that have office space at the campus include Dow Corning, Goodman Fielder, Nortel, OPSM, and Siemens.",The University Council is the governing authority of the university under the Macquarie University Act 1989.,0.5510650873184204,0.44956380128860474,0.10150128602981567,1
TRIPLET_00227,Universities,Macquarie University,https://en.wikipedia.org/wiki/Macquarie_University,Academic profile > Admissions > International,Academic profile > Admissions > International,Student life > Leadership and development,Macquarie_University_SEC_017_SENT_002,Macquarie_University_SEC_017_SENT_003,Macquarie_University_SEC_024_SENT_008,"Upon successful completion of a MUIC Diploma, students enter the appropriate bachelor's degree as a second year student.","The Centre for Macquarie English is the English-language centre that offers a range of specialised, direct entry English programs that are approved by Macquarie University.",The GLP won the Institute for International Education's 2017 Heiskell award for Innovation in International Education - Internationalising the Campus.,0.5384619832038879,0.48751550912857056,0.05094647407531738,1
TRIPLET_00228,Universities,Macquarie University,https://en.wikipedia.org/wiki/Macquarie_University,Student life > Campus traditions,Student life > Campus traditions,Academic profile > Research divisions,Macquarie_University_SEC_021_SENT_001,Macquarie_University_SEC_021_SENT_002,Macquarie_University_SEC_011_SENT_001,"Macquarie University students celebrate Conception Day each year since 1969 to – according to legend – commemorate the date of conception of Lachlan Macquarie, as his birthday fell at the wrong time of year for a celebration.",Conception Day is traditionally held on the last day of classes before the September mid-semester break.,"Research centres, schools and institutes that are affiliated with the university: The Australian Research Institute for Environment and Sustainability The Macquarie University Hospital The Australian Hearing Hub Macquarie University's Australian Hearing Hub is partnered with Cochlear.",0.6864399909973145,0.40471285581588745,0.281727135181427,1
TRIPLET_00229,Universities,Macquarie University,https://en.wikipedia.org/wiki/Macquarie_University,Academic profile > Research divisions,Academic profile > Research divisions,History > 20th century,Macquarie_University_SEC_011_SENT_001,Macquarie_University_SEC_011_SENT_003,Macquarie_University_SEC_001_SENT_014,"Research centres, schools and institutes that are affiliated with the university: The Australian Research Institute for Environment and Sustainability The Macquarie University Hospital The Australian Hearing Hub Macquarie University's Australian Hearing Hub is partnered with Cochlear.","The Australian Research Institute for Environment and Sustainability is a research centre that promotes change for environmental sustainability, is affiliated with the university and is located on its campus.",1969 also saw the establishment of the Macquarie Graduate School of Management (MGSM).,0.8371720314025879,0.581942617893219,0.2552294135093689,1
TRIPLET_00230,Universities,Macquarie University,https://en.wikipedia.org/wiki/Macquarie_University,Student life > Campus traditions,Student life > Campus traditions,Academic profile > Library and archives,Macquarie_University_SEC_021_SENT_002,Macquarie_University_SEC_021_SENT_001,Macquarie_University_SEC_012_SENT_002,Conception Day is traditionally held on the last day of classes before the September mid-semester break.,"Macquarie University students celebrate Conception Day each year since 1969 to – according to legend – commemorate the date of conception of Lachlan Macquarie, as his birthday fell at the wrong time of year for a celebration.","It has several collections, including a Rare Book Collection, a Palaeontology Collection and the Brunner Collection of Egyptological materials.",0.6864399909973145,0.16859552264213562,0.5178444683551788,1
TRIPLET_00231,Universities,Macquarie University,https://en.wikipedia.org/wiki/Macquarie_University,History > 21st century,History > 21st century,Academic profile > Academic reputation,Macquarie_University_SEC_002_SENT_013,Macquarie_University_SEC_002_SENT_014,Macquarie_University_SEC_015_SENT_005,"As part of this campaign, in 2009 Macquarie became the first Fair Trade accredited university in Australia.","The beginning of 2009 also saw the introduction of a new logo for the university which retained the Sirius Star, present on both the old logo and the university crest, but now 'embedded in a stylised lotus flower'.","In the 2025 Academic Ranking of World Universities, the university attained a position of #201–300 (9–13th nationally).",0.6230098605155945,0.5063492655754089,0.11666059494018555,1
TRIPLET_00232,Universities,Macquarie University,https://en.wikipedia.org/wiki/Macquarie_University,Campuses and buildings > Commercial use,Campuses and buildings > Commercial use,Academic profile > Other sub-units > Start-up incubator,Macquarie_University_SEC_005_SENT_002,Macquarie_University_SEC_005_SENT_001,Macquarie_University_SEC_014_SENT_001,"Primarily designed to encourage interaction between the university and industry, commercialisation of its campus has also given the institution an additional revenue stream.",The university hosts a number of high-technology companies on its campus.,The Macquarie University Incubator is a space to research and develop ideas that can be commercialised.,0.6353046894073486,0.6150832176208496,0.020221471786499023,1
TRIPLET_00233,Universities,Macquarie University,https://en.wikipedia.org/wiki/Macquarie_University,Student life > Student demographics,Student life > Student demographics,History > 20th century,Macquarie_University_SEC_019_SENT_003,Macquarie_University_SEC_019_SENT_001,Macquarie_University_SEC_001_SENT_007,"In 2012, 9,802 students from Asia were enrolled at Macquarie University (Sydney campuses and offshore programs in China, Hong Kong, Korea and Singapore).","Macquarie is the fourth largest university in Sydney (38,753 students in 2013).",A committee appointed to advise the state government on the establishment of the new university at North Ryde nominated Abraham as the architect-planner.,0.6366422772407532,0.3495520353317261,0.2870902419090271,1
TRIPLET_00234,Universities,Macquarie University,https://en.wikipedia.org/wiki/Macquarie_University,Student life,Student life,Student life > Student media and radio,Macquarie_University_SEC_018_SENT_002,Macquarie_University_SEC_018_SENT_001,Macquarie_University_SEC_020_SENT_002,"From late 2017 onward its Campus Hub facility has been closed for reconstruction; a 'pop-up'-style replacement, the Campus Common, has been opened for the duration.","Campus Life manages the university's non-academic services: food and retail, sport and recreation, student groups, child care, and entertainment.",The station is jointly owned by Macquarie University and the University of Technology Sydney.,0.40549567341804504,0.31921425461769104,0.086281418800354,1
TRIPLET_00235,Universities,Macquarie University,https://en.wikipedia.org/wiki/Macquarie_University,Governance and structure > University Council,Governance and structure > University Council,Academic profile > Admissions > International,Macquarie_University_SEC_006_SENT_009,Macquarie_University_SEC_006_SENT_006,Macquarie_University_SEC_017_SENT_003,It elects its own chair (vice president).,The Academic Senate is the primary academic body of the university.,"The Centre for Macquarie English is the English-language centre that offers a range of specialised, direct entry English programs that are approved by Macquarie University.",0.55419921875,0.4509820342063904,0.10321718454360962,1
TRIPLET_00236,Universities,Macquarie University,https://en.wikipedia.org/wiki/Macquarie_University,Academic profile > Museums and collections,Academic profile > Museums and collections,Student life > Transportation,Macquarie_University_SEC_013_SENT_001,Macquarie_University_SEC_013_SENT_004,Macquarie_University_SEC_025_SENT_003,The museums and collections of Macquarie University include nine museums and galleries.,"All museums and galleries are open to the public and offer educational programs for students at primary, secondary and tertiary levels.",There is also a major bus interchange on the campus that provides close to 800 bus services daily.,0.32135605812072754,0.3944808542728424,-0.07312479615211487,0
TRIPLET_00237,Universities,Macquarie University,https://en.wikipedia.org/wiki/Macquarie_University,Academic profile > Academic reputation,Academic profile > Academic reputation,Governance and structure > University Council > Chancellor and Vice-Chancellor,Macquarie_University_SEC_015_SENT_003,Macquarie_University_SEC_015_SENT_004,Macquarie_University_SEC_007_SENT_003,"Global publications In the 2026 Quacquarelli Symonds World University Rankings (published 2025), the university attained a tied position of #138 (11th nationally).","In the Times Higher Education World University Rankings 2026 (published 2025), the university attained a tied position of #166 (9th nationally).","He also served as a pediatrician at the Massachusetts General Hospital for Children, and as Clinical Professor of Pediatrics at Harvard Medical School.",0.9017493724822998,0.2947956919670105,0.6069536805152893,1
TRIPLET_00238,Universities,Macquarie University,https://en.wikipedia.org/wiki/Macquarie_University,Student life > Campus traditions,Student life > Campus traditions,Academic profile > Library and archives,Macquarie_University_SEC_021_SENT_002,Macquarie_University_SEC_021_SENT_001,Macquarie_University_SEC_012_SENT_001,Conception Day is traditionally held on the last day of classes before the September mid-semester break.,"Macquarie University students celebrate Conception Day each year since 1969 to – according to legend – commemorate the date of conception of Lachlan Macquarie, as his birthday fell at the wrong time of year for a celebration.",The library houses over 1.8 million items and uses the Library of Congress Classification System.,0.6864399909973145,0.28730717301368713,0.3991328179836273,1
TRIPLET_00239,Universities,Macquarie University,https://en.wikipedia.org/wiki/Macquarie_University,Campuses and buildings > Macquarie University Hospital,Campuses and buildings > Macquarie University Hospital,Student life,Macquarie_University_SEC_004_SENT_004,Macquarie_University_SEC_004_SENT_003,Macquarie_University_SEC_018_SENT_002,"It comprises 183 beds, 13 operating theatres, 2 cardiac and vascular angiography suites.",The Macquarie University Hospital is north of the main campus area towards the university sports grounds.,"From late 2017 onward its Campus Hub facility has been closed for reconstruction; a 'pop-up'-style replacement, the Campus Common, has been opened for the duration.",0.42097193002700806,0.2941966950893402,0.12677523493766785,1
TRIPLET_00240,Universities,Macquarie University,https://en.wikipedia.org/wiki/Macquarie_University,Student life > Sports and athletics,Student life > Sports and athletics,Student life > Leadership and development,Macquarie_University_SEC_022_SENT_003,Macquarie_University_SEC_022_SENT_004,Macquarie_University_SEC_024_SENT_008,It houses a 50-metre FINA-compliant outdoor pool and a 25-metre indoor pool.,"The complex also contains a gymnasium and squash, badminton, basketball, volleyball and netball courts.",The GLP won the Institute for International Education's 2017 Heiskell award for Innovation in International Education - Internationalising the Campus.,0.38994133472442627,0.2839626669883728,0.10597866773605347,1
TRIPLET_00241,Universities,Macquarie University,https://en.wikipedia.org/wiki/Macquarie_University,Academic profile > Academic reputation,Academic profile > Academic reputation,Student life > Campus traditions,Macquarie_University_SEC_015_SENT_002,Macquarie_University_SEC_015_SENT_006,Macquarie_University_SEC_021_SENT_001,"National publications In the Australian Financial Review Best Universities Ranking 2025, the university was ranked #13 amongst Australian universities.","In the 2025–2026 U.S. News & World Report Best Global Universities, the university attained a tied position of #178 (12th nationally).","Macquarie University students celebrate Conception Day each year since 1969 to – according to legend – commemorate the date of conception of Lachlan Macquarie, as his birthday fell at the wrong time of year for a celebration.",0.8076212406158447,0.5376923084259033,0.2699289321899414,1
TRIPLET_00242,Universities,Macquarie University,https://en.wikipedia.org/wiki/Macquarie_University,Academic profile > Student outcomes,Academic profile > Student outcomes,Campuses and buildings > Macquarie University Hospital,Macquarie_University_SEC_016_SENT_003,Macquarie_University_SEC_016_SENT_002,Macquarie_University_SEC_004_SENT_002,"In the 2023 Employer Satisfaction Survey, graduates of the university had an overall employer satisfaction rate of 83.5%.","These surveys place more emphasis on criteria such as student experience, graduate outcomes and employer satisfaction than perceived reputation, research output and citation counts.",The hospital is the first and only private not-for-profit teaching hospital on an Australian university campus.,0.49895355105400085,0.4586455821990967,0.040307968854904175,1
TRIPLET_00243,Universities,Macquarie University,https://en.wikipedia.org/wiki/Macquarie_University,Student life > Leadership and development,Student life > Leadership and development,Academic profile > Other sub-units > Start-up incubator,Macquarie_University_SEC_024_SENT_002,Macquarie_University_SEC_024_SENT_013,Macquarie_University_SEC_014_SENT_001,"The GLP aims to instil leadership and innovation skills, cross-cultural understanding and a sense of global citizenship in its graduates.",The PIEoneer Awards are the only global awards that celebrate innovation and achievement across the whole of the international education industry.,The Macquarie University Incubator is a space to research and develop ideas that can be commercialised.,0.5552273392677307,0.6550129055976868,-0.09978556632995605,0
TRIPLET_00244,Universities,Macquarie University,https://en.wikipedia.org/wiki/Macquarie_University,Governance and structure > Heraldry and insignia > Coat of arms,Governance and structure > Heraldry and insignia > Coat of arms,Governance and structure > Heraldry and insignia > Branding,Macquarie_University_SEC_008_SENT_002,Macquarie_University_SEC_008_SENT_004,Macquarie_University_SEC_009_SENT_001,"The escutcheon (in green taken from the tartan of Clan MacQuarrie) displays the Macquarie Lighthouse tower, the first major public building in the colony when completed in 1816, as well as the Sirius star (in gold), which was also the name of the flagship of the First Fleet.","The university's founders originally wanted to base the university's arms on Lachlan Macquarie's family arms, but they decided to go for a more conceptual approach that represented Lachlan Macquarie as a builder and administrator.",Macquarie has had a number of logos in its history.,0.537061333656311,0.3958541750907898,0.14120715856552124,1
TRIPLET_00245,Universities,Macquarie University,https://en.wikipedia.org/wiki/Macquarie_University,Academic profile > Research and publications,Academic profile > Research and publications,Academic profile > Library and archives,Macquarie_University_SEC_010_SENT_008,Macquarie_University_SEC_010_SENT_002,Macquarie_University_SEC_012_SENT_005,The dictionary is regarded as the standard reference on Australian English.,"In 2012, 85% of Macquarie's broad fields of research was rated 'at or above world standard' in the Excellence in Research for Australia 2012 National report.",The ASRS consists of an environmentally controlled vault with metal bins storing the items; robotic cranes retrieve an item on request and deliver it to the service desk for collection.,0.5249404907226562,0.27447086572647095,0.2504696249961853,1
TRIPLET_00246,Universities,Macquarie University,https://en.wikipedia.org/wiki/Macquarie_University,Student life > Student demographics,Student life > Student demographics,Academic profile > Research divisions,Macquarie_University_SEC_019_SENT_001,Macquarie_University_SEC_019_SENT_003,Macquarie_University_SEC_011_SENT_001,"Macquarie is the fourth largest university in Sydney (38,753 students in 2013).","In 2012, 9,802 students from Asia were enrolled at Macquarie University (Sydney campuses and offshore programs in China, Hong Kong, Korea and Singapore).","Research centres, schools and institutes that are affiliated with the university: The Australian Research Institute for Environment and Sustainability The Macquarie University Hospital The Australian Hearing Hub Macquarie University's Australian Hearing Hub is partnered with Cochlear.",0.6366422772407532,0.3595185875892639,0.27712368965148926,1
TRIPLET_00247,Universities,Macquarie University,https://en.wikipedia.org/wiki/Macquarie_University,Governance and structure > Heraldry and insignia > Branding,Governance and structure > Heraldry and insignia > Branding,Academic profile > Student outcomes,Macquarie_University_SEC_009_SENT_001,Macquarie_University_SEC_009_SENT_003,Macquarie_University_SEC_016_SENT_001,Macquarie has had a number of logos in its history.,"The logo reintroduced the Macquarie Lighthouse, a popular symbol of the university within the university community and maintained the Sirus Star.",The Australian Government's QILT conducts national surveys documenting the student life cycle from enrolment through to employment.,0.4790448546409607,0.3564203083515167,0.12262454628944397,1
TRIPLET_00248,Universities,Macquarie University,https://en.wikipedia.org/wiki/Macquarie_University,Academic profile > Academic reputation,Academic profile > Academic reputation,Academic profile > Student outcomes,Macquarie_University_SEC_015_SENT_003,Macquarie_University_SEC_015_SENT_006,Macquarie_University_SEC_016_SENT_004,"Global publications In the 2026 Quacquarelli Symonds World University Rankings (published 2025), the university attained a tied position of #138 (11th nationally).","In the 2025–2026 U.S. News & World Report Best Global Universities, the university attained a tied position of #178 (12th nationally).","In the 2023 Graduate Outcomes Survey, graduates of the university had a full-time employment rate of 78.7% for undergraduates and 87.3% for postgraduates.",0.9267498254776001,0.7333434820175171,0.193406343460083,1
TRIPLET_00249,Universities,Macquarie University,https://en.wikipedia.org/wiki/Macquarie_University,Student life > Leadership and development,Student life > Leadership and development,Governance and structure > University Council,Macquarie_University_SEC_024_SENT_011,Macquarie_University_SEC_024_SENT_006,Macquarie_University_SEC_006_SENT_009,"This award recognises the innovative way in which the GLP facilitates connection and engagement with community for Macquarie University International GLP Students, and also recognises the contribution that the GLP makes to the International Student experience in New South Wales.","Students are required to complete a workshop series, attend tailored keynote speaker and networking events and complete an experiential credit component.",It elects its own chair (vice president).,0.4852520525455475,0.18549375236034393,0.29975830018520355,1
TRIPLET_00250,Universities,Macquarie University,https://en.wikipedia.org/wiki/Macquarie_University,Notable people > Notable alumni,Notable people > Notable alumni,Academic profile > Museums and collections,Macquarie_University_SEC_026_SENT_002,Macquarie_University_SEC_026_SENT_001,Macquarie_University_SEC_013_SENT_004,"Notable alumni in science include: Australian scientist Barry Brook, American physicist Frank Duarte, and Australian physicist Cathy Foley.",Alumni include Rhodes and John Monash Scholars and several Fulbright Scholars.,"All museums and galleries are open to the public and offer educational programs for students at primary, secondary and tertiary levels.",0.6047377586364746,0.3497766852378845,0.2549610733985901,1
TRIPLET_00251,Universities,University of Sydney,https://en.wikipedia.org/wiki/University_of_Sydney,Academic profile > Academic reputation,Academic profile > Academic reputation,History > 2020s,University_of_Sydney_SEC_017_SENT_005,University_of_Sydney_SEC_017_SENT_004,University_of_Sydney_SEC_005_SENT_001,"In the 2025 Academic Ranking of World Universities, the university attained a position of #72 (3rd nationally).","In the Times Higher Education World University Rankings 2026 (published 2025), the university attained a tied position of #53 (2nd nationally).","In the 2021 National Student Safety Survey (NSSS) on sexual assault and harassment on university campuses, the University of Sydney recorded the lowest response rate with nearly a fifth (18.5%) of student respondents reporting experiencing sexual harassment since starting university and 6.7% experiencing sexual assault.",0.8519660830497742,0.5193115472793579,0.33265453577041626,1
TRIPLET_00252,Universities,University of Sydney,https://en.wikipedia.org/wiki/University_of_Sydney,Controversies > Cyberattack,Controversies > Cyberattack,Controversies > Insufficient seating,University_of_Sydney_SEC_026_SENT_002,University_of_Sydney_SEC_026_SENT_001,University_of_Sydney_SEC_025_SENT_002,"The university spokesman confirmed approximately 20,000 university staff, past and present, were affected.","In late 2025, there was a major cyberattack in the university where hackers accessed personal information of thousands of students and university staff.",Students have been forced to fight for seating including one case where a tutorial had over 40 people.,0.5962213277816772,0.48659783601760864,0.1096234917640686,1
TRIPLET_00253,Universities,University of Sydney,https://en.wikipedia.org/wiki/University_of_Sydney,Controversies > Cyberattack,Controversies > Cyberattack,Academic profile > Museums and galleries > Collections,University_of_Sydney_SEC_026_SENT_002,University_of_Sydney_SEC_026_SENT_001,University_of_Sydney_SEC_016_SENT_006,"The university spokesman confirmed approximately 20,000 university staff, past and present, were affected.","In late 2025, there was a major cyberattack in the university where hackers accessed personal information of thousands of students and university staff.","The Macleay Collection is named after Alexander Macleay, whose collection of insects begun in the late 18th century was the basis upon which the Macleay Museum was founded in 1887.",0.5962213277816772,0.3335399627685547,0.26268136501312256,1
TRIPLET_00254,Universities,University of Sydney,https://en.wikipedia.org/wiki/University_of_Sydney,Governance and structure > Heraldry and insignia > Coat of arms,Governance and structure > Heraldry and insignia > Coat of arms,History > 2000s,University_of_Sydney_SEC_013_SENT_005,University_of_Sydney_SEC_013_SENT_003,University_of_Sydney_SEC_003_SENT_005,"Francis Merewether, Vice-Chancellor and later Chancellor, in 1857 proposed ""Coelum non animum mutant"" from Horace (Ep.1.11.27) but after objections changed it to a metrical version including ""Sidus"" (Star), a neat reference to the Southern Cross and perhaps the Sydney family link with Sir Philip Sidney's ""Astrophel (Star-Lover) & Stella (Star)"".","The use of eight-pointed stars was unusual for arms at the time, although they had been used unofficially as emblems for New South Wales since the 1820s and on the arms of the Church of England Diocese of Australia in 1836.","In 2007, the university agreed to acquire a portion of the land granted to St John's College (a residential college of the university) to develop the Sydney Institute of Health and Medical Research, now the Charles Perkins Centre, named in honour of the first Indigenous Australian man to graduate from the university, Charles Perkins.",0.6762442588806152,0.5874344706535339,0.0888097882270813,1
TRIPLET_00255,Universities,University of Sydney,https://en.wikipedia.org/wiki/University_of_Sydney,Governance and structure > Faculties and departments > Centre for Continuing education,Governance and structure > Faculties and departments > Centre for Continuing education,Campuses and buildings > Halls of residence,University_of_Sydney_SEC_010_SENT_001,University_of_Sydney_SEC_010_SENT_002,University_of_Sydney_SEC_009_SENT_006,The Centre for Continuing Education is an adult education provider within the university.,"Extension lectures at the university were inaugurated in 1886, 36 years after the university's founding, making it Australia's longest running university continuing education program.","There is a university-affiliated housing cooperative, Stucco.",0.4614658057689667,0.659674346446991,-0.1982085406780243,0
TRIPLET_00256,Universities,University of Sydney,https://en.wikipedia.org/wiki/University_of_Sydney,Governance and structure > Faculties and departments > Centre for International Security Studies,Governance and structure > Faculties and departments > Centre for International Security Studies,History > 1950–2000,University_of_Sydney_SEC_011_SENT_001,University_of_Sydney_SEC_011_SENT_002,University_of_Sydney_SEC_002_SENT_010,"The Centre for International Security Studies (CISS) at The University of Sydney is an academic research centre focused on international security, global politics, and the intersection of security with various global challenges.",The current director is James Der Derian.,"In January 2005, the University of Sydney transferred the OAC to Charles Sturt University.",0.29319891333580017,0.47249236702919006,-0.1792934536933899,0
TRIPLET_00257,Universities,University of Sydney,https://en.wikipedia.org/wiki/University_of_Sydney,History > 2020s,History > 2020s,Controversies > Cyberattack,University_of_Sydney_SEC_005_SENT_003,University_of_Sydney_SEC_005_SENT_001,University_of_Sydney_SEC_026_SENT_002,"Starting on 23 April 2024, as a protest of the Gaza war, pro-Palestinian students and staff of the university began occupying part of campus.","In the 2021 National Student Safety Survey (NSSS) on sexual assault and harassment on university campuses, the University of Sydney recorded the lowest response rate with nearly a fifth (18.5%) of student respondents reporting experiencing sexual harassment since starting university and 6.7% experiencing sexual assault.","The university spokesman confirmed approximately 20,000 university staff, past and present, were affected.",0.5856516361236572,0.5709307193756104,0.014720916748046875,1
TRIPLET_00258,Universities,University of Sydney,https://en.wikipedia.org/wiki/University_of_Sydney,Campuses and buildings > Satellite campuses,Campuses and buildings > Satellite campuses,History > 1850–1950,University_of_Sydney_SEC_007_SENT_015,University_of_Sydney_SEC_007_SENT_006,University_of_Sydney_SEC_001_SENT_015,"Taylors College at Waterloo in Sydney is operated by Navitas for its Foundation Program, catering to international students wishing to enter the university.",Sydney CBD campus: The University of Sydney Business School CBD campus is located on Castlereagh Street in the heart of Sydney's CBD close to Town Hall station.,"In 1885 the first women to receive BA degrees from the university were Mary Elizabeth Brown and Isola Florence Thompson, while Thompson became the first woman to graduate with an MA in 1887.",0.6375907063484192,0.538986325263977,0.09860438108444214,1
TRIPLET_00259,Universities,University of Sydney,https://en.wikipedia.org/wiki/University_of_Sydney,Student life > Revues,Student life > Revues,Governance and structure > Heraldry and insignia > Coat of arms,University_of_Sydney_SEC_021_SENT_005,University_of_Sydney_SEC_021_SENT_003,University_of_Sydney_SEC_013_SENT_004,"The Revues range in budget and cast size, with the Faculty Revues using larger venues, and higher budgets as a result of Faculty funding.",Most of the revues are performed in the Seymour Centre on the university's Darlington campus.,"According to the university, the Latin motto Sidere mens eadem mutato can be translated to ""the stars change, the mind remains the same.""",0.5102436542510986,0.2992364764213562,0.21100717782974243,1
TRIPLET_00260,Universities,University of Sydney,https://en.wikipedia.org/wiki/University_of_Sydney,Governance and structure > Heraldry and insignia > Coat of arms,Governance and structure > Heraldry and insignia > Coat of arms,Student life > Revues,University_of_Sydney_SEC_013_SENT_006,University_of_Sydney_SEC_013_SENT_001,University_of_Sydney_SEC_021_SENT_005,"Author and university alumnus Clive James quipped in his 1981 autobiography that the motto loosely implies ""Sydney University is really Oxford or Cambridge laterally displaced approximately 12,000 miles.""",The Grant of Arms was made by the College of Arms in 1857.,"The Revues range in budget and cast size, with the Faculty Revues using larger venues, and higher budgets as a result of Faculty funding.",0.40752705931663513,0.35710713267326355,0.05041992664337158,1
TRIPLET_00261,Universities,University of Sydney,https://en.wikipedia.org/wiki/University_of_Sydney,Notable people > Notable alumni,Notable people > Notable alumni,Academic profile > Libraries and archives,University_of_Sydney_SEC_022_SENT_008,University_of_Sydney_SEC_022_SENT_002,University_of_Sydney_SEC_014_SENT_003,"Chaos theory pioneer and Crafoord Laureate Robert May is an alumnus of and former professor at the School of Physics, best known for his exploration of the logistic map bifurcations.","Notable alumni of Sydney include eight prime ministers, the most of any university, five chief justices of the High Court, four federal opposition leaders, two governors-general, nine federal attorneys-general, 13 premiers of New South Wales and 26 justices of the High Court—more than any other law school in Australia.","According to the library's publications, it is the largest academic library in the Southern Hemisphere; university statistics show that in 2008 the collection consisted of 5.186 million items.",0.4254450500011444,0.4251236021518707,0.00032144784927368164,1
TRIPLET_00262,Universities,University of Sydney,https://en.wikipedia.org/wiki/University_of_Sydney,Governance and structure > Faculties and departments > Centre for International Security Studies,Governance and structure > Faculties and departments > Centre for International Security Studies,Governance and structure > Faculties and departments > Centre for Continuing education,University_of_Sydney_SEC_011_SENT_001,University_of_Sydney_SEC_011_SENT_002,University_of_Sydney_SEC_010_SENT_001,"The Centre for International Security Studies (CISS) at The University of Sydney is an academic research centre focused on international security, global politics, and the intersection of security with various global challenges.",The current director is James Der Derian.,The Centre for Continuing Education is an adult education provider within the university.,0.29319891333580017,0.43437764048576355,-0.14117872714996338,0
TRIPLET_00263,Universities,University of Sydney,https://en.wikipedia.org/wiki/University_of_Sydney,Controversies > Staff underpayment,Controversies > Staff underpayment,Academic profile > Libraries and archives,University_of_Sydney_SEC_024_SENT_002,University_of_Sydney_SEC_024_SENT_005,University_of_Sydney_SEC_014_SENT_007,Fairfax reported Spence and other Uni bosses have salary packages worth ten times more than staff salaries and double that of the Prime Minister.,"In October 2021, 80 casual staff members made a $2 million wage theft claim for paying for each assignment marked instead of by the hour, underpayment for teaching preparation, lecture attendance, student consultation and other teaching duties, as well as misclassifying marking work at a level that attracts a lower pay.",The copy of the Gospel of Barnabas and a first edition of Philosophiae Naturalis Principia Mathematica by Sir Isaac Newton are held here.,0.7151451110839844,0.2487100511789322,0.4664350599050522,1
TRIPLET_00264,Universities,University of Sydney,https://en.wikipedia.org/wiki/University_of_Sydney,Academic profile > Student outcomes,Academic profile > Student outcomes,Campuses and buildings > Affiliated colleges,University_of_Sydney_SEC_018_SENT_001,University_of_Sydney_SEC_018_SENT_004,University_of_Sydney_SEC_008_SENT_002,The Australian Government's QILT conducts national surveys documenting the student life cycle from enrolment through to employment.,"In the 2023 Graduate Outcomes Survey, graduates of the university had a full-time employment rate of 80.9% for undergraduates and 89% for postgraduates.","Unlike some residential colleges in British or American universities, the colleges are not affiliated with any specific discipline of study.",0.6358447670936584,0.26068228483200073,0.3751624822616577,1
TRIPLET_00265,Universities,University of Sydney,https://en.wikipedia.org/wiki/University_of_Sydney,Student life > Student union,Student life > Student union,Governance and structure > Heraldry and insignia > Coat of arms,University_of_Sydney_SEC_019_SENT_006,University_of_Sydney_SEC_019_SENT_005,University_of_Sydney_SEC_013_SENT_003,"Elections for the USU board of directors occur in first semester; elections for the SRC president, and for members of the Students' Representative Council itself, occur in second semester, along with a separate election for the editorial board of the student newspaper Honi Soit, which is published by the SRC.","The SRC and Union are both governed by student representatives, who are elected by students each year.","The use of eight-pointed stars was unusual for arms at the time, although they had been used unofficially as emblems for New South Wales since the 1820s and on the arms of the Church of England Diocese of Australia in 1836.",0.8325812816619873,0.39079540967941284,0.44178587198257446,1
TRIPLET_00266,Universities,University of Sydney,https://en.wikipedia.org/wiki/University_of_Sydney,Student life > Revues,Student life > Revues,Governance and structure > Faculties and departments > Centre for International Security Studies,University_of_Sydney_SEC_021_SENT_006,University_of_Sydney_SEC_021_SENT_004,University_of_Sydney_SEC_011_SENT_002,"Past revuers have gone on to perform, write and produce shows in other festivals, such as the Edinburgh Festival Fringe, the New York International Fringe Festival, and the Melbourne International Comedy Festival, as well as in comedy shows such as The Chaser, The Aunty Jack Show, The Ronnie Johns Half Hour, and The Axis of Awesome.","The revues are supported financially and administratively by the University of Sydney Union (USU) and presented in collective ""seasons"".",The current director is James Der Derian.,0.4974213242530823,0.14319461584091187,0.3542267084121704,1
TRIPLET_00267,Universities,University of Sydney,https://en.wikipedia.org/wiki/University_of_Sydney,Student life > Charles Perkins Oration and Prize,Student life > Charles Perkins Oration and Prize,History > 2020s,University_of_Sydney_SEC_020_SENT_003,University_of_Sydney_SEC_020_SENT_004,University_of_Sydney_SEC_005_SENT_002,"The Oration includes the Charles Perkins Memorial Prize, which recognises the achievements of the top three Indigenous students at the university, based on the highest academic results in their field.","In 2021, the awards event could not be held in the great hall, owing to the COVID-19 pandemic in Australia, but Perkins' daughter, filmmaker Rachel Perkins, announced the recipients, and introduced Tony McAvoy, Australia's first Indigenous Queen's Counsel, to deliver the oration.","In 2022, the university's National Tertiary Education Union voted to go on strike for 48 hours, demanding an end to job insecurity, protection of academics' right to a 40 per cent research component in their workload, a pay rise, enforceable targets for Aboriginal and Torres Strait Islander employment, and improved rights for professional members.",0.3531058132648468,0.5238265991210938,-0.17072078585624695,0
TRIPLET_00268,Universities,University of Sydney,https://en.wikipedia.org/wiki/University_of_Sydney,History > 2000s,History > 2000s,History > 2010s,University_of_Sydney_SEC_003_SENT_004,University_of_Sydney_SEC_003_SENT_003,University_of_Sydney_SEC_004_SENT_011,"In 2005, the Public Service Association of New South Wales and the Community and Public Sector Union were in dispute with the university over a proposal to privatise security at the main campus (and the Cumberland campus).","Subsequently, his wife, Kathryn Greiner, resigned in protest from the two positions she held at the university as chair of the Sydney Peace Foundation and a member of the executive council of the Research Institute for Asia and the Pacific.","This included redundancies of a number of university staff and faculty, though some at the university argued that the institution should have cut back on building programs instead.",0.6936153769493103,0.6447513699531555,0.048864006996154785,1
TRIPLET_00269,Universities,University of Sydney,https://en.wikipedia.org/wiki/University_of_Sydney,Campuses and buildings > Halls of residence,Campuses and buildings > Halls of residence,History > 2010s,University_of_Sydney_SEC_009_SENT_005,University_of_Sydney_SEC_009_SENT_004,University_of_Sydney_SEC_004_SENT_014,"Additionally, the university owns and has operated International House until its closure in 2021.",The Student Accommodation Service and the Mana Yura Student Support Service were the first in Australia to implement an Aboriginal and Torres Strait Islander On-Campus Residence Halls Scholarship Guarantee.,"Asked to rate their level of agreement with a series of statements about the university, 19 per cent of those surveyed believed ""change and innovation"" were handled well by the university.",0.4193280041217804,0.46372267603874207,-0.04439467191696167,0
TRIPLET_00270,Universities,University of Sydney,https://en.wikipedia.org/wiki/University_of_Sydney,History > 2000s,History > 2000s,History > 2020s,University_of_Sydney_SEC_003_SENT_005,University_of_Sydney_SEC_003_SENT_001,University_of_Sydney_SEC_005_SENT_003,"In 2007, the university agreed to acquire a portion of the land granted to St John's College (a residential college of the university) to develop the Sydney Institute of Health and Medical Research, now the Charles Perkins Centre, named in honour of the first Indigenous Australian man to graduate from the university, Charles Perkins.","In 2001, the University of Sydney chancellor, Dame Leonie Kramer, was forced to resign by the university's governing body.","Starting on 23 April 2024, as a protest of the Gaza war, pro-Palestinian students and staff of the university began occupying part of campus.",0.5302830338478088,0.4976520538330078,0.032630980014801025,1
TRIPLET_00271,Universities,University of Sydney,https://en.wikipedia.org/wiki/University_of_Sydney,Controversies > Insufficient seating,Controversies > Insufficient seating,Academic profile > Academic reputation,University_of_Sydney_SEC_025_SENT_003,University_of_Sydney_SEC_025_SENT_001,University_of_Sydney_SEC_017_SENT_002,This made it impossible to fully participate in tutorials which count for 10% of marks.,Students in 2025 have been forced to sit on the floor because of excessive enrolments.,"National publications In the Australian Financial Review Best Universities Ranking 2025, the university was ranked #6 amongst Australian universities.",0.49688756465911865,0.38216403126716614,0.11472353339195251,1
TRIPLET_00272,Universities,University of Sydney,https://en.wikipedia.org/wiki/University_of_Sydney,Governance and structure > Heraldry and insignia > Coat of arms,Governance and structure > Heraldry and insignia > Coat of arms,Academic profile > Student outcomes,University_of_Sydney_SEC_013_SENT_004,University_of_Sydney_SEC_013_SENT_003,University_of_Sydney_SEC_018_SENT_005,"According to the university, the Latin motto Sidere mens eadem mutato can be translated to ""the stars change, the mind remains the same.""","The use of eight-pointed stars was unusual for arms at the time, although they had been used unofficially as emblems for New South Wales since the 1820s and on the arms of the Church of England Diocese of Australia in 1836.","The initial full-time salary was A$70,000 for undergraduates and A$96,000 for postgraduates.",0.35934537649154663,0.34985047578811646,0.009494900703430176,1
TRIPLET_00273,Universities,University of Sydney,https://en.wikipedia.org/wiki/University_of_Sydney,Governance and structure > Finances and endowment,Governance and structure > Finances and endowment,Controversies > Sexual harassment,University_of_Sydney_SEC_012_SENT_001,University_of_Sydney_SEC_012_SENT_002,University_of_Sydney_SEC_023_SENT_003,The university has the highest annual revenues of any Australian university.,It also has received a number of significant bequests and legacies over its history.,This is less than the 2017 Australian Human Rights Commission report on sexual assault and harassment which found reported figures substantially higher than this.,0.2569214999675751,0.6151505708694458,-0.3582290709018707,0
TRIPLET_00274,Universities,University of Sydney,https://en.wikipedia.org/wiki/University_of_Sydney,Notable people > Notable alumni,Notable people > Notable alumni,Controversies > Sexual harassment,University_of_Sydney_SEC_022_SENT_009,University_of_Sydney_SEC_022_SENT_010,University_of_Sydney_SEC_023_SENT_008,"The first Australian citizen in space and recipient of the Advance Global Australian of the Year Award 2014, Chris Boshuizen attended the school receiving his PhD in 2005.","In the performing arts, notable alumni include soprano Joan Sutherland; Shakespearean actor John Bell, producer and director Dolph Lundgren; and Bahraini–Sri Lankan actress Jacqueline Fernandez.","Graphic videos emerged in 2018 of male students bragging of their sexual feats over the female students, particularly first-years.",0.26863622665405273,0.45348137617111206,-0.18484514951705933,0
TRIPLET_00275,Universities,University of Sydney,https://en.wikipedia.org/wiki/University_of_Sydney,Governance and structure > Faculties and departments > Centre for Continuing education,Governance and structure > Faculties and departments > Centre for Continuing education,Academic profile > Academic reputation,University_of_Sydney_SEC_010_SENT_001,University_of_Sydney_SEC_010_SENT_002,University_of_Sydney_SEC_017_SENT_007,The Centre for Continuing Education is an adult education provider within the university.,"Extension lectures at the university were inaugurated in 1886, 36 years after the university's founding, making it Australia's longest running university continuing education program.","In the CWTS Leiden Ranking 2024, the university attained a position of #42 (3rd nationally).",0.4614658057689667,0.2879641056060791,0.17350170016288757,1
TRIPLET_00276,Universities,University of Sydney,https://en.wikipedia.org/wiki/University_of_Sydney,Academic profile > Museums and galleries,Academic profile > Museums and galleries,Campuses and buildings > Main campus,University_of_Sydney_SEC_015_SENT_004,University_of_Sydney_SEC_015_SENT_005,University_of_Sydney_SEC_006_SENT_005,"The museum is named after Chau Chak Wing, a Chinese-Australian businessman and philanthropist.","In 2021, the Chau Chak Wing Museum won the Museums and Galleries National Award (MAGNA) and two Museums Australasia Multimedia and Publication Design Awards (MAPDA).","He composed the original Neo-Gothic sandstone Quadrangle and Great Tower buildings, which were completed in 1862.",0.49082374572753906,0.2737467885017395,0.21707695722579956,1
TRIPLET_00277,Universities,University of Sydney,https://en.wikipedia.org/wiki/University_of_Sydney,Campuses and buildings > Affiliated colleges,Campuses and buildings > Affiliated colleges,Academic profile > Museums and galleries,University_of_Sydney_SEC_008_SENT_001,University_of_Sydney_SEC_008_SENT_002,University_of_Sydney_SEC_015_SENT_005,"Affiliated with the university are five denominational, one Jewish and one women's college.","Unlike some residential colleges in British or American universities, the colleges are not affiliated with any specific discipline of study.","In 2021, the Chau Chak Wing Museum won the Museums and Galleries National Award (MAGNA) and two Museums Australasia Multimedia and Publication Design Awards (MAPDA).",0.4482812285423279,0.3455964922904968,0.10268473625183105,1
TRIPLET_00278,Universities,University of Sydney,https://en.wikipedia.org/wiki/University_of_Sydney,Campuses and buildings > Satellite campuses,Campuses and buildings > Satellite campuses,History > 2000s,University_of_Sydney_SEC_007_SENT_010,University_of_Sydney_SEC_007_SENT_002,University_of_Sydney_SEC_003_SENT_005,"The Molonglo Observatory is located in Hoskinstown, near Canberra.","The Sydney Conservatorium of Music: Formerly the NSW State Conservatorium of Music, the Sydney Conservatorium of Music (SCM) is located in the Sydney CBD on the edge of Sydney's Royal Botanic Garden, a short distance from the Sydney Opera House.","In 2007, the university agreed to acquire a portion of the land granted to St John's College (a residential college of the university) to develop the Sydney Institute of Health and Medical Research, now the Charles Perkins Centre, named in honour of the first Indigenous Australian man to graduate from the university, Charles Perkins.",0.6083133220672607,0.479958176612854,0.12835514545440674,1
TRIPLET_00279,Universities,University of Sydney,https://en.wikipedia.org/wiki/University_of_Sydney,Academic profile > Museums and galleries,Academic profile > Museums and galleries,Campuses and buildings > Halls of residence,University_of_Sydney_SEC_015_SENT_002,University_of_Sydney_SEC_015_SENT_001,University_of_Sydney_SEC_009_SENT_001,"Located opposite the quadrangle buildings, the museum opened to the public in November 2020.","The Chau Chak Wing Museum showcases the university's art, natural history and antiquities collections.","The halls of residence are owned by the university and operated by UniLodge, under supervision from the University Accommodation Service.",0.3937084376811981,0.3501306176185608,0.04357782006263733,1
TRIPLET_00280,Universities,University of Sydney,https://en.wikipedia.org/wiki/University_of_Sydney,Governance and structure > Faculties and departments > Centre for Continuing education,Governance and structure > Faculties and departments > Centre for Continuing education,Notable people > Notable alumni,University_of_Sydney_SEC_010_SENT_002,University_of_Sydney_SEC_010_SENT_001,University_of_Sydney_SEC_022_SENT_004,"Extension lectures at the university were inaugurated in 1886, 36 years after the university's founding, making it Australia's longest running university continuing education program.",The Centre for Continuing Education is an adult education provider within the university.,"Internationally, alumni of Sydney Law School include the third president of the United Nations General Assembly and a president of the International Court of Justice (in each case, the only Australians to date to hold such positions).",0.4614658057689667,0.6024115085601807,-0.140945702791214,0
TRIPLET_00281,Universities,University of Sydney,https://en.wikipedia.org/wiki/University_of_Sydney,History > 2000s,History > 2000s,History > 2020s,University_of_Sydney_SEC_003_SENT_004,University_of_Sydney_SEC_003_SENT_003,University_of_Sydney_SEC_005_SENT_002,"In 2005, the Public Service Association of New South Wales and the Community and Public Sector Union were in dispute with the university over a proposal to privatise security at the main campus (and the Cumberland campus).","Subsequently, his wife, Kathryn Greiner, resigned in protest from the two positions she held at the university as chair of the Sydney Peace Foundation and a member of the executive council of the Research Institute for Asia and the Pacific.","In 2022, the university's National Tertiary Education Union voted to go on strike for 48 hours, demanding an end to job insecurity, protection of academics' right to a 40 per cent research component in their workload, a pay rise, enforceable targets for Aboriginal and Torres Strait Islander employment, and improved rights for professional members.",0.6936153769493103,0.6226977705955505,0.07091760635375977,1
TRIPLET_00282,Universities,University of Sydney,https://en.wikipedia.org/wiki/University_of_Sydney,History > 1950–2000,History > 1950–2000,Student life > Student union,University_of_Sydney_SEC_002_SENT_005,University_of_Sydney_SEC_002_SENT_007,University_of_Sydney_SEC_019_SENT_003,"At one stage, newspaper reporters descended on the university to cover brawls, demonstrations, secret memos and a walk-out by David Armstrong, a philosopher who held the Challis Chair of Philosophy from 1959 to 1991, after students at one of his lectures openly demanded a course on feminism.",The Builders Labourers Federation placed a ban on the university after two women tutors were not allowed to teach a course but the issue was quickly resolved internally.,"USU provides a range of activities, programs, services and facilities geared at giving students the university experience.",0.6952223777770996,0.3553624153137207,0.3398599624633789,1
TRIPLET_00283,Universities,University of Sydney,https://en.wikipedia.org/wiki/University_of_Sydney,Student life > Charles Perkins Oration and Prize,Student life > Charles Perkins Oration and Prize,Governance and structure > Heraldry and insignia > Coat of arms,University_of_Sydney_SEC_020_SENT_003,University_of_Sydney_SEC_020_SENT_004,University_of_Sydney_SEC_013_SENT_004,"The Oration includes the Charles Perkins Memorial Prize, which recognises the achievements of the top three Indigenous students at the university, based on the highest academic results in their field.","In 2021, the awards event could not be held in the great hall, owing to the COVID-19 pandemic in Australia, but Perkins' daughter, filmmaker Rachel Perkins, announced the recipients, and introduced Tony McAvoy, Australia's first Indigenous Queen's Counsel, to deliver the oration.","According to the university, the Latin motto Sidere mens eadem mutato can be translated to ""the stars change, the mind remains the same.""",0.3531058132648468,0.4000868499279022,-0.04698103666305542,0
TRIPLET_00284,Universities,University of Sydney,https://en.wikipedia.org/wiki/University_of_Sydney,Controversies > Cyberattack,Controversies > Cyberattack,Academic profile > Museums and galleries > Collections,University_of_Sydney_SEC_026_SENT_002,University_of_Sydney_SEC_026_SENT_001,University_of_Sydney_SEC_016_SENT_005,"The university spokesman confirmed approximately 20,000 university staff, past and present, were affected.","In late 2025, there was a major cyberattack in the university where hackers accessed personal information of thousands of students and university staff.","The Nicholson Museum closed to the public in 2020, ahead of the opening of the Chau Chak Wing Museum.",0.5962213277816772,0.40821579098701477,0.18800553679466248,1
TRIPLET_00285,Universities,University of Sydney,https://en.wikipedia.org/wiki/University_of_Sydney,Governance and structure > Finances and endowment,Governance and structure > Finances and endowment,Campuses and buildings > Halls of residence,University_of_Sydney_SEC_012_SENT_001,University_of_Sydney_SEC_012_SENT_002,University_of_Sydney_SEC_009_SENT_002,The university has the highest annual revenues of any Australian university.,It also has received a number of significant bequests and legacies over its history.,"Starting in 2013, the university committed to creating the Halls of Residence (an additional 4,000-6,000 residential places) at an affordable price to enhance the educational experience of living on campus and to offer more students a rich academic environment in which to live.",0.2569214999675751,0.46946561336517334,-0.21254411339759827,0
TRIPLET_00286,Universities,University of Sydney,https://en.wikipedia.org/wiki/University_of_Sydney,History > 2020s,History > 2020s,Controversies > Sexual harassment,University_of_Sydney_SEC_005_SENT_002,University_of_Sydney_SEC_005_SENT_003,University_of_Sydney_SEC_023_SENT_005,"In 2022, the university's National Tertiary Education Union voted to go on strike for 48 hours, demanding an end to job insecurity, protection of academics' right to a 40 per cent research component in their workload, a pay rise, enforceable targets for Aboriginal and Torres Strait Islander employment, and improved rights for professional members.","Starting on 23 April 2024, as a protest of the Gaza war, pro-Palestinian students and staff of the university began occupying part of campus.","Imogen Grant from the SRC said students who had experienced sexual assault had come forward believing that ""navigating the university bureaucracy exacerbates trauma and often seems futile"".",0.7655448913574219,0.588087260723114,0.17745763063430786,1
TRIPLET_00287,Universities,University of Sydney,https://en.wikipedia.org/wiki/University_of_Sydney,History > 2020s,History > 2020s,Student life > Revues,University_of_Sydney_SEC_005_SENT_002,University_of_Sydney_SEC_005_SENT_003,University_of_Sydney_SEC_021_SENT_002,"In 2022, the university's National Tertiary Education Union voted to go on strike for 48 hours, demanding an end to job insecurity, protection of academics' right to a 40 per cent research component in their workload, a pay rise, enforceable targets for Aboriginal and Torres Strait Islander employment, and improved rights for professional members.","Starting on 23 April 2024, as a protest of the Gaza war, pro-Palestinian students and staff of the university began occupying part of campus.","Each revue features comedy sketches, songs and videos written and performed by students, usually commenting satirically on current affairs, the supporting faculty and general student life.",0.7655448913574219,0.46997639536857605,0.2955684959888458,1
TRIPLET_00288,Universities,University of Sydney,https://en.wikipedia.org/wiki/University_of_Sydney,Student life > Revues,Student life > Revues,Academic profile > Museums and galleries > Collections,University_of_Sydney_SEC_021_SENT_006,University_of_Sydney_SEC_021_SENT_005,University_of_Sydney_SEC_016_SENT_005,"Past revuers have gone on to perform, write and produce shows in other festivals, such as the Edinburgh Festival Fringe, the New York International Fringe Festival, and the Melbourne International Comedy Festival, as well as in comedy shows such as The Chaser, The Aunty Jack Show, The Ronnie Johns Half Hour, and The Axis of Awesome.","The Revues range in budget and cast size, with the Faculty Revues using larger venues, and higher budgets as a result of Faculty funding.","The Nicholson Museum closed to the public in 2020, ahead of the opening of the Chau Chak Wing Museum.",0.5221506953239441,0.16144835948944092,0.3607023358345032,1
TRIPLET_00289,Universities,University of Sydney,https://en.wikipedia.org/wiki/University_of_Sydney,Academic profile > Museums and galleries,Academic profile > Museums and galleries,Campuses and buildings > Main campus,University_of_Sydney_SEC_015_SENT_005,University_of_Sydney_SEC_015_SENT_003,University_of_Sydney_SEC_006_SENT_011,"In 2021, the Chau Chak Wing Museum won the Museums and Galleries National Award (MAGNA) and two Museums Australasia Multimedia and Publication Design Awards (MAPDA).","It houses the Nicholson Collection of antiquities, the Macleay Collections of natural history, ethnography, science and photography, and the University Art Collection.","One of the largest activities organised by the Union is Welcome Week (formerly Orientation Week or 'O-week'), a three-day festival at the start of the academic year.",0.565718948841095,0.4520307183265686,0.11368823051452637,1
TRIPLET_00290,Universities,University of Sydney,https://en.wikipedia.org/wiki/University_of_Sydney,Campuses and buildings > Halls of residence,Campuses and buildings > Halls of residence,Controversies > Staff underpayment,University_of_Sydney_SEC_009_SENT_002,University_of_Sydney_SEC_009_SENT_004,University_of_Sydney_SEC_024_SENT_002,"Starting in 2013, the university committed to creating the Halls of Residence (an additional 4,000-6,000 residential places) at an affordable price to enhance the educational experience of living on campus and to offer more students a rich academic environment in which to live.",The Student Accommodation Service and the Mana Yura Student Support Service were the first in Australia to implement an Aboriginal and Torres Strait Islander On-Campus Residence Halls Scholarship Guarantee.,Fairfax reported Spence and other Uni bosses have salary packages worth ten times more than staff salaries and double that of the Prime Minister.,0.5974745750427246,0.4589625597000122,0.1385120153427124,1
TRIPLET_00291,Universities,University of Sydney,https://en.wikipedia.org/wiki/University_of_Sydney,Governance and structure > Finances and endowment,Governance and structure > Finances and endowment,Academic profile > Student outcomes,University_of_Sydney_SEC_012_SENT_002,University_of_Sydney_SEC_012_SENT_001,University_of_Sydney_SEC_018_SENT_006,It also has received a number of significant bequests and legacies over its history.,The university has the highest annual revenues of any Australian university.,"In the 2023 Student Experience Survey, undergraduates at the university rated the quality of their entire educational experience at 71.7% meanwhile postgraduates rated their overall education experience at 70.8%.",0.2569214999675751,0.1862061321735382,0.07071536779403687,1
TRIPLET_00292,Universities,University of Sydney,https://en.wikipedia.org/wiki/University_of_Sydney,Academic profile > Student outcomes,Academic profile > Student outcomes,History > 2020s,University_of_Sydney_SEC_018_SENT_003,University_of_Sydney_SEC_018_SENT_002,University_of_Sydney_SEC_005_SENT_003,"In the 2023 Employer Satisfaction Survey, graduates of the university had an overall employer satisfaction rate of 89.6%.","These surveys place more emphasis on criteria such as student experience, graduate outcomes and employer satisfaction than perceived reputation, research output and citation counts.","Starting on 23 April 2024, as a protest of the Gaza war, pro-Palestinian students and staff of the university began occupying part of campus.",0.5203953385353088,0.5389353036880493,-0.01853996515274048,0
TRIPLET_00293,Universities,University of Sydney,https://en.wikipedia.org/wiki/University_of_Sydney,Academic profile > Student outcomes,Academic profile > Student outcomes,Academic profile > Museums and galleries > Collections,University_of_Sydney_SEC_018_SENT_005,University_of_Sydney_SEC_018_SENT_006,University_of_Sydney_SEC_016_SENT_002,"The initial full-time salary was A$70,000 for undergraduates and A$96,000 for postgraduates.","In the 2023 Student Experience Survey, undergraduates at the university rated the quality of their entire educational experience at 71.7% meanwhile postgraduates rated their overall education experience at 70.8%.",The Nicholson Museum was founded in 1860 by the donation of Sir Charles Nicholson (Sydney University's second chancellor 1854–1862).,0.7718498110771179,0.4653726816177368,0.3064771294593811,1
TRIPLET_00294,Universities,University of Sydney,https://en.wikipedia.org/wiki/University_of_Sydney,Notable people > Notable alumni,Notable people > Notable alumni,Campuses and buildings > Main campus,University_of_Sydney_SEC_022_SENT_003,University_of_Sydney_SEC_022_SENT_012,University_of_Sydney_SEC_006_SENT_003,The faculty has also produced 24 Rhodes Scholars and several Gates Scholars.,"In community activism, notable alumni include Aboriginal activist Charlie Perkins; feminists Eva Cox and Germaine Greer.","In 1854, the architect Edmund Blacket accepted a senate invitation for the first buildings to be designed.",0.41712096333503723,0.2951551377773285,0.12196582555770874,1
TRIPLET_00295,Universities,University of Sydney,https://en.wikipedia.org/wiki/University_of_Sydney,Academic profile > Student outcomes,Academic profile > Student outcomes,Student life > Revues,University_of_Sydney_SEC_018_SENT_002,University_of_Sydney_SEC_018_SENT_003,University_of_Sydney_SEC_021_SENT_005,"These surveys place more emphasis on criteria such as student experience, graduate outcomes and employer satisfaction than perceived reputation, research output and citation counts.","In the 2023 Employer Satisfaction Survey, graduates of the university had an overall employer satisfaction rate of 89.6%.","The Revues range in budget and cast size, with the Faculty Revues using larger venues, and higher budgets as a result of Faculty funding.",0.5203953385353088,0.6538003087043762,-0.13340497016906738,0
TRIPLET_00296,Universities,University of Sydney,https://en.wikipedia.org/wiki/University_of_Sydney,History > 1950–2000,History > 1950–2000,Student life > Revues,University_of_Sydney_SEC_002_SENT_010,University_of_Sydney_SEC_002_SENT_003,University_of_Sydney_SEC_021_SENT_005,"In January 2005, the University of Sydney transferred the OAC to Charles Sturt University.",The New England University College was founded as part of the University of Sydney in 1938 and in 1954 was separated to become the University of New England.,"The Revues range in budget and cast size, with the Faculty Revues using larger venues, and higher budgets as a result of Faculty funding.",0.6737987995147705,0.24569465219974518,0.42810414731502533,1
TRIPLET_00297,Universities,University of Sydney,https://en.wikipedia.org/wiki/University_of_Sydney,Notable people > Notable alumni,Notable people > Notable alumni,Academic profile > Libraries and archives,University_of_Sydney_SEC_022_SENT_004,University_of_Sydney_SEC_022_SENT_009,University_of_Sydney_SEC_014_SENT_002,"Internationally, alumni of Sydney Law School include the third president of the United Nations General Assembly and a president of the International Court of Justice (in each case, the only Australians to date to hold such positions).","The first Australian citizen in space and recipient of the Advance Global Australian of the Year Award 2014, Chris Boshuizen attended the school receiving his PhD in 2005.",The Fisher and Health sciences libraries offer disability support services.,0.6328498125076294,0.23028090596199036,0.40256890654563904,1
TRIPLET_00298,Universities,University of Sydney,https://en.wikipedia.org/wiki/University_of_Sydney,Campuses and buildings > Halls of residence,Campuses and buildings > Halls of residence,Governance and structure > Heraldry and insignia > Coat of arms,University_of_Sydney_SEC_009_SENT_005,University_of_Sydney_SEC_009_SENT_003,University_of_Sydney_SEC_013_SENT_002,"Additionally, the university owns and has operated International House until its closure in 2021.",The Queen Mary Building Abercrombie Student Accommodation Regiment Student Accommodation Kensington Student Accommodation The University Student Accommodation Service were awarded the Asia-Pacific Student Housing Operation of the Year & Excellence in Facility Development and Management in 2016.,"The grant reads: Argent on a Cross Azure an open book proper, clasps Gold, between four Stars of eight points Or, on a chief Gules a Lion passant Guardant also Or, together with this motto ""Sidere mens eadem mutato"" to be borne and used forever hereafter by the said University of Sydney on their Common Seal, Shields or otherwise according to the Law of Arms.",0.49171000719070435,0.33729565143585205,0.1544143557548523,1
TRIPLET_00299,Universities,University of Sydney,https://en.wikipedia.org/wiki/University_of_Sydney,Academic profile > Museums and galleries > Collections,Academic profile > Museums and galleries > Collections,Campuses and buildings > Halls of residence,University_of_Sydney_SEC_016_SENT_007,University_of_Sydney_SEC_016_SENT_012,University_of_Sydney_SEC_009_SENT_005,"It is the oldest collection of natural history in Australia and has developed into a major collection of natural history specimens, ethnographic artefacts, scientific instruments and historic photographs.",The gallery closed to the public in 2016 ahead of the opening of the Chau Chak Wing Museum.,"Additionally, the university owns and has operated International House until its closure in 2021.",0.2542417347431183,0.39713308215141296,-0.14289134740829468,0
TRIPLET_00300,Universities,University of Sydney,https://en.wikipedia.org/wiki/University_of_Sydney,History > 2010s,History > 2010s,Academic profile > Museums and galleries,University_of_Sydney_SEC_004_SENT_012,University_of_Sydney_SEC_004_SENT_008,University_of_Sydney_SEC_015_SENT_003,"Critics argued the push for savings was driven by managerial incompetence and indifference, fuelling industrial action during a round of enterprise bargaining in 2013 that also reflected widespread concerns about public funding for higher education.","The proceeds of the sale funded the establishment of many endowed professorial chairs at the Charles Perkins Centre, where a room dedicated to the painting, now exists.","It houses the Nicholson Collection of antiquities, the Macleay Collections of natural history, ethnography, science and photography, and the University Art Collection.",0.3695097267627716,0.2086818963289261,0.16082783043384552,1
TRIPLET_00301,Universities,University of Melbourne,https://en.wikipedia.org/wiki/University_of_Melbourne,Student life > Affiliated colleges,Student life > Affiliated colleges,Academic profile > Academic reputation,University_of_Melbourne_SEC_041_SENT_001,University_of_Melbourne_SEC_041_SENT_006,University_of_Melbourne_SEC_020_SENT_005,"Melbourne University currently has nine independent residential colleges affiliated with the university in total, seven of which are located in an arc around the cricket oval at the northern edge of the campus, known as College Crescent.",Ridley College (1965–2005) was an affiliated residential college of the University of Melbourne and was the first college of the university to be co-residential for men and women.,"In 2025 Academic Ranking of World Universities, the university attained a position of #38 globally (1st nationally) and in the CWTS Leiden Ranking 2024, the university attained a position of #36 globally (1st nationally).",0.6578392386436462,0.4852679967880249,0.17257124185562134,1
TRIPLET_00302,Universities,University of Melbourne,https://en.wikipedia.org/wiki/University_of_Melbourne,Campuses and buildings,Campuses and buildings,Campuses and buildings > Shepparton,University_of_Melbourne_SEC_007_SENT_009,University_of_Melbourne_SEC_007_SENT_012,University_of_Melbourne_SEC_013_SENT_003,"They previously housed several hundred residential students, but are now largely used for short courses and research.","A new campus located in Fishermans Bend is currently under planning, and construction may commence 2026.","It provides fully furnished, subsidized, self-catered student accommodation on site at the Clinical School.",0.28439632058143616,0.38934168219566345,-0.1049453616142273,0
TRIPLET_00303,Universities,University of Melbourne,https://en.wikipedia.org/wiki/University_of_Melbourne,Campuses and buildings > Burnley,Campuses and buildings > Burnley,Academic profile > Other collections > Dax Centre,University_of_Melbourne_SEC_010_SENT_005,University_of_Melbourne_SEC_010_SENT_002,University_of_Melbourne_SEC_036_SENT_001,"Specifically, training for urban landscape management, landscape design and production, park management, turf management, nursery and cut flower production, and arboriculture are all specialisations of the campus.","The campus is dedicated to both ornamental and environmental horticulture, and is surrounded by nine hectares of heritage-listed gardens.",The Dax Centre is located at the university's Parkville campus in the Kenneth Myer Building.,0.7198400497436523,0.5125459432601929,0.20729410648345947,1
TRIPLET_00304,Universities,University of Melbourne,https://en.wikipedia.org/wiki/University_of_Melbourne,History > Foundations of the university,History > Foundations of the university,Campuses and buildings > Shepparton,University_of_Melbourne_SEC_001_SENT_001,University_of_Melbourne_SEC_001_SENT_015,University_of_Melbourne_SEC_013_SENT_004,"The University of Melbourne was established following a proposal by the Hugh Childers, the Auditor-General and Finance Minister, in his first Budget Speech on 4 November 1852, who set aside a sum of £10,000 for the establishment of a university.","Julia 'Bella' Guerin graduated with a Bachelor of Arts in 1883, and became the first woman to graduate from an Australian University.","The University of Melbourne Shepparton Medical Centre was the first purpose-built teaching clinic in Australia, and services Shepparton and surrounds with comprehensive primary healthcare.",0.5888060331344604,0.559868335723877,0.028937697410583496,1
TRIPLET_00305,Universities,University of Melbourne,https://en.wikipedia.org/wiki/University_of_Melbourne,Academic profile > Teaching structure,Academic profile > Teaching structure,Academic profile > Galleries and exhibitions > Science Gallery,University_of_Melbourne_SEC_022_SENT_001,University_of_Melbourne_SEC_022_SENT_006,University_of_Melbourne_SEC_035_SENT_003,"The University of Melbourne differs from other Australian universities in its course structure, as it offers nine generalised three-year degrees instead of more traditional specialised undergraduate degrees.",The university's faculties often have a corresponding graduate school to offer these degrees.,"The gallery forms part of the Global Science Gallery Network, based on the Science Gallery at Trinity College Dublin.",0.36192673444747925,0.393907368183136,-0.03198063373565674,0
TRIPLET_00306,Universities,University of Melbourne,https://en.wikipedia.org/wiki/University_of_Melbourne,Academic profile > Museums and archives > Ed Muirhead Physics Museum,Academic profile > Museums and archives > Ed Muirhead Physics Museum,Academic profile > Libraries and collections,University_of_Melbourne_SEC_030_SENT_001,University_of_Melbourne_SEC_030_SENT_003,University_of_Melbourne_SEC_024_SENT_001,The Ed Muirhead Physics Museum is located at the university's Parkville campus in the School of Physics building.,"The collection comprises items that are of historical and scientific interest, predominantly scientific apparatus constructed by former professors and staff for research purposes.",The University of Melbourne's libraries have over three million visitors performing 42 million loan transactions every year.,0.5764540433883667,0.25068315863609314,0.32577088475227356,1
TRIPLET_00307,Universities,University of Melbourne,https://en.wikipedia.org/wiki/University_of_Melbourne,Governance and structure > University Council > Academic Board,Governance and structure > University Council > Academic Board,Academic profile > Student outcomes,University_of_Melbourne_SEC_018_SENT_001,University_of_Melbourne_SEC_018_SENT_003,University_of_Melbourne_SEC_037_SENT_002,"The academic board is held responsible to the council for quality assurance in activities such as the maintenance of high standards in teaching, research and learning.",The university consists of academic and administrative structures.,"These surveys place more emphasis on criteria such as student experience, graduate outcomes and employer satisfaction than perceived reputation, research output and citation counts.",0.5913732051849365,0.5473194122314453,0.04405379295349121,1
TRIPLET_00308,Universities,University of Melbourne,https://en.wikipedia.org/wiki/University_of_Melbourne,Campuses and buildings,Campuses and buildings,Academic profile > Student outcomes,University_of_Melbourne_SEC_007_SENT_001,University_of_Melbourne_SEC_007_SENT_010,University_of_Melbourne_SEC_037_SENT_002,"The university's original and main campus is the Parkville campus, which was established in 1853.","The Shepparton campus is home to the Rural Health Academic Centre for the Faculty of Medicine, Dentistry and Health Sciences.","These surveys place more emphasis on criteria such as student experience, graduate outcomes and employer satisfaction than perceived reputation, research output and citation counts.",0.2479257583618164,0.2231573909521103,0.024768367409706116,1
TRIPLET_00309,Universities,University of Melbourne,https://en.wikipedia.org/wiki/University_of_Melbourne,Academic profile > Libraries and collections,Academic profile > Libraries and collections,Student life > Sports and athletics,University_of_Melbourne_SEC_024_SENT_001,University_of_Melbourne_SEC_024_SENT_004,University_of_Melbourne_SEC_040_SENT_008,The University of Melbourne's libraries have over three million visitors performing 42 million loan transactions every year.,"In addition to the study libraries, the Student Union runs a recreational library named the Rowden White Library in the Student Pavilion.",The Melbourne University Cycling Club (MUCyc) is associated with Cycling Australia and competes regularly at local and national races.,0.3763667345046997,0.4873594641685486,-0.11099272966384888,0
TRIPLET_00310,Universities,University of Melbourne,https://en.wikipedia.org/wiki/University_of_Melbourne,Academic profile > Admissions,Academic profile > Admissions,Student life > Sports and athletics,University_of_Melbourne_SEC_038_SENT_007,University_of_Melbourne_SEC_038_SENT_006,University_of_Melbourne_SEC_040_SENT_012,"The program offered guaranteed entry in 2023 for students with ATARs of: Agriculture 72, Arts 88, Biomedicine 95, Commerce 93, Design 88 and Science 88.","For undergraduate degrees in 2019, guaranteed entry scores into degrees were: Agriculture 70, Arts 85, Biomedicine 96, Commerce 94, Design 85, Science 85 and Oral Health 85 (indicative only), while Fine Arts and Music were not applicable.",Melbourne University's men's basketball team made the Big V Championship Men's competition for the first time in 2023.,0.6351130604743958,0.48655813932418823,0.14855492115020752,1
TRIPLET_00311,Universities,University of Melbourne,https://en.wikipedia.org/wiki/University_of_Melbourne,Academic profile > Other collections > Dax Centre,Academic profile > Other collections > Dax Centre,Campuses and buildings > Fishermans Bend,University_of_Melbourne_SEC_036_SENT_001,University_of_Melbourne_SEC_036_SENT_004,University_of_Melbourne_SEC_015_SENT_002,The Dax Centre is located at the university's Parkville campus in the Kenneth Myer Building.,The Dax Centre consists of educational programs and a gallery space and also houses the Cunningham Dax Collection.,"Construction was planned to begin in the mid-2020s, but in 2025, work was postponed for at least five years.",0.5046266317367554,0.20609387755393982,0.29853275418281555,1
TRIPLET_00312,Universities,University of Melbourne,https://en.wikipedia.org/wiki/University_of_Melbourne,Campuses and buildings > Southbank,Campuses and buildings > Southbank,"History > 1980s – 2000s: Consolidation, expansion and the Melbourne Model",University_of_Melbourne_SEC_009_SENT_004,University_of_Melbourne_SEC_009_SENT_001,University_of_Melbourne_SEC_003_SENT_005,The project includes the construction of a new state-of-the-art conservatorium for music and the conversion of historically important buildings for use as education and research facilities.,"The Southbank campus is home to the Victorian College of the Arts and the Melbourne Conservatorium of Music, and is situated within Melbourne's creative arts precinct.","The university had expanded its student population to beyond 35,000 students.",0.6107792258262634,0.3662693500518799,0.24450987577438354,1
TRIPLET_00313,Universities,University of Melbourne,https://en.wikipedia.org/wiki/University_of_Melbourne,"History > 2020 – 2023: COVID-19 impacts, further expansion plans and workforce tensions","History > 2020 – 2023: COVID-19 impacts, further expansion plans and workforce tensions",Academic profile > Libraries and collections,University_of_Melbourne_SEC_005_SENT_004,University_of_Melbourne_SEC_005_SENT_016,University_of_Melbourne_SEC_024_SENT_003,"In 2020 the university announced it was axing 450 staff in the institution's largest ever layoff of academic staff, despite a planned expenditure of $4.2 billion for capital works over the decade from 2020.","The $2 billion campus, planned to open in 2026, will focus on engineering and forms part of a large capital works program by the university, which included the demolition of the Student Union Building and the creation of a new student precinct on the south-east corner of the Parkville campus.","The library also holds over 32,000 e-books, hundreds of databases and 63,000 general and specialist journals in digital form.",0.6921002268791199,0.46333396434783936,0.22876626253128052,1
TRIPLET_00314,Universities,University of Melbourne,https://en.wikipedia.org/wiki/University_of_Melbourne,Academic profile > Other collections > Dax Centre,Academic profile > Other collections > Dax Centre,Academic profile > Museums and archives > Tiegs Museum,University_of_Melbourne_SEC_036_SENT_001,University_of_Melbourne_SEC_036_SENT_003,University_of_Melbourne_SEC_031_SENT_002,The Dax Centre is located at the university's Parkville campus in the Kenneth Myer Building.,Exhibitions and educational programs hosted by the centre seek to promote mental health.,"The museum hosts a collection of zoological specimens accumulated over 120 years, and is named after the former professor and faculty dean Oscar Tiegs.",0.33695435523986816,0.4208996295928955,-0.08394527435302734,0
TRIPLET_00315,Universities,University of Melbourne,https://en.wikipedia.org/wiki/University_of_Melbourne,Academic profile > Galleries and exhibitions > Science Gallery,Academic profile > Galleries and exhibitions > Science Gallery,Academic profile > Admissions,University_of_Melbourne_SEC_035_SENT_002,University_of_Melbourne_SEC_035_SENT_003,University_of_Melbourne_SEC_038_SENT_007,"The 3,500 square metre gallery is in the university's new Melbourne Connect building and presents exhibitions that seek to combine art and science.","The gallery forms part of the Global Science Gallery Network, based on the Science Gallery at Trinity College Dublin.","The program offered guaranteed entry in 2023 for students with ATARs of: Agriculture 72, Arts 88, Biomedicine 95, Commerce 93, Design 88 and Science 88.",0.6382892727851868,0.4724685549736023,0.16582071781158447,1
TRIPLET_00316,Universities,University of Melbourne,https://en.wikipedia.org/wiki/University_of_Melbourne,Academic profile > Other collections > Dax Centre,Academic profile > Other collections > Dax Centre,Notable people > Awards and prizes,University_of_Melbourne_SEC_036_SENT_001,University_of_Melbourne_SEC_036_SENT_004,University_of_Melbourne_SEC_044_SENT_005,The Dax Centre is located at the university's Parkville campus in the Kenneth Myer Building.,The Dax Centre consists of educational programs and a gallery space and also houses the Cunningham Dax Collection.,"The Dublin Prize was instituted by graduates of Trinity College Dublin in 1910 to recognise students or past students who, in the previous year, ""made the most important original contribution to literature, science or art"".",0.5046266317367554,0.32334205508232117,0.1812845766544342,1
TRIPLET_00317,Universities,University of Melbourne,https://en.wikipedia.org/wiki/University_of_Melbourne,Student life > Affiliated colleges,Student life > Affiliated colleges,Campuses and buildings > Burnley,University_of_Melbourne_SEC_041_SENT_006,University_of_Melbourne_SEC_041_SENT_005,University_of_Melbourne_SEC_010_SENT_004,Ridley College (1965–2005) was an affiliated residential college of the University of Melbourne and was the first college of the university to be co-residential for men and women.,"Whitley College (1965–2017) was a former college of the university, though it was sold to a redeveloper in 2016.","At the campus, students are offered short courses, associate degrees, post-graduate studies, and research.",0.5629523992538452,0.3691408038139343,0.1938115954399109,1
TRIPLET_00318,Universities,University of Melbourne,https://en.wikipedia.org/wiki/University_of_Melbourne,Academic profile > Admissions,Academic profile > Admissions,Student life > Halls of residence,University_of_Melbourne_SEC_038_SENT_003,University_of_Melbourne_SEC_038_SENT_006,University_of_Melbourne_SEC_042_SENT_004,"The university has one of the highest admission requirements in the country, with the median ATAR of its undergraduates being 94.05 (2009).","For undergraduate degrees in 2019, guaranteed entry scores into degrees were: Agriculture 70, Arts 85, Biomedicine 96, Commerce 94, Design 85, Science 85 and Oral Health 85 (indicative only), while Fine Arts and Music were not applicable.","Since 2017 when the University Council revoked university regulations, both halls no longer have independent governing councils and are directly operated by the university.",0.5043871402740479,0.30641990900039673,0.19796723127365112,1
TRIPLET_00319,Universities,University of Melbourne,https://en.wikipedia.org/wiki/University_of_Melbourne,Notable people > Awards and prizes,Notable people > Awards and prizes,History > 1900s – 1970s,University_of_Melbourne_SEC_044_SENT_002,University_of_Melbourne_SEC_044_SENT_005,University_of_Melbourne_SEC_002_SENT_011,Recipients of the award are acknowledged by bronze commemorative plaques along Professors Walk on the Parkville campus.,"The Dublin Prize was instituted by graduates of Trinity College Dublin in 1910 to recognise students or past students who, in the previous year, ""made the most important original contribution to literature, science or art"".","In 1940, the first issue of Historical Studies: Australia and New Zealand, now Australian Historical Studies, was published by the Department of History.",0.5465299487113953,0.3344528377056122,0.21207711100578308,1
TRIPLET_00320,Universities,University of Melbourne,https://en.wikipedia.org/wiki/University_of_Melbourne,Governance and structure > University Council > Academic Board,Governance and structure > University Council > Academic Board,"History > 2020 – 2023: COVID-19 impacts, further expansion plans and workforce tensions",University_of_Melbourne_SEC_018_SENT_004,University_of_Melbourne_SEC_018_SENT_002,University_of_Melbourne_SEC_005_SENT_014,"University leadership encompasses the chancellor, vice-chancellor and senior executives, who are responsible for the strategic vision of the university.",The University of Melbourne Executive is the university's principal management committee.,"During the 2010s, the university increasingly casualised its workforce, with reports that between 47 and 72 per cent of its 11,000 employees were on casual contracts by 2023.",0.7165867686271667,0.32542169094085693,0.3911650776863098,1
TRIPLET_00321,Universities,University of Melbourne,https://en.wikipedia.org/wiki/University_of_Melbourne,Student life > Student unions and associations,Student life > Student unions and associations,Campuses and buildings > Fishermans Bend,University_of_Melbourne_SEC_039_SENT_008,University_of_Melbourne_SEC_039_SENT_011,University_of_Melbourne_SEC_015_SENT_002,"There are currently over 200 clubs affiliated to the University of Melbourne Student Union, with the total membership exceeding 25,000.","The UMSU Theatre Department relocated to the new Arts and Culture Building in 2022, which contains two theatres, the 398-seat Union Theatre and 102-seat Guild Theatre.","Construction was planned to begin in the mid-2020s, but in 2025, work was postponed for at least five years.",0.4941862225532532,0.33445435762405396,0.15973186492919922,1
TRIPLET_00322,Universities,University of Melbourne,https://en.wikipedia.org/wiki/University_of_Melbourne,History > Foundations of the university,History > Foundations of the university,"History > 2020 – 2023: COVID-19 impacts, further expansion plans and workforce tensions",University_of_Melbourne_SEC_001_SENT_011,University_of_Melbourne_SEC_001_SENT_013,University_of_Melbourne_SEC_005_SENT_018,"The first chancellor, Redmond Barry (later Sir Redmond), held the position until his death in 1880.","The institution was designed to be a ""civilising influence"" at a time of rapid settlement and commercial growth.","In 2023, windows of the university's Sidney Myer Asia Centre Building were broken and the building was graffitied with a message accusing the university of contributing to an unsafe environment for transgender individuals.",0.3051968216896057,0.31549733877182007,-0.010300517082214355,0
TRIPLET_00323,Universities,University of Melbourne,https://en.wikipedia.org/wiki/University_of_Melbourne,Academic profile > Entrepreneurship,Academic profile > Entrepreneurship,Notable people > Chancellors,University_of_Melbourne_SEC_023_SENT_003,University_of_Melbourne_SEC_023_SENT_002,University_of_Melbourne_SEC_043_SENT_015,"The university also has an entrepreneurial training centre called the Wade Institute of Entrepreneurship based at Ormond College, one of the university's residential colleges.","The university also has an accelerator program for start-ups, which has produced a number of small companies.",From 1 January 2005 to 9 January 2009 The Hon.,0.7543420195579529,0.17675144970417023,0.5775905698537827,1
TRIPLET_00324,Universities,University of Melbourne,https://en.wikipedia.org/wiki/University_of_Melbourne,Academic profile > Museums and archives > Ian Potter Museum of Art,Academic profile > Museums and archives > Ian Potter Museum of Art,Campuses and buildings > Werribee,University_of_Melbourne_SEC_028_SENT_003,University_of_Melbourne_SEC_028_SENT_001,University_of_Melbourne_SEC_014_SENT_002,"The Potter's collection exceeds 18,000 objects, with works ranging from antiquity to contemporary art.","The Ian Potter Museum of Art is located at the university's Parkville campus, and is the university's main art museum.","In the late 2010s, the campus underwent an AU$63 million redevelopment to enhance facilities for pet treatment and the training of future veterinarians.",0.4046408236026764,0.37574899196624756,0.028891831636428833,1
TRIPLET_00325,Universities,University of Melbourne,https://en.wikipedia.org/wiki/University_of_Melbourne,Student life > Sports and athletics,Student life > Sports and athletics,Campuses and buildings > Southbank,University_of_Melbourne_SEC_040_SENT_003,University_of_Melbourne_SEC_040_SENT_009,University_of_Melbourne_SEC_009_SENT_005,MU Sport also manages the university's designated entry scheme for elite athletes.,In 2008 MUCyc won its seventh consecutive AUG championship (2002–2008).,"In 2011, the Victorian State Government allocated $24 million to support arts education at the VCA.",0.3443111181259155,0.3851376175880432,-0.040826499462127686,0
TRIPLET_00326,Universities,University of Melbourne,https://en.wikipedia.org/wiki/University_of_Melbourne,History > 2010s: Further restructures and Davis' final term,History > 2010s: Further restructures and Davis' final term,Academic profile > Libraries and collections,University_of_Melbourne_SEC_004_SENT_005,University_of_Melbourne_SEC_004_SENT_008,University_of_Melbourne_SEC_024_SENT_004,"In 2019, allegations of a toxic workplace culture within the Faculty of Arts were aired, with a number of senior staff leaving their positions.",Davis would finish his final term as Vice-Chancellor in 2018 with Duncan Maskell succeeding him on 1 October.,"In addition to the study libraries, the Student Union runs a recreational library named the Rowden White Library in the Student Pavilion.",0.4860535264015198,0.3326665759086609,0.1533869504928589,1
TRIPLET_00327,Universities,University of Melbourne,https://en.wikipedia.org/wiki/University_of_Melbourne,Campuses and buildings > Dookie,Campuses and buildings > Dookie,History > 2024 – present: Student occupations and conclusion of Maskell's tenure,University_of_Melbourne_SEC_012_SENT_002,University_of_Melbourne_SEC_012_SENT_001,University_of_Melbourne_SEC_006_SENT_011,"It is based between Shepparton and Benalla, about 220 km north east of Melbourne.",The Dookie campus has been the university's rural home to agriculture and agricultural teaching and learning since its inception in 1886.,The Victorian Information Commissioner found that the university had breached student privacy by using the location data of students connected to the university's internet network to identify those involved in the Gaza war protests in May 2024.,0.40738505125045776,0.3005194664001465,0.10686558485031128,1
TRIPLET_00328,Universities,University of Melbourne,https://en.wikipedia.org/wiki/University_of_Melbourne,"History > 2020 – 2023: COVID-19 impacts, further expansion plans and workforce tensions","History > 2020 – 2023: COVID-19 impacts, further expansion plans and workforce tensions",Student life > Sports and athletics,University_of_Melbourne_SEC_005_SENT_010,University_of_Melbourne_SEC_005_SENT_008,University_of_Melbourne_SEC_040_SENT_011,The university was accused of owing Faculty of Arts teaching staff an estimated $6 million.,The halting of international student arrivals as part of the Australian pandemic response was projected to cause a major loss in revenue for the university.,"The Melbourne University Boat Club was established in 1859 and is cited as ""the oldest rowing club in Australia"", a team from the Boat Club set the fastest time record for a Men's eight during the 2015 Head of the Yarra rowing regatta.",0.5552583932876587,0.4241255223751068,0.13113287091255188,1
TRIPLET_00329,Universities,University of Melbourne,https://en.wikipedia.org/wiki/University_of_Melbourne,Academic profile > Galleries and exhibitions > Noel Shaw Gallery,Academic profile > Galleries and exhibitions > Noel Shaw Gallery,Academic profile > Museums and archives > Medical History Museum,University_of_Melbourne_SEC_033_SENT_001,University_of_Melbourne_SEC_033_SENT_003,University_of_Melbourne_SEC_029_SENT_001,The Noel Shaw Gallery is located within the Baillieu Library at the university's Parkville campus.,"Each year two exhibitions are presented in the Noel Shaw Gallery, which focus on the opportunities for curriculum engagement.",The Medical History Museum is located within the Brownless Biomedical Library at the university's Parkville campus.,0.48368069529533386,0.8001450896263123,-0.3164643943309784,0
TRIPLET_00330,Universities,University of Melbourne,https://en.wikipedia.org/wiki/University_of_Melbourne,Academic profile > Museums and archives > Tiegs Museum,Academic profile > Museums and archives > Tiegs Museum,Campuses and buildings > Southbank,University_of_Melbourne_SEC_031_SENT_002,University_of_Melbourne_SEC_031_SENT_001,University_of_Melbourne_SEC_009_SENT_005,"The museum hosts a collection of zoological specimens accumulated over 120 years, and is named after the former professor and faculty dean Oscar Tiegs.",The Tiegs Museum is located at the university's Parkville campus in the BioSciences building.,"In 2011, the Victorian State Government allocated $24 million to support arts education at the VCA.",0.5189406275749207,0.5160006284713745,0.0029399991035461426,1
TRIPLET_00331,Universities,University of Melbourne,https://en.wikipedia.org/wiki/University_of_Melbourne,Academic profile > Galleries and exhibitions > Buxton Contemporary,Academic profile > Galleries and exhibitions > Buxton Contemporary,Student life > Sports and athletics,University_of_Melbourne_SEC_034_SENT_002,University_of_Melbourne_SEC_034_SENT_001,University_of_Melbourne_SEC_040_SENT_006,"The museum was opened in 2018 and comprises four public exhibition galleries, teaching facilities and an outdoor screen for moving image art.","Buxton Contemporary is an art museum located at the university's Southbank campus, in Melbourne's Arts precinct.","It achieved prominence by being admitted to what is now the Australian Football League competition in 1908, and in 1914 becoming the first in the league's history to depart the competition, due to the club's strict stance on amateurism.",0.5340811014175415,0.2557886838912964,0.2782924175262451,1
TRIPLET_00332,Universities,University of Melbourne,https://en.wikipedia.org/wiki/University_of_Melbourne,Academic profile > Admissions,Academic profile > Admissions,Academic profile > Entrepreneurship,University_of_Melbourne_SEC_038_SENT_004,University_of_Melbourne_SEC_038_SENT_009,University_of_Melbourne_SEC_023_SENT_002,"Of the Premier's VCE Top All-Round High Achievers, 50% enrolled at the University of Melbourne.",International students compose 44% of the university's student body.,"The university also has an accelerator program for start-ups, which has produced a number of small companies.",0.6683602333068848,0.3064204156398773,0.36193981766700745,1
TRIPLET_00333,Universities,University of Melbourne,https://en.wikipedia.org/wiki/University_of_Melbourne,Academic profile > Other collections > Dax Centre,Academic profile > Other collections > Dax Centre,Student life > Halls of residence,University_of_Melbourne_SEC_036_SENT_002,University_of_Melbourne_SEC_036_SENT_004,University_of_Melbourne_SEC_042_SENT_002,"The centre is named after Eric Cunningham Dax, who pioneered the use of art to promote clinical insights and mental health improvements.",The Dax Centre consists of educational programs and a gallery space and also houses the Cunningham Dax Collection.,"Kendall Hall), which is associated with Veterinary Science, providing accommodation for students who are required to do some of their training at a university outstation.",0.5482951402664185,0.5043385028839111,0.043956637382507324,1
TRIPLET_00334,Universities,University of Melbourne,https://en.wikipedia.org/wiki/University_of_Melbourne,History > 2024 – present: Student occupations and conclusion of Maskell's tenure,History > 2024 – present: Student occupations and conclusion of Maskell's tenure,Academic profile > Museums and archives > Grainger Museum,University_of_Melbourne_SEC_006_SENT_010,University_of_Melbourne_SEC_006_SENT_004,University_of_Melbourne_SEC_025_SENT_003,The university became subject to an investigation by the Office of the Victorian Information Commissioner into whether it breached privacy laws by using surveillance technology to identify students who participated in the protests.,"Students occupied the Arts West building, ""renaming"" it Mahmoud's hall after a Palestinian student who was expected to commence his studies at the university died in the Gaza war.",The items were collected by Percy Grainger and span his life and career.,0.5736483335494995,0.3324584364891052,0.2411898970603943,1
TRIPLET_00335,Universities,University of Melbourne,https://en.wikipedia.org/wiki/University_of_Melbourne,Academic profile > Entrepreneurship,Academic profile > Entrepreneurship,Student life > Affiliated colleges,University_of_Melbourne_SEC_023_SENT_003,University_of_Melbourne_SEC_023_SENT_001,University_of_Melbourne_SEC_041_SENT_006,"The university also has an entrepreneurial training centre called the Wade Institute of Entrepreneurship based at Ormond College, one of the university's residential colleges.","The university has an entrepreneurship arm, named the Melbourne Entrepreneurial Centre (MEC).",Ridley College (1965–2005) was an affiliated residential college of the University of Melbourne and was the first college of the university to be co-residential for men and women.,0.735288679599762,0.6002250909805298,0.13506358861923218,1
TRIPLET_00336,Universities,University of Melbourne,https://en.wikipedia.org/wiki/University_of_Melbourne,Academic profile > Museums and archives > Ed Muirhead Physics Museum,Academic profile > Museums and archives > Ed Muirhead Physics Museum,Campuses and buildings > Creswick,University_of_Melbourne_SEC_030_SENT_002,University_of_Melbourne_SEC_030_SENT_001,University_of_Melbourne_SEC_011_SENT_004,"The museum is named in honour of Ed Muirhead, who was the Chairman of the School of Physics from 1980 to 1986, and initiated the museum during that time.",The Ed Muirhead Physics Museum is located at the university's Parkville campus in the School of Physics building.,"Creswick campus has been offering forest science education since 1910, and is Australia's only dedicated forest ecosystem science campus, which focuses on forest industry, conservation, and molecular biology research.",0.7785426378250122,0.45350295305252075,0.32503968477249146,1
TRIPLET_00337,Universities,University of Melbourne,https://en.wikipedia.org/wiki/University_of_Melbourne,Campuses and buildings > Southbank,Campuses and buildings > Southbank,Academic profile > Museums and archives > Medical History Museum,University_of_Melbourne_SEC_009_SENT_004,University_of_Melbourne_SEC_009_SENT_001,University_of_Melbourne_SEC_029_SENT_002,The project includes the construction of a new state-of-the-art conservatorium for music and the conversion of historically important buildings for use as education and research facilities.,"The Southbank campus is home to the Victorian College of the Arts and the Melbourne Conservatorium of Music, and is situated within Melbourne's creative arts precinct.",Exhibitions and educational programs are offered by the museum.,0.6107792258262634,0.4943857491016388,0.11639347672462463,1
TRIPLET_00338,Universities,University of Melbourne,https://en.wikipedia.org/wiki/University_of_Melbourne,History > 2024 – present: Student occupations and conclusion of Maskell's tenure,History > 2024 – present: Student occupations and conclusion of Maskell's tenure,Academic profile > Academic reputation,University_of_Melbourne_SEC_006_SENT_006,University_of_Melbourne_SEC_006_SENT_005,University_of_Melbourne_SEC_020_SENT_002,"Despite student efforts to comply with university policies while exercising their right to protest, on 14 May the university issued a breach notice, warning students of potential expulsions and faculty of disciplinary actions if protest activities continued.","On 29 April 2024, it was announced that Vice-Chancellor Maskell would step down from his position, partway through his second term, by early 2025.","In 2026, the University of Melbourne was ranked No.",0.45333331823349,0.20599161088466644,0.24734170734882355,1
TRIPLET_00339,Universities,University of Melbourne,https://en.wikipedia.org/wiki/University_of_Melbourne,Campuses and buildings,Campuses and buildings,Campuses and buildings > Southbank,University_of_Melbourne_SEC_007_SENT_006,University_of_Melbourne_SEC_007_SENT_002,University_of_Melbourne_SEC_009_SENT_005,"Performing arts, visual arts, film and television, and music courses are taught at the Southbank campus.",The campus contains both historical and award-winning modern architectural buildings.,"In 2011, the Victorian State Government allocated $24 million to support arts education at the VCA.",0.33990877866744995,0.3283381462097168,0.011570632457733154,1
TRIPLET_00340,Universities,University of Melbourne,https://en.wikipedia.org/wiki/University_of_Melbourne,Academic profile > Museums and archives > Ed Muirhead Physics Museum,Academic profile > Museums and archives > Ed Muirhead Physics Museum,Academic profile > Entrepreneurship,University_of_Melbourne_SEC_030_SENT_003,University_of_Melbourne_SEC_030_SENT_001,University_of_Melbourne_SEC_023_SENT_003,"The collection comprises items that are of historical and scientific interest, predominantly scientific apparatus constructed by former professors and staff for research purposes.",The Ed Muirhead Physics Museum is located at the university's Parkville campus in the School of Physics building.,"The university also has an entrepreneurial training centre called the Wade Institute of Entrepreneurship based at Ormond College, one of the university's residential colleges.",0.5764540433883667,0.5359697341918945,0.04048430919647217,1
TRIPLET_00341,Universities,University of Melbourne,https://en.wikipedia.org/wiki/University_of_Melbourne,Campuses and buildings > Shepparton,Campuses and buildings > Shepparton,Governance and structure > University Council > Academic Board,University_of_Melbourne_SEC_013_SENT_003,University_of_Melbourne_SEC_013_SENT_001,University_of_Melbourne_SEC_018_SENT_002,"It provides fully furnished, subsidized, self-catered student accommodation on site at the Clinical School.","The Shepparton Medical Centre campus is located in Shepparton, nearly 200 km north of Melbourne.",The University of Melbourne Executive is the university's principal management committee.,0.39942532777786255,0.4336988925933838,-0.03427356481552124,0
TRIPLET_00342,Universities,University of Melbourne,https://en.wikipedia.org/wiki/University_of_Melbourne,History > 2024 – present: Student occupations and conclusion of Maskell's tenure,History > 2024 – present: Student occupations and conclusion of Maskell's tenure,Notable people > Chancellors,University_of_Melbourne_SEC_006_SENT_010,University_of_Melbourne_SEC_006_SENT_004,University_of_Melbourne_SEC_043_SENT_009,The university became subject to an investigation by the Office of the Victorian Information Commissioner into whether it breached privacy laws by using surveillance technology to identify students who participated in the protests.,"Students occupied the Arts West building, ""renaming"" it Mahmoud's hall after a Palestinian student who was expected to commence his studies at the university died in the Gaza war.","Died 1979 Robert Menzies, KT AK CH QC Constable of Dover Castle, Lord Warden of Cinque Ports, LLM Hon.",0.5736483335494995,0.3450077176094055,0.228640615940094,1
TRIPLET_00343,Universities,University of Melbourne,https://en.wikipedia.org/wiki/University_of_Melbourne,Campuses and buildings > Southbank,Campuses and buildings > Southbank,Campuses and buildings > Former campuses,University_of_Melbourne_SEC_009_SENT_002,University_of_Melbourne_SEC_009_SENT_001,University_of_Melbourne_SEC_016_SENT_001,"Theatre and dance stages, film and television studios, visual arts studios, and concert halls are all located at the university's purpose-built creative arts home.","The Southbank campus is home to the Victorian College of the Arts and the Melbourne Conservatorium of Music, and is situated within Melbourne's creative arts precinct.",The university had a number of former campuses.,0.668025553226471,0.4533441364765167,0.21468141674995422,1
TRIPLET_00344,Universities,University of Melbourne,https://en.wikipedia.org/wiki/University_of_Melbourne,Academic profile > Museums and archives > Ed Muirhead Physics Museum,Academic profile > Museums and archives > Ed Muirhead Physics Museum,Governance and structure > University Council,University_of_Melbourne_SEC_030_SENT_001,University_of_Melbourne_SEC_030_SENT_002,University_of_Melbourne_SEC_017_SENT_006,The Ed Muirhead Physics Museum is located at the university's Parkville campus in the School of Physics building.,"The museum is named in honour of Ed Muirhead, who was the Chairman of the School of Physics from 1980 to 1986, and initiated the museum during that time.",The University of Melbourne's operations are governed through a hierarchy of delegations framework.,0.7785426378250122,0.40201061964035034,0.37653201818466187,1
TRIPLET_00345,Universities,University of Melbourne,https://en.wikipedia.org/wiki/University_of_Melbourne,Academic profile > Galleries and exhibitions > Fiona & Sidney Myer Gallery,Academic profile > Galleries and exhibitions > Fiona & Sidney Myer Gallery,History > Foundations of the university,University_of_Melbourne_SEC_032_SENT_001,University_of_Melbourne_SEC_032_SENT_003,University_of_Melbourne_SEC_001_SENT_007,The Fiona & Sidney Myer Gallery is located at the university's Southbank campus in the heart of Melbourne's Arts Precinct.,"The gallery opened in 2001 (as the Margaret Lawrence Gallery) to link the Victorian College of the Arts with the University of Melbourne, and to the wider communities of Victorian and national arts.",There were sixteen students; of this body of students only four graduated.,0.764767587184906,0.10131696611642838,0.6634506210684776,1
TRIPLET_00346,Universities,University of Melbourne,https://en.wikipedia.org/wiki/University_of_Melbourne,Academic profile > Other collections > Dax Centre,Academic profile > Other collections > Dax Centre,Notable people > Awards and prizes,University_of_Melbourne_SEC_036_SENT_004,University_of_Melbourne_SEC_036_SENT_002,University_of_Melbourne_SEC_044_SENT_001,The Dax Centre consists of educational programs and a gallery space and also houses the Cunningham Dax Collection.,"The centre is named after Eric Cunningham Dax, who pioneered the use of art to promote clinical insights and mental health improvements.","The University of Melbourne Award ""recognises individuals who have made an outstanding and enduring contribution to the University and its scholarly community"".",0.5482951402664185,0.4614579677581787,0.08683717250823975,1
TRIPLET_00347,Universities,University of Melbourne,https://en.wikipedia.org/wiki/University_of_Melbourne,History > 2024 – present: Student occupations and conclusion of Maskell's tenure,History > 2024 – present: Student occupations and conclusion of Maskell's tenure,Governance and structure > Finances and endowment,University_of_Melbourne_SEC_006_SENT_013,University_of_Melbourne_SEC_006_SENT_010,University_of_Melbourne_SEC_019_SENT_003,"On 30 September 2024, it was announced that Emma Johnston would be appointed the university's next Vice-Chancellor, succeeding Maskell.",The university became subject to an investigation by the Office of the Victorian Information Commissioner into whether it breached privacy laws by using surveillance technology to identify students who participated in the protests.,"This required restructuring of the university, including cutting 220 full-time positions.",0.28318190574645996,0.3719734251499176,-0.08879151940345764,0
TRIPLET_00348,Universities,University of Melbourne,https://en.wikipedia.org/wiki/University_of_Melbourne,Campuses and buildings > Shepparton,Campuses and buildings > Shepparton,Campuses and buildings > Former campuses,University_of_Melbourne_SEC_013_SENT_002,University_of_Melbourne_SEC_013_SENT_001,University_of_Melbourne_SEC_016_SENT_004,"The campus is part of the Melbourne Medical School, and the Shepparton base is home to the Shepparton Rural Clinical School.","The Shepparton Medical Centre campus is located in Shepparton, nearly 200 km north of Melbourne.","These included the two Western District campuses, Glenormiston (transferred to South West TAFE) and Longerenong (transferred to SkillInvest); the McMillan campuses in Gippsland; and the Werribee-based Gilbert Chandler campus.",0.6299647092819214,0.5592565536499023,0.07070815563201904,1
TRIPLET_00349,Universities,University of Melbourne,https://en.wikipedia.org/wiki/University_of_Melbourne,Campuses and buildings > Former campuses,Campuses and buildings > Former campuses,Academic profile > Museums and archives > Ian Potter Museum of Art,University_of_Melbourne_SEC_016_SENT_005,University_of_Melbourne_SEC_016_SENT_004,University_of_Melbourne_SEC_028_SENT_001,"In 2024, the university sold its Hawthorn campus, which had not been used for some time, in order to fund the construction of Australian Institute for Infectious Disease.","These included the two Western District campuses, Glenormiston (transferred to South West TAFE) and Longerenong (transferred to SkillInvest); the McMillan campuses in Gippsland; and the Werribee-based Gilbert Chandler campus.","The Ian Potter Museum of Art is located at the university's Parkville campus, and is the university's main art museum.",0.4849609434604645,0.4544130563735962,0.030547887086868286,1
TRIPLET_00350,Universities,University of Melbourne,https://en.wikipedia.org/wiki/University_of_Melbourne,Campuses and buildings > Creswick,Campuses and buildings > Creswick,Academic profile > Student outcomes,University_of_Melbourne_SEC_011_SENT_005,University_of_Melbourne_SEC_011_SENT_003,University_of_Melbourne_SEC_037_SENT_006,"Scientists based at the campus include hydrologists, soil scientists, plant geneticists, geomorphologists, fire scientists, ecologists, engineers, and mathematicians.",Accommodation is available at the campus to members of the University of Melbourne's student cohorts and teaching staff when engaged at Creswick.,"In the 2023 Student Experience Survey, undergraduates at the university rated the quality of their entire educational experience at 73.8% meanwhile postgraduates rated their overall education experience at 73.9%.",0.5010789632797241,0.40717288851737976,0.09390607476234436,1
TRIPLET_00351,Universities,Australian National University,https://en.wikipedia.org/wiki/Australian_National_University,Events > 2023 campus attack,Events > 2023 campus attack,Governance and structure > Constituent colleges > Systems and Society,Australian_National_University_SEC_025_SENT_002,Australian_National_University_SEC_025_SENT_001,Australian_National_University_SEC_011_SENT_001,There were several injuries but no fatalities.,"In September 2023, Alex Ophel (an ex-student) stabbed two female students and assaulted a male student with a frying pan.","The ANU College of Systems and Society brings together critical capabilities in understanding the modern interfaces between systems, technology, processes, the physical world, and the social world.",-0.024469800293445587,0.04529352858662605,-0.06976332888007164,0
TRIPLET_00352,Universities,Australian National University,https://en.wikipedia.org/wiki/Australian_National_University,Student life > Residential halls and colleges,Student life > Residential halls and colleges,Student life > Student media > ANU Observer,Australian_National_University_SEC_022_SENT_004,Australian_National_University_SEC_022_SENT_010,Australian_National_University_SEC_021_SENT_002,"In 2010, the non-residential Griffin Hall was established for students living off-campus.","Protests have been held since on the issue, with one high-profile one occurring on the same day as the annual Open Day in 2024.","Founded in 2017, ANU Observer is an online news site that covers breaking campus news, student life, student politics, arts and culture, sports, university policy and more.",0.4471411108970642,0.4878923296928406,-0.04075121879577637,0
TRIPLET_00353,Universities,Australian National University,https://en.wikipedia.org/wiki/Australian_National_University,Governance and structure > Constituent colleges > Asia and the Pacific,Governance and structure > Constituent colleges > Asia and the Pacific,Governance and structure > Constituent colleges > Systems and Society,Australian_National_University_SEC_009_SENT_002,Australian_National_University_SEC_009_SENT_003,Australian_National_University_SEC_011_SENT_002,"The college also houses the Australian Centre on China in the World, the Strategic and Defence Studies Centre, and the Council for Security Cooperation in the Asia Pacific, Australia.","It has dedicated regional institutes for China, Indonesia, Japan, Korea, Malaysia, Mongolia, Myanmar, the Pacific, Southeast Asia and South Asia.","The college comprises six academic units: the Australian National Centre for the Public Awareness of Science, Fenner School of Environment & Society, Mathematical Sciences Institute, School of Computing, School of Cybernetics, and School of Engineering.",0.7058665752410889,0.630923867225647,0.0749427080154419,1
TRIPLET_00354,Universities,Australian National University,https://en.wikipedia.org/wiki/Australian_National_University,Governance and structure > Constituent colleges > Science and Medicine,Governance and structure > Constituent colleges > Science and Medicine,"Governance and structure > Constituent colleges > Law, Governance and Policy",Australian_National_University_SEC_013_SENT_001,Australian_National_University_SEC_013_SENT_006,Australian_National_University_SEC_012_SENT_003,"The ANU College of Science and Medicine comprises the Research Schools of Astronomy & Astrophysics, Biology, Chemistry, Earth Sciences, and Physics.",Brian Schmidt (astrophysicist at Mount Stromlo Observatory) received the 2011 Nobel Prize for Physics for his work on the accelerating expansion of the universe.,"In addition to numerous research programs, the college offers the professional LL.B.",0.6284995079040527,0.5540984272956848,0.07440108060836792,1
TRIPLET_00355,Universities,Australian National University,https://en.wikipedia.org/wiki/Australian_National_University,Governance and structure > University Council,Governance and structure > University Council,Campuses and buildings,Australian_National_University_SEC_006_SENT_001,Australian_National_University_SEC_006_SENT_002,Australian_National_University_SEC_004_SENT_005,"ANU is governed by a 15-member Council, whose members include the Chancellor and Vice-Chancellor.","Gareth Evans, a former Foreign Minister of Australia, was ANU Chancellor from 2010 to December 2019 and Brian Schmidt, an astrophysicist and Nobel Laureate, served as Vice-Chancellor from 1 January 2016 to 1 January 2024.","With over 10,000 trees on its campus, ANU won an International Sustainable Campus Network Award in 2009 and was ranked the 2nd greenest university campus in Australia in 2011.",0.4308338165283203,0.3675932288169861,0.06324058771133423,1
TRIPLET_00356,Universities,Australian National University,https://en.wikipedia.org/wiki/Australian_National_University,"Governance and structure > Constituent colleges > Law, Governance and Policy","Governance and structure > Constituent colleges > Law, Governance and Policy",Governance and structure > Constituent colleges > Science and Medicine,Australian_National_University_SEC_012_SENT_003,Australian_National_University_SEC_012_SENT_004,Australian_National_University_SEC_013_SENT_003,"In addition to numerous research programs, the college offers the professional LL.B.",It is the 7th oldest of Australia's 36 law schools and was ranked 2nd among Australian and 12th among world law schools by the 2018 QS Rankings.,"These devices were to be used as part of a 10.6 gigaelectronvolt synchrotron particle accelerator that was never completed, however they remained in use for other research purposes.",0.3006119132041931,0.3711400628089905,-0.07052814960479736,0
TRIPLET_00357,Universities,Australian National University,https://en.wikipedia.org/wiki/Australian_National_University,Notable people > Academics and staff,Notable people > Academics and staff,Governance and structure > Constituent colleges > Business and Economics,Australian_National_University_SEC_023_SENT_003,Australian_National_University_SEC_023_SENT_001,Australian_National_University_SEC_010_SENT_002,"Notable present scholars include Hilary Charlesworth, Ian McAllister, Hugh White, Warwick McKibbin, Keith Dowding, Amin Saikal, Kenneth Lampl, and Jeremy Shearmur.","Notable past faculty include Mark Oliphant, Keith Hancock, Manning Clark, Derek Freeman, H. C. Coombs, Gareth Evans, John Crawford, Hedley Bull, Frank Fenner, C. P. Fitzgerald, Pierre Ryckmans, A. L. Basham, Bernhard Neumann, and former Indonesian Vice-president Boediono.",It also has membership of the World Wide Web Consortium (W3C).,0.8180384635925293,0.6155895590782166,0.20244890451431274,1
TRIPLET_00358,Universities,Australian National University,https://en.wikipedia.org/wiki/Australian_National_University,Student life > Student media > Woroni,Student life > Student media > Woroni,Academic profile > Libraries and archives,Australian_National_University_SEC_020_SENT_007,Australian_National_University_SEC_020_SENT_002,Australian_National_University_SEC_015_SENT_003,"In 2012, an online radio station called Woroni Radio was launched, and a video production arm called Woroni TV was started in 2017.",It was first published on 23 May 1947 under the title Student Notes: Canberra University College Students Association.,Chifley and Hancock libraries are both accessible for ANU staff and students 24 hours a day.,0.4842095673084259,0.30947014689445496,0.17473942041397095,1
TRIPLET_00359,Universities,Australian National University,https://en.wikipedia.org/wiki/Australian_National_University,Events > 2018 network compromise,Events > 2018 network compromise,"Academic profile > Tuition, loans and financial aid",Australian_National_University_SEC_024_SENT_003,Australian_National_University_SEC_024_SENT_002,Australian_National_University_SEC_016_SENT_003,"After investigating, the university published a report on the incident.",ABC News reported that the initial breach occurred when a phishing message was previewed.,The maximum student contribution amount limits that can be applied to CSP students are dependent on the field of study.,0.592491865158081,0.48869404196739197,0.10379782319068909,1
TRIPLET_00360,Universities,Australian National University,https://en.wikipedia.org/wiki/Australian_National_University,Governance and structure > Constituent colleges,Governance and structure > Constituent colleges,Governance and structure > Constituent colleges > Science and Medicine,Australian_National_University_SEC_007_SENT_001,Australian_National_University_SEC_007_SENT_002,Australian_National_University_SEC_013_SENT_009,"ANU was reorganised in 2006 to create seven Colleges, each of which leads both teaching and research.","Additional restructuring occurred in 2017, resulting in changes to the names and schools within the Colleges.",Three further Nobel Prizes have been won as a result of research at JCSMR—in 1963 by John Eccles and in 1996 by Peter Doherty and Rolf M. Zinkernagel.,0.6412935256958008,0.5319753289222717,0.10931819677352905,1
TRIPLET_00361,Universities,Australian National University,https://en.wikipedia.org/wiki/Australian_National_University,Academic profile > Student outcomes,Academic profile > Student outcomes,Campuses and buildings,Australian_National_University_SEC_018_SENT_002,Australian_National_University_SEC_018_SENT_003,Australian_National_University_SEC_004_SENT_006,"These surveys place more emphasis on criteria such as student experience, graduate outcomes and employer satisfaction than perceived reputation, research output and citation counts.","In the 2023 Employer Satisfaction Survey, graduates of the university had an overall employer satisfaction rate of 84.2%.","Four of Australia's five learned societies are based at ANU—the Australian Academy of Science, the Australian Academy of the Humanities, the Academy of the Social Sciences in Australia and the Australian Academy of Law.",0.5049228668212891,0.2979077696800232,0.20701509714126587,1
TRIPLET_00362,Universities,Australian National University,https://en.wikipedia.org/wiki/Australian_National_University,Student life > Student media > Woroni,Student life > Student media > Woroni,Campuses and buildings > Drill Hall Gallery,Australian_National_University_SEC_020_SENT_006,Australian_National_University_SEC_020_SENT_001,Australian_National_University_SEC_005_SENT_002,"An independent student organization called ANU Student Media was incorporated in October 2010, and has operated Woroni ever since.",Woroni is a student publication at Australian National University.,"The interior was remodelled to create an art gallery in 1984, and in 2004 the building was heritage-listed.",0.5530802011489868,0.435489296913147,0.11759090423583984,1
TRIPLET_00363,Universities,Australian National University,https://en.wikipedia.org/wiki/Australian_National_University,Student life > Residential halls and colleges,Student life > Residential halls and colleges,Campuses and buildings,Australian_National_University_SEC_022_SENT_001,Australian_National_University_SEC_022_SENT_002,Australian_National_University_SEC_004_SENT_005,"Eleven on-campus residential halls are affiliated with ANU—Bruce Hall, Burgmann College, Burton & Garran Hall, Fenner Hall, John XXIII College, Ursula Hall, Wamburun Hall, Wright Hall, Yukeembruk Village, Graduate House and Toad Hall.",Together these residence accommodate for undergraduate and postgraduate students.,"With over 10,000 trees on its campus, ANU won an International Sustainable Campus Network Award in 2009 and was ranked the 2nd greenest university campus in Australia in 2011.",0.602159857749939,0.4048571288585663,0.19730272889137268,1
TRIPLET_00364,Universities,Australian National University,https://en.wikipedia.org/wiki/Australian_National_University,Governance and structure > Constituent colleges > Business and Economics,Governance and structure > Constituent colleges > Business and Economics,Academic profile > Libraries and archives,Australian_National_University_SEC_010_SENT_002,Australian_National_University_SEC_010_SENT_001,Australian_National_University_SEC_015_SENT_002,It also has membership of the World Wide Web Consortium (W3C).,"The college is professionally accredited with the Institute of Chartered Accountants Australia, CPA Australia, the Australian Computer Society, the Actuaries Institute Australia, the Institute of Public Accountants, the Association of International Accountants, the Chartered Financial Analyst Institute and the Statistical Society of Australia Inc.","The library holds over 2.5 million physical volumes distributed across six branches—the Chifley, Menzies, Hancock, Art & Music, and Law Libraries and the external Print Repository.",0.42995819449424744,0.34636732935905457,0.08359086513519287,1
TRIPLET_00365,Universities,Australian National University,https://en.wikipedia.org/wiki/Australian_National_University,History > Modern era,History > Modern era,Events > 2023 campus attack,Australian_National_University_SEC_003_SENT_008,Australian_National_University_SEC_003_SENT_009,Australian_National_University_SEC_025_SENT_003,[...] [W]e seem to have played a major role in a movement which now seems unstoppable.,As of 2014 ANU holds investments in major fossil fuel companies.,ANU Chancellor Julie Bishop later called for the ACT government to explain why the university was not informed of the risk beforehand.,0.3083363175392151,0.2986404299736023,0.009695887565612793,1
TRIPLET_00366,Universities,Australian National University,https://en.wikipedia.org/wiki/Australian_National_University,Academic profile,Academic profile,"Governance and structure > Constituent colleges > Arts, Humanities and Social Sciences",Australian_National_University_SEC_014_SENT_005,Australian_National_University_SEC_014_SENT_002,Australian_National_University_SEC_008_SENT_001,"ANU has exchange partnership with Yale University, Brown University, MIT and Oxford University, and ANU has a research partnership with Harvard University.",ANU participates in the US Financial Direct Loan program.,The ANU College of Arts and Social Sciences is divided into the Research School of Social Sciences (RSSS) and Research School of Humanities and the Arts (RSHA).,0.5357550382614136,0.6233569383621216,-0.08760190010070801,0
TRIPLET_00367,Universities,Australian National University,https://en.wikipedia.org/wiki/Australian_National_University,Academic profile > Academic reputation,Academic profile > Academic reputation,History > Post-war origins,Australian_National_University_SEC_017_SENT_003,Australian_National_University_SEC_017_SENT_005,Australian_National_University_SEC_001_SENT_003,"Global publications In the 2026 Quacquarelli Symonds World University Rankings (published 2025), the university attained a tied position of #32 (4th nationally).","In the 2025 Academic Ranking of World Universities, the university attained a position of #101–150 (tied 6–7th nationally).","Establishment of the ANU was prolonged by World War II but resumed with the creation of the Department of Post-War Reconstruction in 1942, ultimately leading to the passage of the Australian National University Act 1946 by the Chifley government on 1 August 1946.",0.8043026328086853,0.4014362692832947,0.4028663635253906,1
TRIPLET_00368,Universities,Australian National University,https://en.wikipedia.org/wiki/Australian_National_University,History > Post-war origins,History > Post-war origins,Student life > Student media > Woroni,Australian_National_University_SEC_001_SENT_011,Australian_National_University_SEC_001_SENT_001,Australian_National_University_SEC_020_SENT_009,"The Australian Forestry School, located in Canberra since 1927, was amalgamated by ANU in 1965.",Calls for the establishment of a national university in Australia began as early as 1900.,"As of January 2015, issues dating from 1950 to 2007 are available via Trove.",0.6297004222869873,0.43893489241600037,0.19076552987098694,1
TRIPLET_00369,Universities,Australian National University,https://en.wikipedia.org/wiki/Australian_National_University,Governance and structure > Constituent colleges > Business and Economics,Governance and structure > Constituent colleges > Business and Economics,Governance and structure > Constituent colleges > Asia and the Pacific,Australian_National_University_SEC_010_SENT_002,Australian_National_University_SEC_010_SENT_001,Australian_National_University_SEC_009_SENT_004,It also has membership of the World Wide Web Consortium (W3C).,"The college is professionally accredited with the Institute of Chartered Accountants Australia, CPA Australia, the Australian Computer Society, the Actuaries Institute Australia, the Institute of Public Accountants, the Association of International Accountants, the Chartered Financial Analyst Institute and the Statistical Society of Australia Inc.","The college hosts a series of annual and biannual updates, on various regions in the Asia-Pacific.",0.42995819449424744,0.44376814365386963,-0.013809949159622192,0
TRIPLET_00370,Universities,Australian National University,https://en.wikipedia.org/wiki/Australian_National_University,Governance and structure > Constituent colleges,Governance and structure > Constituent colleges,Events > 2023 campus attack,Australian_National_University_SEC_007_SENT_002,Australian_National_University_SEC_007_SENT_001,Australian_National_University_SEC_025_SENT_001,"Additional restructuring occurred in 2017, resulting in changes to the names and schools within the Colleges.","ANU was reorganised in 2006 to create seven Colleges, each of which leads both teaching and research.","In September 2023, Alex Ophel (an ex-student) stabbed two female students and assaulted a male student with a frying pan.",0.6412935256958008,0.30375489592552185,0.33753862977027893,1
TRIPLET_00371,Universities,Australian National University,https://en.wikipedia.org/wiki/Australian_National_University,Academic profile > Libraries and archives,Academic profile > Libraries and archives,"Governance and structure > Constituent colleges > Law, Governance and Policy",Australian_National_University_SEC_015_SENT_001,Australian_National_University_SEC_015_SENT_003,Australian_National_University_SEC_012_SENT_005,"The library of ANU originated in 1948 with the appointment of the first librarian, Arthur McDonald.",Chifley and Hancock libraries are both accessible for ANU staff and students 24 hours a day.,Students are given the chance to spend three weeks in Geneva concerning the institutional practice of International Law.,0.40985196828842163,0.39500439167022705,0.01484757661819458,1
TRIPLET_00372,Universities,Australian National University,https://en.wikipedia.org/wiki/Australian_National_University,Events > 2023 campus attack,Events > 2023 campus attack,Academic profile,Australian_National_University_SEC_025_SENT_001,Australian_National_University_SEC_025_SENT_002,Australian_National_University_SEC_014_SENT_002,"In September 2023, Alex Ophel (an ex-student) stabbed two female students and assaulted a male student with a frying pan.",There were several injuries but no fatalities.,ANU participates in the US Financial Direct Loan program.,-0.024469800293445587,0.07627930492162704,-0.10074910521507263,0
TRIPLET_00373,Universities,Australian National University,https://en.wikipedia.org/wiki/Australian_National_University,Governance and structure > Constituent colleges,Governance and structure > Constituent colleges,Academic profile > Libraries and archives,Australian_National_University_SEC_007_SENT_001,Australian_National_University_SEC_007_SENT_002,Australian_National_University_SEC_015_SENT_003,"ANU was reorganised in 2006 to create seven Colleges, each of which leads both teaching and research.","Additional restructuring occurred in 2017, resulting in changes to the names and schools within the Colleges.",Chifley and Hancock libraries are both accessible for ANU staff and students 24 hours a day.,0.6412935256958008,0.5274815559387207,0.11381196975708008,1
TRIPLET_00374,Universities,Australian National University,https://en.wikipedia.org/wiki/Australian_National_University,Governance and structure > Constituent colleges,Governance and structure > Constituent colleges,Notable people > Academics and staff,Australian_National_University_SEC_007_SENT_002,Australian_National_University_SEC_007_SENT_001,Australian_National_University_SEC_023_SENT_002,"Additional restructuring occurred in 2017, resulting in changes to the names and schools within the Colleges.","ANU was reorganised in 2006 to create seven Colleges, each of which leads both teaching and research.","Nobel Prizes have been awarded to former ANU Chancellor Howard Florey and faculty members John Eccles, John Harsanyi, Rolf M. Zinkernagel, Peter Doherty and Brian Schmidt.",0.6412935256958008,0.4021744132041931,0.23911911249160767,1
TRIPLET_00375,Universities,Australian National University,https://en.wikipedia.org/wiki/Australian_National_University,"Governance and structure > Constituent colleges > Arts, Humanities and Social Sciences","Governance and structure > Constituent colleges > Arts, Humanities and Social Sciences",Student life > Student associations,Australian_National_University_SEC_008_SENT_001,Australian_National_University_SEC_008_SENT_002,Australian_National_University_SEC_019_SENT_001,The ANU College of Arts and Social Sciences is divided into the Research School of Social Sciences (RSSS) and Research School of Humanities and the Arts (RSHA).,"Within RSSS there are schools and centres dedicated to History, Philosophy, Sociology, Politics & International Relations, Demography, Arab and Islamic Studies, and European Studies, as well as the Australian National Centre for Latin and American Studies, Centre for Aboriginal Economic Policy Research, and the ANU Centre for Social Research and Methods.","Australian National University Students' Association (ANUSA) is the students' union of the Australian National University and acts as a representative body for the undergraduate, postgraduate and research students.",0.747891902923584,0.5622793436050415,0.18561255931854248,1
TRIPLET_00376,Universities,Australian National University,https://en.wikipedia.org/wiki/Australian_National_University,Student life > Student associations,Student life > Student associations,History > Canberra University College,Australian_National_University_SEC_019_SENT_001,Australian_National_University_SEC_019_SENT_002,Australian_National_University_SEC_002_SENT_002,"Australian National University Students' Association (ANUSA) is the students' union of the Australian National University and acts as a representative body for the undergraduate, postgraduate and research students.","The Australian National University Union is another student association that manages catering, retail outlets and other amenities on behalf of all students.","Its founding was led by Sir Robert Garran, one of the drafters of the Australian Constitution and the first Solicitor-General of Australia.",0.7409642934799194,0.5581484436988831,0.18281584978103638,1
TRIPLET_00377,Universities,Australian National University,https://en.wikipedia.org/wiki/Australian_National_University,"Governance and structure > Constituent colleges > Arts, Humanities and Social Sciences","Governance and structure > Constituent colleges > Arts, Humanities and Social Sciences",Events > College of Health and Medicine discrimination scandal,Australian_National_University_SEC_008_SENT_002,Australian_National_University_SEC_008_SENT_004,Australian_National_University_SEC_026_SENT_004,"Within RSSS there are schools and centres dedicated to History, Philosophy, Sociology, Politics & International Relations, Demography, Arab and Islamic Studies, and European Studies, as well as the Australian National Centre for Latin and American Studies, Centre for Aboriginal Economic Policy Research, and the ANU Centre for Social Research and Methods.",RSHA also houses the ANU School of Music.,"It identified entrenched dysfunction, a toxic ""work until you drop"" culture, and significant gender imbalances in senior academic positions.",0.5441169738769531,0.4298992455005646,0.11421772837638855,1
TRIPLET_00378,Universities,Australian National University,https://en.wikipedia.org/wiki/Australian_National_University,Student life > Student associations,Student life > Student associations,Governance and structure > Constituent colleges > Asia and the Pacific,Australian_National_University_SEC_019_SENT_002,Australian_National_University_SEC_019_SENT_001,Australian_National_University_SEC_009_SENT_002,"The Australian National University Union is another student association that manages catering, retail outlets and other amenities on behalf of all students.","Australian National University Students' Association (ANUSA) is the students' union of the Australian National University and acts as a representative body for the undergraduate, postgraduate and research students.","The college also houses the Australian Centre on China in the World, the Strategic and Defence Studies Centre, and the Council for Security Cooperation in the Asia Pacific, Australia.",0.7409642934799194,0.5748518109321594,0.16611248254776,1
TRIPLET_00379,Universities,Australian National University,https://en.wikipedia.org/wiki/Australian_National_University,Academic profile,Academic profile,Governance and structure > Constituent colleges > Science and Medicine,Australian_National_University_SEC_014_SENT_005,Australian_National_University_SEC_014_SENT_002,Australian_National_University_SEC_013_SENT_009,"ANU has exchange partnership with Yale University, Brown University, MIT and Oxford University, and ANU has a research partnership with Harvard University.",ANU participates in the US Financial Direct Loan program.,Three further Nobel Prizes have been won as a result of research at JCSMR—in 1963 by John Eccles and in 1996 by Peter Doherty and Rolf M. Zinkernagel.,0.5357550382614136,0.47070515155792236,0.06504988670349121,1
TRIPLET_00380,Universities,Australian National University,https://en.wikipedia.org/wiki/Australian_National_University,Student life > Student media > Woroni,Student life > Student media > Woroni,Events > 2018 network compromise,Australian_National_University_SEC_020_SENT_007,Australian_National_University_SEC_020_SENT_008,Australian_National_University_SEC_024_SENT_002,"In 2012, an online radio station called Woroni Radio was launched, and a video production arm called Woroni TV was started in 2017.",This newspaper has been digitised as part of the Australian Newspapers Digitisation Program of the National Library of Australia.,ABC News reported that the initial breach occurred when a phishing message was previewed.,0.3809856176376343,0.4992854595184326,-0.11829984188079834,0
TRIPLET_00381,Universities,Australian National University,https://en.wikipedia.org/wiki/Australian_National_University,History > Modern era,History > Modern era,History > Post-war origins,Australian_National_University_SEC_003_SENT_008,Australian_National_University_SEC_003_SENT_017,Australian_National_University_SEC_001_SENT_008,[...] [W]e seem to have played a major role in a movement which now seems unstoppable.,"In 2017, Chinese hackers infiltrated the computers of Australian National University, potentially compromising national security research conducted at the university.","The first residents' hall, University House, was opened in 1954 for faculty members and postgraduate students.",0.11556218564510345,0.15591669082641602,-0.04035450518131256,0
TRIPLET_00382,Universities,Australian National University,https://en.wikipedia.org/wiki/Australian_National_University,Governance and structure > Constituent colleges > Asia and the Pacific,Governance and structure > Constituent colleges > Asia and the Pacific,Governance and structure > University Council,Australian_National_University_SEC_009_SENT_002,Australian_National_University_SEC_009_SENT_006,Australian_National_University_SEC_006_SENT_002,"The college also houses the Australian Centre on China in the World, the Strategic and Defence Studies Centre, and the Council for Security Cooperation in the Asia Pacific, Australia.",Many high performing Year in Asia program students gain the opportunity to travel to an Asian country of their choosing to study for one year specializing in one Asian language.,"Gareth Evans, a former Foreign Minister of Australia, was ANU Chancellor from 2010 to December 2019 and Brian Schmidt, an astrophysicist and Nobel Laureate, served as Vice-Chancellor from 1 January 2016 to 1 January 2024.",0.46142178773880005,0.4918498396873474,-0.030428051948547363,0
TRIPLET_00383,Universities,Australian National University,https://en.wikipedia.org/wiki/Australian_National_University,History > Canberra University College,History > Canberra University College,Student life > Student associations,Australian_National_University_SEC_002_SENT_006,Australian_National_University_SEC_002_SENT_005,Australian_National_University_SEC_019_SENT_002,Faculties in Oriental studies and engineering were introduced later.,"In 1960, CUC was integrated into ANU as the School of General Studies, initially with faculties in arts, economics, law and science.","The Australian National University Union is another student association that manages catering, retail outlets and other amenities on behalf of all students.",0.6620630025863647,0.2952241599559784,0.36683884263038635,1
TRIPLET_00384,Universities,Australian National University,https://en.wikipedia.org/wiki/Australian_National_University,Governance and structure > Constituent colleges > Asia and the Pacific,Governance and structure > Constituent colleges > Asia and the Pacific,Campuses and buildings,Australian_National_University_SEC_009_SENT_004,Australian_National_University_SEC_009_SENT_003,Australian_National_University_SEC_004_SENT_002,"The college hosts a series of annual and biannual updates, on various regions in the Asia-Pacific.","It has dedicated regional institutes for China, Indonesia, Japan, Korea, Malaysia, Mongolia, Myanmar, the Pacific, Southeast Asia and South Asia.","ANU is roughly bisected by Sullivans Creek, part of the Murray–Darling basin, and is bordered by the native bushland of Black Mountain, Lake Burley Griffin, the suburb of Turner and the Canberra central business district.",0.6217198371887207,0.3845481276512146,0.2371717095375061,1
TRIPLET_00385,Universities,Australian National University,https://en.wikipedia.org/wiki/Australian_National_University,Student life > Student media > ANU Observer,Student life > Student media > ANU Observer,History > Post-war origins,Australian_National_University_SEC_021_SENT_003,Australian_National_University_SEC_021_SENT_001,Australian_National_University_SEC_001_SENT_008,"ANU Observer is an ANU student association, meaning all students are members by default (and can attend and vote at General Meetings.)",ANU Observer is another of the Australian National University's student news publications.,"The first residents' hall, University House, was opened in 1954 for faculty members and postgraduate students.",0.6272098422050476,0.5643079876899719,0.06290185451507568,1
TRIPLET_00386,Universities,Australian National University,https://en.wikipedia.org/wiki/Australian_National_University,Student life > Residential halls and colleges,Student life > Residential halls and colleges,Governance and structure > Constituent colleges > Business and Economics,Australian_National_University_SEC_022_SENT_005,Australian_National_University_SEC_022_SENT_003,Australian_National_University_SEC_010_SENT_002,"Another off-campus student accommodation was launched by UniGardens Pty, University Gardens located in Belconnen.","Four UniLodge residences are also available to ANU students, situated just off campus—Davey Lodge, Kinloch Lodge, Warrumbul Lodge and Lena Karmel Lodge.",It also has membership of the World Wide Web Consortium (W3C).,0.7197610139846802,0.4130217432975769,0.30673927068710327,1
TRIPLET_00387,Universities,Australian National University,https://en.wikipedia.org/wiki/Australian_National_University,"Governance and structure > Constituent colleges > Arts, Humanities and Social Sciences","Governance and structure > Constituent colleges > Arts, Humanities and Social Sciences",Academic profile,Australian_National_University_SEC_008_SENT_006,Australian_National_University_SEC_008_SENT_001,Australian_National_University_SEC_014_SENT_003,The college is also home to the Australian Studies Institute.,The ANU College of Arts and Social Sciences is divided into the Research School of Social Sciences (RSSS) and Research School of Humanities and the Arts (RSHA).,The RG Menzies Scholarship to Harvard University is awarded annually to at least one talented Australian who has gained admission to a Harvard graduate school.,0.5907225012779236,0.49777188897132874,0.09295061230659485,1
TRIPLET_00388,Universities,Australian National University,https://en.wikipedia.org/wiki/Australian_National_University,Notable people > Academics and staff,Notable people > Academics and staff,Campuses and buildings,Australian_National_University_SEC_023_SENT_003,Australian_National_University_SEC_023_SENT_002,Australian_National_University_SEC_004_SENT_005,"Notable present scholars include Hilary Charlesworth, Ian McAllister, Hugh White, Warwick McKibbin, Keith Dowding, Amin Saikal, Kenneth Lampl, and Jeremy Shearmur.","Nobel Prizes have been awarded to former ANU Chancellor Howard Florey and faculty members John Eccles, John Harsanyi, Rolf M. Zinkernagel, Peter Doherty and Brian Schmidt.","With over 10,000 trees on its campus, ANU won an International Sustainable Campus Network Award in 2009 and was ranked the 2nd greenest university campus in Australia in 2011.",0.6722687482833862,0.12254565954208374,0.5497230887413025,1
TRIPLET_00389,Universities,Australian National University,https://en.wikipedia.org/wiki/Australian_National_University,Governance and structure > University Council,Governance and structure > University Council,Student life > Student media > Woroni,Australian_National_University_SEC_006_SENT_003,Australian_National_University_SEC_006_SENT_001,Australian_National_University_SEC_020_SENT_001,"Evans was succeeded as Chancellor by a fellow former Foreign Minister, Julie Bishop, in January 2020.","ANU is governed by a 15-member Council, whose members include the Chancellor and Vice-Chancellor.",Woroni is a student publication at Australian National University.,0.39418312907218933,0.3533313274383545,0.04085180163383484,1
TRIPLET_00390,Universities,Australian National University,https://en.wikipedia.org/wiki/Australian_National_University,Governance and structure > Constituent colleges > Asia and the Pacific,Governance and structure > Constituent colleges > Asia and the Pacific,Academic profile > Academic reputation,Australian_National_University_SEC_009_SENT_004,Australian_National_University_SEC_009_SENT_006,Australian_National_University_SEC_017_SENT_002,"The college hosts a series of annual and biannual updates, on various regions in the Asia-Pacific.",Many high performing Year in Asia program students gain the opportunity to travel to an Asian country of their choosing to study for one year specializing in one Asian language.,"National publications In the Australian Financial Review Best Universities Ranking 2025, the university was ranked No.",0.6382573843002319,0.40795931220054626,0.23029807209968567,1
TRIPLET_00391,Universities,Australian National University,https://en.wikipedia.org/wiki/Australian_National_University,Student life > Residential halls and colleges,Student life > Residential halls and colleges,"Academic profile > Tuition, loans and financial aid",Australian_National_University_SEC_022_SENT_009,Australian_National_University_SEC_022_SENT_001,Australian_National_University_SEC_016_SENT_005,"The outcome of the 2020 protests revolve around demands for stronger SASH policy, accountability surrounding tariff rises, and commitments to adequate pastoral care; the outcome of these protests is as yet unknown.","Eleven on-campus residential halls are affiliated with ANU—Bruce Hall, Burgmann College, Burton & Garran Hall, Fenner Hall, John XXIII College, Ursula Hall, Wamburun Hall, Wright Hall, Yukeembruk Village, Graduate House and Toad Hall.",Students may accrue additional SLE under some circumstances (e.g.,0.2605753540992737,0.4219948947429657,-0.16141954064369202,0
TRIPLET_00392,Universities,Australian National University,https://en.wikipedia.org/wiki/Australian_National_University,History > Modern era,History > Modern era,Academic profile > Student outcomes,Australian_National_University_SEC_003_SENT_001,Australian_National_University_SEC_003_SENT_015,Australian_National_University_SEC_018_SENT_005,"The Canberra School of Music and the Canberra School of Art were combined by the Canberra Institute of the Arts Ordinance 1988 to form the Canberra Institute of the Arts, and amalgamated with the university as the ANU Institute of the Arts in 1992.","ANU has exchange agreements in place for its students with many foreign universities, most notably in the Asia-Pacific region, including the National University of Singapore, the University of Tokyo, the University of Hong Kong, Peking University, Tsinghua University and Seoul National University.","The initial full-time salary was A$72,000 for undergraduates and A$96,400 for postgraduates.",0.48638492822647095,0.40496060252189636,0.08142432570457458,1
TRIPLET_00393,Universities,Australian National University,https://en.wikipedia.org/wiki/Australian_National_University,Notable people > Academics and staff,Notable people > Academics and staff,Events > College of Health and Medicine discrimination scandal,Australian_National_University_SEC_023_SENT_003,Australian_National_University_SEC_023_SENT_002,Australian_National_University_SEC_026_SENT_004,"Notable present scholars include Hilary Charlesworth, Ian McAllister, Hugh White, Warwick McKibbin, Keith Dowding, Amin Saikal, Kenneth Lampl, and Jeremy Shearmur.","Nobel Prizes have been awarded to former ANU Chancellor Howard Florey and faculty members John Eccles, John Harsanyi, Rolf M. Zinkernagel, Peter Doherty and Brian Schmidt.","It identified entrenched dysfunction, a toxic ""work until you drop"" culture, and significant gender imbalances in senior academic positions.",0.6722687482833862,0.4188823699951172,0.25338637828826904,1
TRIPLET_00394,Universities,Australian National University,https://en.wikipedia.org/wiki/Australian_National_University,Academic profile,Academic profile,History > Modern era,Australian_National_University_SEC_014_SENT_002,Australian_National_University_SEC_014_SENT_004,Australian_National_University_SEC_003_SENT_009,ANU participates in the US Financial Direct Loan program.,ANU and University of Melbourne are the only two Australian partner universities of Yale University's Fox Fellowship program.,As of 2014 ANU holds investments in major fossil fuel companies.,0.35952848196029663,0.4599899351596832,-0.1004614531993866,0
TRIPLET_00395,Universities,Australian National University,https://en.wikipedia.org/wiki/Australian_National_University,History > Canberra University College,History > Canberra University College,Governance and structure > Constituent colleges > Systems and Society,Australian_National_University_SEC_002_SENT_001,Australian_National_University_SEC_002_SENT_003,Australian_National_University_SEC_011_SENT_002,"Canberra University College (CUC) was the first institution of higher education in the national capital, having been established in 1929 and enrolling its first undergraduate pupils in 1930.",CUC was affiliated with the University of Melbourne and its degrees were granted by that university.,"The college comprises six academic units: the Australian National Centre for the Public Awareness of Science, Fenner School of Environment & Society, Mathematical Sciences Institute, School of Computing, School of Cybernetics, and School of Engineering.",0.5069403648376465,0.42219024896621704,0.08475011587142944,1
TRIPLET_00396,Universities,Australian National University,https://en.wikipedia.org/wiki/Australian_National_University,Events > 2018 network compromise,Events > 2018 network compromise,Events > College of Health and Medicine discrimination scandal,Australian_National_University_SEC_024_SENT_003,Australian_National_University_SEC_024_SENT_002,Australian_National_University_SEC_026_SENT_002,"After investigating, the university published a report on the incident.",ABC News reported that the initial breach occurred when a phishing message was previewed.,"The review revealed widespread bullying, harassment, sexism, racial discrimination, and nepotism across the college and its constituent schools, including the John Curtin School of Medical Research, the School of Medicine and Psychology, and the National Centre for Epidemiology and Population Health.",0.592491865158081,0.48208165168762207,0.11041021347045898,1
TRIPLET_00397,Universities,Australian National University,https://en.wikipedia.org/wiki/Australian_National_University,Academic profile > Student outcomes,Academic profile > Student outcomes,History > Canberra University College,Australian_National_University_SEC_018_SENT_002,Australian_National_University_SEC_018_SENT_005,Australian_National_University_SEC_002_SENT_005,"These surveys place more emphasis on criteria such as student experience, graduate outcomes and employer satisfaction than perceived reputation, research output and citation counts.","The initial full-time salary was A$72,000 for undergraduates and A$96,400 for postgraduates.","In 1960, CUC was integrated into ANU as the School of General Studies, initially with faculties in arts, economics, law and science.",0.38240599632263184,0.377771258354187,0.004634737968444824,1
TRIPLET_00398,Universities,Australian National University,https://en.wikipedia.org/wiki/Australian_National_University,Student life > Student media > Woroni,Student life > Student media > Woroni,Governance and structure > Constituent colleges > Systems and Society,Australian_National_University_SEC_020_SENT_008,Australian_National_University_SEC_020_SENT_007,Australian_National_University_SEC_011_SENT_001,This newspaper has been digitised as part of the Australian Newspapers Digitisation Program of the National Library of Australia.,"In 2012, an online radio station called Woroni Radio was launched, and a video production arm called Woroni TV was started in 2017.","The ANU College of Systems and Society brings together critical capabilities in understanding the modern interfaces between systems, technology, processes, the physical world, and the social world.",0.3809856176376343,0.39767736196517944,-0.016691744327545166,0
TRIPLET_00399,Universities,Australian National University,https://en.wikipedia.org/wiki/Australian_National_University,Events > 2023 campus attack,Events > 2023 campus attack,Events > College of Health and Medicine discrimination scandal,Australian_National_University_SEC_025_SENT_003,Australian_National_University_SEC_025_SENT_001,Australian_National_University_SEC_026_SENT_006,ANU Chancellor Julie Bishop later called for the ACT government to explain why the university was not informed of the risk beforehand.,"In September 2023, Alex Ophel (an ex-student) stabbed two female students and assaulted a male student with a frying pan.","Vice-Chancellor Genevieve Bell publicly apologised and committed to implementing all 17 recommendations, including structural reform and external monitoring.",0.3712894320487976,0.5328359603881836,-0.161546528339386,0
TRIPLET_00400,Universities,Australian National University,https://en.wikipedia.org/wiki/Australian_National_University,Governance and structure > University Council,Governance and structure > University Council,Events > 2023 campus attack,Australian_National_University_SEC_006_SENT_004,Australian_National_University_SEC_006_SENT_001,Australian_National_University_SEC_025_SENT_003,Schmidt was succeeded as Vice-Chancellor by cultural anthropologist and Distinguished Professor Genevieve Bell in January 2024.,"ANU is governed by a 15-member Council, whose members include the Chancellor and Vice-Chancellor.",ANU Chancellor Julie Bishop later called for the ACT government to explain why the university was not informed of the risk beforehand.,0.428791880607605,0.5099519491195679,-0.08116006851196289,0
TRIPLET_00401,Landmarks,Sydney Opera House,https://en.wikipedia.org/wiki/Sydney_Opera_House,Controversies > Coronation controversy,Controversies > Coronation controversy,History > Design development and construction timeline > Strike and Workers' Control,Sydney_Opera_House_SEC_019_SENT_002,Sydney_Opera_House_SEC_019_SENT_001,Sydney_Opera_House_SEC_011_SENT_004,"State Premier Chris Minns argued that the sails had been lit up too often and was costing significant taxpayer money, stating that the cost was somewhere between eighty and one hundred thousand dollars.","In 2023, the New South Wales Government scrapped plans to light the sails of the Sydney Opera House in honour of the coronation of King Charles.","The workers agreed to end their work-in when management agreed to give them a 25% wage increase, the right to elect their foremen, four weeks annual leave and a large payment for their troubles.",0.3673461973667145,0.579613208770752,-0.21226701140403748,0
TRIPLET_00402,Landmarks,Sydney Opera House,https://en.wikipedia.org/wiki/Sydney_Opera_House,History > Design development and construction timeline > Stage III: Interiors,History > Design development and construction timeline > Stage III: Interiors,Public and commemorative events,Sydney_Opera_House_SEC_008_SENT_004,Sydney_Opera_House_SEC_008_SENT_003,Sydney_Opera_House_SEC_017_SENT_001,"The cost of the project so far, even in October 1966, was still only A$22.9 million, less than a quarter of the final $102 million cost.","Due to the Ministry's criticism of the project's costs and time, along with their impression of Utzon's designs being impractical, this ultimately led to his resignation in 1966 (see below).","In 1993, Constantine Koukias was commissioned by the Sydney Opera House Trust in association with REM Theatre to compose Icon, a large-scale music theatre piece for the 20th anniversary of the Sydney Opera House.",0.3659379780292511,0.3437654376029968,0.022172540426254272,1
TRIPLET_00403,Landmarks,Sydney Opera House,https://en.wikipedia.org/wiki/Sydney_Opera_House,History > Design development and construction timeline > Strike and Workers' Control,History > Design development and construction timeline > Strike and Workers' Control,Description > Performance venues and facilities,Sydney_Opera_House_SEC_011_SENT_001,Sydney_Opera_House_SEC_011_SENT_002,Sydney_Opera_House_SEC_002_SENT_005,"In 1972, a construction worker was fired, leading the BLF-affiliated workers to demand his rehiring and a 25% wage increase.","In response to this, all the workers were fired, and in revenge the workers broke into the construction site with a crowbar and brought their own toolboxes.","Drama Theatre: A proscenium theatre with 544 seats, used by the Sydney Theatre Company and other dance and theatrical presenters.",0.6445931196212769,0.29643523693084717,0.3481578826904297,1
TRIPLET_00404,Landmarks,Sydney Opera House,https://en.wikipedia.org/wiki/Sydney_Opera_House,Notable performances,Notable performances,History > Design development and construction timeline > Completion and cost,Sydney_Opera_House_SEC_020_SENT_009,Sydney_Opera_House_SEC_020_SENT_004,Sydney_Opera_House_SEC_010_SENT_002,1995 – Bernard Shaw's Saint Joan: starring Jacqueline McKenzie in the title role of Joan of Arc.,1977 – Sammy Davis Junior played at the Sydney Opera House on April 9.,"""Sam"" Hoare, the Hornibrook director in charge of the project, provided the following approximations in 1973: Stage I: podium Civil & Civic approximately $5.5m.",0.43567898869514465,0.3311837315559387,0.10449525713920593,1
TRIPLET_00405,Landmarks,Sydney Opera House,https://en.wikipedia.org/wiki/Sydney_Opera_House,Notable performances,Notable performances,Archival holdings,Sydney_Opera_House_SEC_020_SENT_018,Sydney_Opera_House_SEC_020_SENT_012,Sydney_Opera_House_SEC_021_SENT_002,2014 – Bob Dylan ends his Australian Tour on 7 September 2014.,"2003 – Pulitzer Prize winning play Proof by David Auburn, starring Jacqueline McKenzie and Barry Otto.",Held by New South Wales State Archives and Records.,0.4104059934616089,0.30885574221611023,0.10155025124549866,1
TRIPLET_00406,Landmarks,Sydney Opera House,https://en.wikipedia.org/wiki/Sydney_Opera_House,Controversies > Coronation controversy,Controversies > Coronation controversy,History > Reconciliation with Utzon; building refurbishment,Sydney_Opera_House_SEC_019_SENT_001,Sydney_Opera_House_SEC_019_SENT_002,Sydney_Opera_House_SEC_014_SENT_007,"In 2023, the New South Wales Government scrapped plans to light the sails of the Sydney Opera House in honour of the coronation of King Charles.","State Premier Chris Minns argued that the sails had been lit up too often and was costing significant taxpayer money, stating that the cost was somewhere between eighty and one hundred thousand dollars.","A state memorial service, attended by Utzon's son Jan and daughter Lin, was held in the Concert Hall on 25 March 2009 featuring performances, readings and recollections from prominent figures in the Australian performing arts scene.",0.3673461973667145,0.5032071471214294,-0.13586094975471497,0
TRIPLET_00407,Landmarks,Sydney Opera House,https://en.wikipedia.org/wiki/Sydney_Opera_House,History > Design development and construction timeline > Significant changes to Utzon's design,History > Design development and construction timeline > Significant changes to Utzon's design,History > Origins of the project > Site selection,Sydney_Opera_House_SEC_009_SENT_011,Sydney_Opera_House_SEC_009_SENT_003,Sydney_Opera_House_SEC_003_SENT_002,"Utzon's plywood corridor designs, along with his acoustic and seating designs for the interior of both major halls, were scrapped completely.","As a result, the Joan Sutherland Theatre is now inadequate for staging large-scale opera and ballet.","The Sydney Symphony Orchestra's performance home, the Sydney Town Hall, was not considered large enough.",0.6808834075927734,0.5292881727218628,0.15159523487091064,1
TRIPLET_00408,Landmarks,Sydney Opera House,https://en.wikipedia.org/wiki/Sydney_Opera_House,Description > Performance venues and facilities,Description > Performance venues and facilities,Controversies,Sydney_Opera_House_SEC_002_SENT_007,Sydney_Opera_House_SEC_002_SENT_006,Sydney_Opera_House_SEC_018_SENT_001,"Studio: A flexible space with 280 permanent seats (some of which can be folded up) and a maximum capacity of 400, depending on configuration.",Playhouse: A non-proscenium end-stage theatre with 398 seats.,The Opera House chief executive Louise Herron clashed with Sydney radio commentator Alan Jones on 5 October 2018.,0.6174665689468384,0.23100832104682922,0.38645824790000916,1
TRIPLET_00409,Landmarks,Sydney Opera House,https://en.wikipedia.org/wiki/Sydney_Opera_House,Controversies,Controversies,History > Origins of the project > Architecture competition 1955–1957,Sydney_Opera_House_SEC_018_SENT_005,Sydney_Opera_House_SEC_018_SENT_001,Sydney_Opera_House_SEC_004_SENT_001,"The NSW Labor Party leader, Luke Foley, and senior federal Labor frontbencher Anthony Albanese had supported the proposal.",The Opera House chief executive Louise Herron clashed with Sydney radio commentator Alan Jones on 5 October 2018.,"An international design competition with a grand prize of 5,000 Australian pounds was launched by Cahill on 13 September 1955 and received 233 entries, representing architects from 32 countries.",0.3544190526008606,0.3328571915626526,0.021561861038208008,1
TRIPLET_00410,Landmarks,Sydney Opera House,https://en.wikipedia.org/wiki/Sydney_Opera_House,Public and commemorative events,Public and commemorative events,Archival holdings,Sydney_Opera_House_SEC_017_SENT_010,Sydney_Opera_House_SEC_017_SENT_014,Sydney_Opera_House_SEC_021_SENT_001,"On 31 December 2013, the venue's 40th anniversary year, a New Year fireworks display was mounted for the first time in a decade.","On 20 October 2023, the Opera House turned 50 years old.","NRS 12825 – Competition drawings submitted by Jørn Utzon to the Opera House Committee, 1956.",0.522702693939209,0.30204832553863525,0.22065436840057373,1
TRIPLET_00411,Landmarks,Sydney Opera House,https://en.wikipedia.org/wiki/Sydney_Opera_House,Description,Description,History > Design development and construction timeline > Stage I: Podium,Sydney_Opera_House_SEC_001_SENT_003,Sydney_Opera_House_SEC_001_SENT_006,Sydney_Opera_House_SEC_006_SENT_003,It is supported on 588 concrete piers sunk as much as 25 m (82 ft) below sea level.,"Although the roof structures are commonly referred to as ""shells"" (as in this article), they are precast concrete panels supported by precast concrete ribs, not shells in a strictly structural sense.",But Utzon had still not completed the final designs.,0.4722948670387268,0.22626721858978271,0.2460276484489441,1
TRIPLET_00412,Landmarks,Sydney Opera House,https://en.wikipedia.org/wiki/Sydney_Opera_House,History > Design development and construction timeline > Strike and Workers' Control,History > Design development and construction timeline > Strike and Workers' Control,History > Opening,Sydney_Opera_House_SEC_011_SENT_004,Sydney_Opera_House_SEC_011_SENT_003,Sydney_Opera_House_SEC_013_SENT_001,"The workers agreed to end their work-in when management agreed to give them a 25% wage increase, the right to elect their foremen, four weeks annual leave and a large payment for their troubles.","Workers' control was applied to the site for five weeks as the construction workers worked 35 hours a week with improved morale, more efficient organization and fewer people skipping work.","The Sydney Opera House was formally opened by Queen Elizabeth II, on 20 October 1973.",0.7322103977203369,0.3353486955165863,0.3968617022037506,1
TRIPLET_00413,Landmarks,Sydney Opera House,https://en.wikipedia.org/wiki/Sydney_Opera_House,History > Origins of the project > Architecture competition 1955–1957,History > Origins of the project > Architecture competition 1955–1957,History > Opening,Sydney_Opera_House_SEC_004_SENT_013,Sydney_Opera_House_SEC_004_SENT_001,Sydney_Opera_House_SEC_013_SENT_003,"His office moved to Palm Beach, Sydney in February 1963.","An international design competition with a grand prize of 5,000 Australian pounds was launched by Cahill on 13 September 1955 and received 233 entries, representing architects from 32 countries.",It is frequently erroneously claimed that Utzon was not invited to the opening and his name was not mentioned at the ceremony.,0.5115821957588196,0.255844384431839,0.2557378113269806,1
TRIPLET_00414,Landmarks,Sydney Opera House,https://en.wikipedia.org/wiki/Sydney_Opera_House,History > Reconciliation with Utzon; building refurbishment,History > Reconciliation with Utzon; building refurbishment,Archival holdings,Sydney_Opera_House_SEC_014_SENT_015,Sydney_Opera_House_SEC_014_SENT_010,Sydney_Opera_House_SEC_021_SENT_001,The tapestry was bought at auction by the Sydney Opera House in June 2015.,New escalators and a public lift enabled enhanced access for the disabled and families with prams.,"NRS 12825 – Competition drawings submitted by Jørn Utzon to the Opera House Committee, 1956.",0.23369541764259338,0.564429521560669,-0.33073410391807556,0
TRIPLET_00415,Landmarks,Sydney Opera House,https://en.wikipedia.org/wiki/Sydney_Opera_House,History > Origins of the project > Site selection,History > Origins of the project > Site selection,Description,Sydney_Opera_House_SEC_003_SENT_004,Sydney_Opera_House_SEC_003_SENT_002,Sydney_Opera_House_SEC_001_SENT_008,It was also Goossens who insisted that Bennelong Point be the site: Cahill had wanted it to be on or near Wynyard railway station in the northwest of the central business district.,"The Sydney Symphony Orchestra's performance home, the Sydney Town Hall, was not considered large enough.",The tiles were manufactured by the Swedish company Höganäs AB which generally produced stoneware tiles for the paper-mill industry.,0.3771321773529053,0.42508167028427124,-0.04794949293136597,0
TRIPLET_00416,Landmarks,Sydney Opera House,https://en.wikipedia.org/wiki/Sydney_Opera_House,History > Design development and construction timeline > Significant changes to Utzon's design,History > Design development and construction timeline > Significant changes to Utzon's design,History > Origins of the project > Architecture competition 1955–1957,Sydney_Opera_House_SEC_009_SENT_010,Sydney_Opera_House_SEC_009_SENT_001,Sydney_Opera_House_SEC_004_SENT_014,"The construction of the glass walls: Utzon was planning to use a system of prefabricated plywood mullions, but a different system was designed to deal with the glass.","The major hall, which was originally intended to be a multipurpose opera/concert hall, became solely a concert hall (named the Concert Hall).","Utzon received the Pritzker Architecture Prize, architecture's highest honour, in 2003.",0.4082143306732178,0.2637624144554138,0.14445191621780396,1
TRIPLET_00417,Landmarks,Sydney Opera House,https://en.wikipedia.org/wiki/Sydney_Opera_House,History > Opening,History > Opening,Description > Performance venues and facilities,Sydney_Opera_House_SEC_013_SENT_003,Sydney_Opera_House_SEC_013_SENT_002,Sydney_Opera_House_SEC_002_SENT_010,It is frequently erroneously claimed that Utzon was not invited to the opening and his name was not mentioned at the ceremony.,The opening was televised and included fireworks and a performance of Beethoven's Symphony No.,"Outdoor Forecourt: A flexible open-air venue with a wide range of configuration options, including the possibility of utilising the Monumental Steps as audience seating, used for a range of community events and major outdoor performances.",0.25893634557724,0.1369989812374115,0.12193736433982849,1
TRIPLET_00418,Landmarks,Sydney Opera House,https://en.wikipedia.org/wiki/Sydney_Opera_House,History > Design development and construction timeline > Strike and Workers' Control,History > Design development and construction timeline > Strike and Workers' Control,History > Origins of the project > Architecture competition 1955–1957,Sydney_Opera_House_SEC_011_SENT_001,Sydney_Opera_House_SEC_011_SENT_004,Sydney_Opera_House_SEC_004_SENT_013,"In 1972, a construction worker was fired, leading the BLF-affiliated workers to demand his rehiring and a 25% wage increase.","The workers agreed to end their work-in when management agreed to give them a 25% wage increase, the right to elect their foremen, four weeks annual leave and a large payment for their troubles.","His office moved to Palm Beach, Sydney in February 1963.",0.8857991099357605,0.3430701494216919,0.5427289605140686,1
TRIPLET_00419,Landmarks,Sydney Opera House,https://en.wikipedia.org/wiki/Sydney_Opera_House,History > Design development and construction timeline > Preparation of site,History > Design development and construction timeline > Preparation of site,Archival holdings,Sydney_Opera_House_SEC_005_SENT_002,Sydney_Opera_House_SEC_005_SENT_001,Sydney_Opera_House_SEC_021_SENT_002,"The Opera House was built in four stages: stage I (1957–1959) was planning out the building; stage II (1959–1963) consisted of building the upper podium; stage III (1963–1967) the construction of the outer shells, based upon the image of whales breaching the water; stage IV (1967–1973) interior design and construction.","The Fort Macquarie Tram Depot, occupying the site on the original Fort Macquarie at the time of these plans, was demolished in 1958 and construction began in March 1959.",Held by New South Wales State Archives and Records.,0.5131043195724487,0.2738187313079834,0.23928558826446533,1
TRIPLET_00420,Landmarks,Sydney Opera House,https://en.wikipedia.org/wiki/Sydney_Opera_House,History > Design development and construction timeline > Preparation of site,History > Design development and construction timeline > Preparation of site,Performance firsts,Sydney_Opera_House_SEC_005_SENT_002,Sydney_Opera_House_SEC_005_SENT_001,Sydney_Opera_House_SEC_016_SENT_006,"The Opera House was built in four stages: stage I (1957–1959) was planning out the building; stage II (1959–1963) consisted of building the upper podium; stage III (1963–1967) the construction of the outer shells, based upon the image of whales breaching the water; stage IV (1967–1973) interior design and construction.","The Fort Macquarie Tram Depot, occupying the site on the original Fort Macquarie at the time of these plans, was demolished in 1958 and construction began in March 1959.","Rites of Passage was premiered a year later, on 27 September 1974.",0.5131043195724487,0.43200790882110596,0.08109641075134277,1
TRIPLET_00421,Landmarks,Sydney Opera House,https://en.wikipedia.org/wiki/Sydney_Opera_House,Notable performances,Notable performances,Description > Performance venues and facilities,Sydney_Opera_House_SEC_020_SENT_015,Sydney_Opera_House_SEC_020_SENT_013,Sydney_Opera_House_SEC_002_SENT_001,2009 – First Vivid Live Music program curated by Brian Eno.,"2008 – Premiere performance of ""Angels in the Architecture"" by Frank Ticheli, a wind band composition inspired by the opera house itself.","The Sydney Opera House includes a number of performance venues: Concert Hall: With 2,679 seats, the home of the Sydney Symphony Orchestra and used by a large number of other concert presenters.",0.6252549290657043,0.48850569128990173,0.1367492377758026,1
TRIPLET_00422,Landmarks,Sydney Opera House,https://en.wikipedia.org/wiki/Sydney_Opera_House,Performance firsts,Performance firsts,History > Design development and construction timeline > Completion and cost,Sydney_Opera_House_SEC_016_SENT_009,Sydney_Opera_House_SEC_016_SENT_006,Sydney_Opera_House_SEC_010_SENT_002,The first music played was the Prelude to Die Meistersinger von Nürnberg.,"Rites of Passage was premiered a year later, on 27 September 1974.","""Sam"" Hoare, the Hornibrook director in charge of the project, provided the following approximations in 1973: Stage I: podium Civil & Civic approximately $5.5m.",0.5150607228279114,0.30548086762428284,0.20957985520362854,1
TRIPLET_00423,Landmarks,Sydney Opera House,https://en.wikipedia.org/wiki/Sydney_Opera_House,History > Design development and construction timeline > Stage II: Roof,History > Design development and construction timeline > Stage II: Roof,Description > Performance venues and facilities,Sydney_Opera_House_SEC_007_SENT_010,Sydney_Opera_House_SEC_007_SENT_023,Sydney_Opera_House_SEC_002_SENT_005,With whom exactly this solution originated has been the subject of some controversy.,It is made from clay with a small percentage of crushed stone.,"Drama Theatre: A proscenium theatre with 544 seats, used by the Sydney Theatre Company and other dance and theatrical presenters.",0.30312445759773254,0.09896817803382874,0.2041562795639038,1
TRIPLET_00424,Landmarks,Sydney Opera House,https://en.wikipedia.org/wiki/Sydney_Opera_House,History > Origins of the project > Site selection,History > Origins of the project > Site selection,Public and commemorative events,Sydney_Opera_House_SEC_003_SENT_003,Sydney_Opera_House_SEC_003_SENT_004,Sydney_Opera_House_SEC_017_SENT_003,"By 1954, Goossens succeeded in gaining the support of New South Wales Premier Joseph Cahill, who called for designs for a dedicated opera house.",It was also Goossens who insisted that Bennelong Point be the site: Cahill had wanted it to be on or near Wynyard railway station in the northwest of the central business district.,"The event had a 1.5 km (0.9 mi) swimming loop at Farm Cove, along with competitions in the neighbouring Royal Botanical Gardens for the cycling and running portions of the event.",0.5201799869537354,0.32724857330322266,0.1929314136505127,1
TRIPLET_00425,Landmarks,Sydney Opera House,https://en.wikipedia.org/wiki/Sydney_Opera_House,Description > Performance venues and facilities,Description > Performance venues and facilities,History > Reconciliation with Utzon; building refurbishment,Sydney_Opera_House_SEC_002_SENT_003,Sydney_Opera_House_SEC_002_SENT_009,Sydney_Opera_House_SEC_014_SENT_015,"Joan Sutherland Theatre: A proscenium theatre with 1,507 seats, the Sydney home of Opera Australia and The Australian Ballet.","Yallamundi Rooms: A function space hosting up to 400 people, often used for weddings or business conferences.",The tapestry was bought at auction by the Sydney Opera House in June 2015.,0.5257860422134399,0.6550660729408264,-0.12928003072738647,0
TRIPLET_00426,Landmarks,Sydney Opera House,https://en.wikipedia.org/wiki/Sydney_Opera_House,History > Design development and construction timeline > Stage III: Interiors,History > Design development and construction timeline > Stage III: Interiors,History > Design development and construction timeline > Strike and Workers' Control,Sydney_Opera_House_SEC_008_SENT_010,Sydney_Opera_House_SEC_008_SENT_007,Sydney_Opera_House_SEC_011_SENT_004,"According to Peter Jones, the stage designer, Martin Carr, criticised the ""shape, height and width of the stage, the physical facilities for artists, the location of the dressing rooms, the widths of doors and lifts, and the location of lighting switchboards.""","His position was principally taken over by Peter Hall, who became largely responsible for the interior design.","The workers agreed to end their work-in when management agreed to give them a 25% wage increase, the right to elect their foremen, four weeks annual leave and a large payment for their troubles.",0.5307475328445435,0.28685811161994934,0.24388942122459412,1
TRIPLET_00427,Landmarks,Sydney Opera House,https://en.wikipedia.org/wiki/Sydney_Opera_House,History > Design development and construction timeline > Stage III: Interiors,History > Design development and construction timeline > Stage III: Interiors,History > Design development and construction timeline > Stage I: Podium,Sydney_Opera_House_SEC_008_SENT_002,Sydney_Opera_House_SEC_008_SENT_010,Sydney_Opera_House_SEC_006_SENT_006,"However, there was a change of government in 1965, and the new Robert Askin government declared the project under the jurisdiction of the Ministry of Public Works.","According to Peter Jones, the stage designer, Martin Carr, criticised the ""shape, height and width of the stage, the physical facilities for artists, the location of the dressing rooms, the widths of doors and lifts, and the location of lighting switchboards.""","The forced early start led to significant later problems, not least of which was that the podium columns were not strong enough to support the roof structure, and had to be re-built.",0.4135345220565796,0.35187196731567383,0.06166255474090576,1
TRIPLET_00428,Landmarks,Sydney Opera House,https://en.wikipedia.org/wiki/Sydney_Opera_House,History > Design development and construction timeline > Strike and Workers' Control,History > Design development and construction timeline > Strike and Workers' Control,History > Design development and construction timeline > Preparation of site,Sydney_Opera_House_SEC_011_SENT_004,Sydney_Opera_House_SEC_011_SENT_003,Sydney_Opera_House_SEC_005_SENT_002,"The workers agreed to end their work-in when management agreed to give them a 25% wage increase, the right to elect their foremen, four weeks annual leave and a large payment for their troubles.","Workers' control was applied to the site for five weeks as the construction workers worked 35 hours a week with improved morale, more efficient organization and fewer people skipping work.","The Opera House was built in four stages: stage I (1957–1959) was planning out the building; stage II (1959–1963) consisted of building the upper podium; stage III (1963–1967) the construction of the outer shells, based upon the image of whales breaching the water; stage IV (1967–1973) interior design and construction.",0.7322103977203369,0.3953757584095001,0.3368346393108368,1
TRIPLET_00429,Landmarks,Sydney Opera House,https://en.wikipedia.org/wiki/Sydney_Opera_House,History > Origins of the project > Architecture competition 1955–1957,History > Origins of the project > Architecture competition 1955–1957,Description,Sydney_Opera_House_SEC_004_SENT_010,Sydney_Opera_House_SEC_004_SENT_006,Sydney_Opera_House_SEC_001_SENT_004,"Utzon first visited Sydney on 29 July 1957 along with Erik Andersson who had worked on the competition scheme, to help establish and supervise the developing project.","Utzon's design was inspired by natural shapes, most notably those of bird wings, clouds, shells, walnuts, rivers and palm leaves.",The highest roof point is 67 metres above sea-level which is the same height as that of a 22-storey building.,0.25629329681396484,0.3546937108039856,-0.09840041399002075,0
TRIPLET_00430,Landmarks,Sydney Opera House,https://en.wikipedia.org/wiki/Sydney_Opera_House,History > Reconciliation with Utzon; building refurbishment,History > Reconciliation with Utzon; building refurbishment,History > Architectural design role of Peter Hall,Sydney_Opera_House_SEC_014_SENT_013,Sydney_Opera_House_SEC_014_SENT_009,Sydney_Opera_House_SEC_015_SENT_008,"The Gumscape, Road and Creatures triptych was commissioned by the Sydney Opera House to cover the scaffolding concealing refurbishment building work.","Designed by Utzon and his son Jan, the project provided improved ticketing, toilet and cloaking facilities.",Hall resigned from the Government Architects office in early 1966 to pursue his own practice.,0.43444424867630005,0.4896034300327301,-0.055159181356430054,0
TRIPLET_00431,Landmarks,Sydney Opera House,https://en.wikipedia.org/wiki/Sydney_Opera_House,History > Reconciliation with Utzon; building refurbishment,History > Reconciliation with Utzon; building refurbishment,Description > Performance venues and facilities,Sydney_Opera_House_SEC_014_SENT_004,Sydney_Opera_House_SEC_014_SENT_005,Sydney_Opera_House_SEC_002_SENT_002,It contains an original Utzon tapestry (14.00 × 3.70 metres) called Homage to Carl Philipp Emanuel Bach.,"In April 2007, he proposed a major reconstruction of the Opera Theatre, as it was then known.","It contains the Sydney Opera House Grand Organ, the largest mechanical tracker action organ in the world, with over 10,000 pipes.",0.5092202425003052,0.41650399565696716,0.09271624684333801,1
TRIPLET_00432,Landmarks,Sydney Opera House,https://en.wikipedia.org/wiki/Sydney_Opera_House,Description,Description,Archival holdings,Sydney_Opera_House_SEC_001_SENT_010,Sydney_Opera_House_SEC_001_SENT_006,Sydney_Opera_House_SEC_021_SENT_001,"Significant interior surface treatments also include off-form concrete, Australian white birch plywood supplied from Wauchope in northern New South Wales, and brush box glulam.","Although the roof structures are commonly referred to as ""shells"" (as in this article), they are precast concrete panels supported by precast concrete ribs, not shells in a strictly structural sense.","NRS 12825 – Competition drawings submitted by Jørn Utzon to the Opera House Committee, 1956.",0.5089553594589233,0.3516552150249481,0.15730014443397522,1
TRIPLET_00433,Landmarks,Sydney Opera House,https://en.wikipedia.org/wiki/Sydney_Opera_House,History > Opening,History > Opening,Controversies,Sydney_Opera_House_SEC_013_SENT_003,Sydney_Opera_House_SEC_013_SENT_004,Sydney_Opera_House_SEC_018_SENT_001,It is frequently erroneously claimed that Utzon was not invited to the opening and his name was not mentioned at the ceremony.,"Utzon was in fact invited, but he declined in order to avoid the controversy over his dismissal overshadowing the event; and while the Queen's speech did not mention Utzon (or any other involved architect), Premier Askin did credit him.",The Opera House chief executive Louise Herron clashed with Sydney radio commentator Alan Jones on 5 October 2018.,0.7013519406318665,0.41085660457611084,0.2904953360557556,1
TRIPLET_00434,Landmarks,Sydney Opera House,https://en.wikipedia.org/wiki/Sydney_Opera_House,History > Opening,History > Opening,Archival holdings,Sydney_Opera_House_SEC_013_SENT_002,Sydney_Opera_House_SEC_013_SENT_003,Sydney_Opera_House_SEC_021_SENT_002,The opening was televised and included fireworks and a performance of Beethoven's Symphony No.,It is frequently erroneously claimed that Utzon was not invited to the opening and his name was not mentioned at the ceremony.,Held by New South Wales State Archives and Records.,0.25893634557724,0.22819475829601288,0.030741587281227112,1
TRIPLET_00435,Landmarks,Sydney Opera House,https://en.wikipedia.org/wiki/Sydney_Opera_House,Controversies > Coronation controversy,Controversies > Coronation controversy,History > Opening,Sydney_Opera_House_SEC_019_SENT_002,Sydney_Opera_House_SEC_019_SENT_001,Sydney_Opera_House_SEC_013_SENT_003,"State Premier Chris Minns argued that the sails had been lit up too often and was costing significant taxpayer money, stating that the cost was somewhere between eighty and one hundred thousand dollars.","In 2023, the New South Wales Government scrapped plans to light the sails of the Sydney Opera House in honour of the coronation of King Charles.",It is frequently erroneously claimed that Utzon was not invited to the opening and his name was not mentioned at the ceremony.,0.3673461973667145,0.3577253818511963,0.009620815515518188,1
TRIPLET_00436,Landmarks,Sydney Opera House,https://en.wikipedia.org/wiki/Sydney_Opera_House,Description,Description,History > Design development and construction timeline > Strike and Workers' Control,Sydney_Opera_House_SEC_001_SENT_005,Sydney_Opera_House_SEC_001_SENT_009,Sydney_Opera_House_SEC_011_SENT_001,"The roof is made of 2,194 pre-cast concrete sections, which weigh up to 15 tonnes each.","Apart from the tile of the shells and the glass curtain walls of the foyer spaces, the building's exterior is largely clad with aggregate panels composed of pink granite quarried at Tarana.","In 1972, a construction worker was fired, leading the BLF-affiliated workers to demand his rehiring and a 25% wage increase.",0.4769725799560547,0.42257049679756165,0.05440208315849304,1
TRIPLET_00437,Landmarks,Sydney Opera House,https://en.wikipedia.org/wiki/Sydney_Opera_House,History > Reconciliation with Utzon; building refurbishment,History > Reconciliation with Utzon; building refurbishment,History > Origins of the project > Site selection,Sydney_Opera_House_SEC_014_SENT_010,Sydney_Opera_House_SEC_014_SENT_015,Sydney_Opera_House_SEC_003_SENT_001,New escalators and a public lift enabled enhanced access for the disabled and families with prams.,The tapestry was bought at auction by the Sydney Opera House in June 2015.,"Planning began in the late 1940s when Eugene Goossens, the Chief Conductor of the Sydney Symphony Orchestra and Director of the New South Wales State Conservatorium of Music, lobbied for a suitable venue for opera and orchestral performance.",0.23369541764259338,0.2664152681827545,-0.03271985054016113,0
TRIPLET_00438,Landmarks,Sydney Opera House,https://en.wikipedia.org/wiki/Sydney_Opera_House,Description,Description,History > Design development and construction timeline > Stage I: Podium,Sydney_Opera_House_SEC_001_SENT_008,Sydney_Opera_House_SEC_001_SENT_005,Sydney_Opera_House_SEC_006_SENT_001,The tiles were manufactured by the Swedish company Höganäs AB which generally produced stoneware tiles for the paper-mill industry.,"The roof is made of 2,194 pre-cast concrete sections, which weigh up to 15 tonnes each.","Stage I started on 2 March 1959 with the construction firm Civil & Civic, monitored by the engineers Ove Arup & Partners.",0.49976611137390137,0.4567527770996094,0.04301333427429199,1
TRIPLET_00439,Landmarks,Sydney Opera House,https://en.wikipedia.org/wiki/Sydney_Opera_House,Public and commemorative events,Public and commemorative events,Description,Sydney_Opera_House_SEC_017_SENT_015,Sydney_Opera_House_SEC_017_SENT_002,Sydney_Opera_House_SEC_001_SENT_010,"In December 2024, after five years of absence, the Nutcracker returned to the Sydney Opera house.","During the 2000 Summer Olympics, the venue served as the focal point for the triathlon events.","Significant interior surface treatments also include off-form concrete, Australian white birch plywood supplied from Wauchope in northern New South Wales, and brush box glulam.",0.41951465606689453,0.22396695613861084,0.1955476999282837,1
TRIPLET_00440,Landmarks,Sydney Opera House,https://en.wikipedia.org/wiki/Sydney_Opera_House,Description > Performance venues and facilities,Description > Performance venues and facilities,History > Design development and construction timeline > Stage I: Podium,Sydney_Opera_House_SEC_002_SENT_010,Sydney_Opera_House_SEC_002_SENT_007,Sydney_Opera_House_SEC_006_SENT_005,"Outdoor Forecourt: A flexible open-air venue with a wide range of configuration options, including the possibility of utilising the Monumental Steps as audience seating, used for a range of community events and major outdoor performances.","Studio: A flexible space with 280 permanent seats (some of which can be folded up) and a maximum capacity of 400, depending on configuration.",Work on the podium was finally completed in February 1963.,0.400113582611084,0.15742115676403046,0.24269242584705353,1
TRIPLET_00441,Landmarks,Sydney Opera House,https://en.wikipedia.org/wiki/Sydney_Opera_House,History > Design development and construction timeline > Stage I: Podium,History > Design development and construction timeline > Stage I: Podium,History > Design development and construction timeline > Stage II: Roof,Sydney_Opera_House_SEC_006_SENT_001,Sydney_Opera_House_SEC_006_SENT_003,Sydney_Opera_House_SEC_007_SENT_021,"Stage I started on 2 March 1959 with the construction firm Civil & Civic, monitored by the engineers Ove Arup & Partners.",But Utzon had still not completed the final designs.,The tiles themselves were manufactured by the Swedish company Höganäs Keramik.,0.123328298330307,0.4160686731338501,-0.2927403748035431,0
TRIPLET_00442,Landmarks,Sydney Opera House,https://en.wikipedia.org/wiki/Sydney_Opera_House,History > Opening,History > Opening,History > Origins of the project > Architecture competition 1955–1957,Sydney_Opera_House_SEC_013_SENT_004,Sydney_Opera_House_SEC_013_SENT_002,Sydney_Opera_House_SEC_004_SENT_009,"Utzon was in fact invited, but he declined in order to avoid the controversy over his dismissal overshadowing the event; and while the Queen's speech did not mention Utzon (or any other involved architect), Premier Askin did credit him.",The opening was televised and included fireworks and a performance of Beethoven's Symphony No.,"Geddes, Brecher, Qualls, and Cunningham went on to found the firm GBQC Architects.",0.32518458366394043,0.20766940712928772,0.11751517653465271,1
TRIPLET_00443,Landmarks,Sydney Opera House,https://en.wikipedia.org/wiki/Sydney_Opera_House,History > Architectural design role of Peter Hall,History > Architectural design role of Peter Hall,History > Origins of the project > Architecture competition 1955–1957,Sydney_Opera_House_SEC_015_SENT_018,Sydney_Opera_House_SEC_015_SENT_011,Sydney_Opera_House_SEC_004_SENT_016,"What he found was an enormous amount of work ahead of him with many aspects completely unresolved by Utzon in relation to seating capacity, acoustics and structure.","Hall also sought the advice of others, including architect Don Gazzard who warned him acceptance would be a bad career move as the project would ""never be his own"".","It is one of the great iconic buildings of the 20th century, an image of great beauty that has become known throughout the world – a symbol for not only a city but a whole country and continent.",0.5201445817947388,0.33181828260421753,0.18832629919052124,1
TRIPLET_00444,Landmarks,Sydney Opera House,https://en.wikipedia.org/wiki/Sydney_Opera_House,History > Design development and construction timeline > Stage I: Podium,History > Design development and construction timeline > Stage I: Podium,History > Design development and construction timeline > Significant changes to Utzon's design,Sydney_Opera_House_SEC_006_SENT_003,Sydney_Opera_House_SEC_006_SENT_004,Sydney_Opera_House_SEC_009_SENT_013,But Utzon had still not completed the final designs.,"By 23 January 1961, work was running 47 weeks behind, mainly because of unexpected difficulties (inclement weather, unexpected difficulty diverting stormwater, construction beginning before proper construction drawings had been prepared, changes of original contract documents).","Utzon had employed the acoustic consultant Lothar Cremer, and his designs for the major halls were later modelled and found to be very good.",0.4483436346054077,0.1633458435535431,0.2849977910518646,1
TRIPLET_00445,Landmarks,Sydney Opera House,https://en.wikipedia.org/wiki/Sydney_Opera_House,Description,Description,Public and commemorative events,Sydney_Opera_House_SEC_001_SENT_005,Sydney_Opera_House_SEC_001_SENT_003,Sydney_Opera_House_SEC_017_SENT_009,"The roof is made of 2,194 pre-cast concrete sections, which weigh up to 15 tonnes each.",It is supported on 588 concrete piers sunk as much as 25 m (82 ft) below sea level.,The Sydney Opera House sails formed a graphic projection-screen in a lightshow mounted in connection with the International Fleet Review in Sydney Harbour on 5 October 2013.,0.7261872291564941,0.3179606795310974,0.40822654962539673,1
TRIPLET_00446,Landmarks,Sydney Opera House,https://en.wikipedia.org/wiki/Sydney_Opera_House,History > Design development and construction timeline > Stage I: Podium,History > Design development and construction timeline > Stage I: Podium,History > Utzon and his resignation,Sydney_Opera_House_SEC_006_SENT_003,Sydney_Opera_House_SEC_006_SENT_004,Sydney_Opera_House_SEC_012_SENT_030,But Utzon had still not completed the final designs.,"By 23 January 1961, work was running 47 weeks behind, mainly because of unexpected difficulties (inclement weather, unexpected difficulty diverting stormwater, construction beginning before proper construction drawings had been prepared, changes of original contract documents).",Utzon left the project on 28 February 1966.,0.4483436346054077,0.5338184237480164,-0.08547478914260864,0
TRIPLET_00447,Landmarks,Sydney Opera House,https://en.wikipedia.org/wiki/Sydney_Opera_House,History > Design development and construction timeline > Stage I: Podium,History > Design development and construction timeline > Stage I: Podium,Public and commemorative events,Sydney_Opera_House_SEC_006_SENT_003,Sydney_Opera_House_SEC_006_SENT_004,Sydney_Opera_House_SEC_017_SENT_008,But Utzon had still not completed the final designs.,"By 23 January 1961, work was running 47 weeks behind, mainly because of unexpected difficulties (inclement weather, unexpected difficulty diverting stormwater, construction beginning before proper construction drawings had been prepared, changes of original contract documents).",The residents opposing the concerts contend that a new DA should have been filed rather than an amendment.,0.4483436346054077,0.42246416211128235,0.025879472494125366,1
TRIPLET_00448,Landmarks,Sydney Opera House,https://en.wikipedia.org/wiki/Sydney_Opera_House,Archival holdings,Archival holdings,History > Origins of the project > Site selection,Sydney_Opera_House_SEC_021_SENT_001,Sydney_Opera_House_SEC_021_SENT_002,Sydney_Opera_House_SEC_003_SENT_001,"NRS 12825 – Competition drawings submitted by Jørn Utzon to the Opera House Committee, 1956.",Held by New South Wales State Archives and Records.,"Planning began in the late 1940s when Eugene Goossens, the Chief Conductor of the Sydney Symphony Orchestra and Director of the New South Wales State Conservatorium of Music, lobbied for a suitable venue for opera and orchestral performance.",0.3715561032295227,0.6791800856590271,-0.3076239824295044,0
TRIPLET_00449,Landmarks,Sydney Opera House,https://en.wikipedia.org/wiki/Sydney_Opera_House,Notable performances,Notable performances,Controversies,Sydney_Opera_House_SEC_020_SENT_005,Sydney_Opera_House_SEC_020_SENT_006,Sydney_Opera_House_SEC_018_SENT_008,"1978 – Irish rockers Thin Lizzy played a free concert on the steps, which was recorded and released as Thin Lizzy Live at Sydney Harbour '78.",1980 – Arnold Schwarzenegger won his final body-building title there.,A survey conducted on 8 October by market research firm Micromex found that 81% of those surveyed were not supportive of the premier's direction.,0.44058603048324585,0.31305116415023804,0.1275348663330078,1
TRIPLET_00450,Landmarks,Sydney Opera House,https://en.wikipedia.org/wiki/Sydney_Opera_House,History > Opening,History > Opening,History > Utzon and his resignation,Sydney_Opera_House_SEC_013_SENT_004,Sydney_Opera_House_SEC_013_SENT_001,Sydney_Opera_House_SEC_012_SENT_009,"Utzon was in fact invited, but he declined in order to avoid the controversy over his dismissal overshadowing the event; and while the Queen's speech did not mention Utzon (or any other involved architect), Premier Askin did credit him.","The Sydney Opera House was formally opened by Queen Elizabeth II, on 20 October 1973.","The building was unique, and the problems with the design issues and cost increases were exacerbated by commencement of work before the completion of the final plans.",0.20519033074378967,0.4794667065143585,-0.27427637577056885,0
TRIPLET_00451,Landmarks,Sydney Harbour Bridge,https://en.wikipedia.org/wiki/Sydney_Harbour_Bridge,Celebrations > 75th anniversary,Celebrations > 75th anniversary,Quotations,Sydney_Harbour_Bridge_SEC_022_SENT_015,Sydney_Harbour_Bridge_SEC_022_SENT_007,Sydney_Harbour_Bridge_SEC_028_SENT_008,The bridge was closed to walkers at about 8:30pm.,An Aboriginal smoking ceremony was held at 7:00pm.,"...you can see it from every corner of the city, creeping into frame from the oddest angles, like an uncle who wants to get into every snapshot.",0.5964393019676208,0.3024289011955261,0.2940104007720947,1
TRIPLET_00452,Landmarks,Sydney Harbour Bridge,https://en.wikipedia.org/wiki/Sydney_Harbour_Bridge,Operations > Rail,Operations > Rail,Celebrations > Sydney New Year's Eve,Sydney_Harbour_Bridge_SEC_013_SENT_003,Sydney_Harbour_Bridge_SEC_013_SENT_004,Sydney_Harbour_Bridge_SEC_019_SENT_004,"In 1958, tram services across the bridge were withdrawn and the tracks they had used were removed and replaced by two extra road lanes; these lanes are now the leftmost southbound lanes on the bridge and are still clearly distinguishable from the other six road lanes.","The original ramp that took the trams into a terminus at the underground Wynyard railway station is still visible at the southern end of the main walkway under lanes 7 and 8, although around 1964, the former tram tunnels and station were converted for use as a carpark for the Menzies Hotel and as public parking.","During the millennium celebrations in 2000, the Sydney Harbour Bridge was lit up with the word ""Eternity"", as a tribute to the legacy of Arthur Stace a Sydney artist who for many years inscribed said word on pavements in chalk in copperplate writing despite the fact that he was illiterate.",0.683556318283081,0.5255650877952576,0.1579912304878235,1
TRIPLET_00453,Landmarks,Sydney Harbour Bridge,https://en.wikipedia.org/wiki/Sydney_Harbour_Bridge,Operations > Pedestrians,Operations > Pedestrians,History > Planning,Sydney_Harbour_Bridge_SEC_011_SENT_001,Sydney_Harbour_Bridge_SEC_011_SENT_002,Sydney_Harbour_Bridge_SEC_005_SENT_005,The pedestrian-only footway is located on the east side of the bridge.,"Access from the northern side involves climbing an easily spotted flight of stairs, located on the east side of the bridge at Broughton Street, Kirribilli.","His confidential secretary Kathleen M. Butler handled all the international correspondence during his absence, her title belying her role as project manager as well as a technical adviser.",0.564010500907898,0.2770347595214844,0.2869757413864136,1
TRIPLET_00454,Landmarks,Sydney Harbour Bridge,https://en.wikipedia.org/wiki/Sydney_Harbour_Bridge,History > Early proposals,History > Early proposals,Operations > Rail,Sydney_Harbour_Bridge_SEC_004_SENT_005,Sydney_Harbour_Bridge_SEC_004_SENT_006,Sydney_Harbour_Bridge_SEC_013_SENT_005,Engineer Peter Henderson produced one of the earliest known drawings of a bridge across the harbour around 1857.,"A suggestion for a truss bridge was made in 1879, and in 1880 a high-level bridge estimated at £850,000 was proposed.",One of the tunnels was converted for use as a storage facility after reportedly being used by the NSW police as a pistol firing range.,0.5137120485305786,0.3603198826313019,0.15339216589927673,1
TRIPLET_00455,Landmarks,Sydney Harbour Bridge,https://en.wikipedia.org/wiki/Sydney_Harbour_Bridge,Celebrations > 80th anniversary,Celebrations > 80th anniversary,Celebrations > Walk for Reconciliation,Sydney_Harbour_Bridge_SEC_024_SENT_002,Sydney_Harbour_Bridge_SEC_024_SENT_003,Sydney_Harbour_Bridge_SEC_020_SENT_003,"In addition, Google dedicated its Google Doodle on the 19th to the event.",The proposal to upgrade the bridge tolling equipment was announced by the NSW Roads Minister Duncan Gay.,"Between 200,000 and 300,000 people were estimated to have walked the bridge in a symbolic gesture of crossing a divide.",0.4019675850868225,0.41128408908843994,-0.009316504001617432,0
TRIPLET_00456,Landmarks,Sydney Harbour Bridge,https://en.wikipedia.org/wiki/Sydney_Harbour_Bridge,Engineering recognition,Engineering recognition,Celebrations > Bicentennial Australia Day celebrations,Sydney_Harbour_Bridge_SEC_030_SENT_001,Sydney_Harbour_Bridge_SEC_030_SENT_002,Sydney_Harbour_Bridge_SEC_018_SENT_004,The bridge was listed as a National Engineering Landmark by Engineers Australia in 1988 as part of its Engineering Heritage Recognition Program.,"The bridge was also recognized by a plaque that year from the American Society of Civil Engineers designating it an ""International Historic Civil Engineering Landmark"".",This was to become the pattern for later firework displays.,0.714622974395752,0.37305474281311035,0.3415682315826416,1
TRIPLET_00457,Landmarks,Sydney Harbour Bridge,https://en.wikipedia.org/wiki/Sydney_Harbour_Bridge,Operations > Maintenance,Operations > Maintenance,Celebrations > Bicentennial Australia Day celebrations,Sydney_Harbour_Bridge_SEC_014_SENT_009,Sydney_Harbour_Bridge_SEC_014_SENT_003,Sydney_Harbour_Bridge_SEC_018_SENT_001,"This involved removing the old lead-based paint, and repainting the 90,000 m2 (22 acres) of steel below the deck.",The most noticeable maintenance work on the bridge involves painting.,Australia's bicentennial celebrations on 26 January 1988 attracted large crowds in the bridge's vicinity as merrymakers flocked to the foreshores to view the events on the harbour.,0.5211721658706665,0.25507426261901855,0.26609790325164795,1
TRIPLET_00458,Landmarks,Sydney Harbour Bridge,https://en.wikipedia.org/wiki/Sydney_Harbour_Bridge,Operations > Maintenance,Operations > Maintenance,History > Planning,Sydney_Harbour_Bridge_SEC_014_SENT_010,Sydney_Harbour_Bridge_SEC_014_SENT_014,Sydney_Harbour_Bridge_SEC_005_SENT_007,"Workers operated from self-contained platforms below the deck, with each platform having an air extraction system to filter airborne particles.","The robots, nicknamed Rosie and Sandy, are intended to reduce workers' potential exposure to dangerous lead paint and asbestos and the blasting equipment which has enough force to cut through clothes and skin.","In 1922 the government of George Fuller passed the Sydney Harbour Act 1922, specifying the construction of a high-level cantilever or arch bridge across the harbour between Dawes Point and Milsons Point, along with construction of necessary approaches and electric railway lines, and worldwide tenders were invited for the project.",0.3621746003627777,0.2843538522720337,0.07782074809074402,1
TRIPLET_00459,Landmarks,Sydney Harbour Bridge,https://en.wikipedia.org/wiki/Sydney_Harbour_Bridge,History > Construction,History > Construction,Celebrations > 80th anniversary,Sydney_Harbour_Bridge_SEC_006_SENT_005,Sydney_Harbour_Bridge_SEC_006_SENT_008,Sydney_Harbour_Bridge_SEC_024_SENT_001,"The official ceremony to mark the turning of the first sod occurred on 28 July 1923, on the spot at Milsons Point where two workshops to assist in building the bridge were to be constructed.","As construction of the approaches took place, work was also started on preparing the foundations required to support the enormous weight of the arch and loadings.","On 19 March 2012, the 80th anniversary of the Sydney Harbour Bridge was celebrated with a picnic dedicated to the stories of people with personal connections to the bridge.",0.4689277708530426,0.5759698152542114,-0.10704204440116882,0
TRIPLET_00460,Landmarks,Sydney Harbour Bridge,https://en.wikipedia.org/wiki/Sydney_Harbour_Bridge,Operations > Road,Operations > Road,Celebrations > Bicentennial Australia Day celebrations,Sydney_Harbour_Bridge_SEC_008_SENT_006,Sydney_Harbour_Bridge_SEC_008_SENT_005,Sydney_Harbour_Bridge_SEC_018_SENT_003,"In 1988, work began to build a tunnel to complement the bridge.",Lanes 7 and 8 now connect the bridge to the elevated Cahill Expressway that carries traffic to the Eastern Distributor.,"The day's festivities culminated in a fireworks display in which the bridge was the focal point of the finale, with fireworks streaming from the arch and roadway.",0.4403601884841919,0.2841591536998749,0.15620103478431702,1
TRIPLET_00461,Landmarks,Sydney Harbour Bridge,https://en.wikipedia.org/wiki/Sydney_Harbour_Bridge,Celebrations > Breakfast on the Bridge,Celebrations > Breakfast on the Bridge,Operations > Maintenance,Sydney_Harbour_Bridge_SEC_023_SENT_002,Sydney_Harbour_Bridge_SEC_023_SENT_001,Sydney_Harbour_Bridge_SEC_014_SENT_003,"Although originally scheduled again in 2011, this event was moved to Bondi Beach due to traffic concerns about the prolonged closing of the bridge.","On 25 October 2009 turf was laid across the eight lanes of bitumen, and 6,000 people celebrated a picnic on the bridge accompanied by live music.",The most noticeable maintenance work on the bridge involves painting.,0.46028876304626465,0.3580768406391144,0.10221192240715027,1
TRIPLET_00462,Landmarks,Sydney Harbour Bridge,https://en.wikipedia.org/wiki/Sydney_Harbour_Bridge,Celebrations > Sydney New Year's Eve,Celebrations > Sydney New Year's Eve,Engineering recognition,Sydney_Harbour_Bridge_SEC_019_SENT_002,Sydney_Harbour_Bridge_SEC_019_SENT_003,Sydney_Harbour_Bridge_SEC_030_SENT_002,"In recent times, the bridge has included a ropelight display on a framework in the centre of the eastern arch, which is used to complement the fireworks.","The scaffolding and framework were clearly visible for some weeks before the event, revealing the outline of the design.","The bridge was also recognized by a plaque that year from the American Society of Civil Engineers designating it an ""International Historic Civil Engineering Landmark"".",0.3912094831466675,0.42038458585739136,-0.029175102710723877,0
TRIPLET_00463,Landmarks,Sydney Harbour Bridge,https://en.wikipedia.org/wiki/Sydney_Harbour_Bridge,History > Official opening ceremony,History > Official opening ceremony,Operations > Tolls,Sydney_Harbour_Bridge_SEC_007_SENT_024,Sydney_Harbour_Bridge_SEC_007_SENT_003,Sydney_Harbour_Bridge_SEC_010_SENT_024,Several songs were composed for the occasion.,"The Premier of New South Wales, Jack Lang, was to open the bridge by cutting a ribbon at its southern end.",In January 2017 work commenced to remove the southern toll booths.,0.21171961724758148,0.15100660920143127,0.06071300804615021,1
TRIPLET_00464,Landmarks,Sydney Harbour Bridge,https://en.wikipedia.org/wiki/Sydney_Harbour_Bridge,History > Official opening ceremony,History > Official opening ceremony,Celebrations > 50th Anniversary celebrations,Sydney_Harbour_Bridge_SEC_007_SENT_007,Sydney_Harbour_Bridge_SEC_007_SENT_008,Sydney_Harbour_Bridge_SEC_017_SENT_003,The intruder was identified as Francis de Groot.,"He was convicted of offensive behaviour and fined £5 after a psychiatric test proved he was sane, but this verdict was reversed on appeal.","The celebrations were attended by Edward Judge, who represented Dorman Long.",0.28125208616256714,0.5510445237159729,-0.26979243755340576,0
TRIPLET_00465,Landmarks,Sydney Harbour Bridge,https://en.wikipedia.org/wiki/Sydney_Harbour_Bridge,Celebrations > 75th anniversary,Celebrations > 75th anniversary,History > Planning,Sydney_Harbour_Bridge_SEC_022_SENT_003,Sydney_Harbour_Bridge_SEC_022_SENT_006,Sydney_Harbour_Bridge_SEC_005_SENT_014,"On 18 March 2007, the 75th anniversary of the Sydney Harbour Bridge was celebrated.","Several major roads, mainly in the CBD, were closed for the day.","The building of the bridge coincided with the construction of a system of underground railways beneath Sydney's CBD, known today as the City Circle, and the bridge was designed with this in mind.",0.3070780634880066,0.3752146363258362,-0.06813657283782959,0
TRIPLET_00466,Landmarks,Sydney Harbour Bridge,https://en.wikipedia.org/wiki/Sydney_Harbour_Bridge,Celebrations > 50th Anniversary celebrations,Celebrations > 50th Anniversary celebrations,Operations > Road,Sydney_Harbour_Bridge_SEC_017_SENT_001,Sydney_Harbour_Bridge_SEC_017_SENT_002,Sydney_Harbour_Bridge_SEC_008_SENT_008,"In 1982, the 50th anniversary of the opening of the bridge was celebrated.","For the first time since its opening in 1932, the bridge was closed to most vehicles with the exception of vintage vehicles, and pedestrians were allowed full access for the day.",The Sydney Harbour Tunnel was completed in August 1992 and carries only motor vehicles.,0.4390231966972351,0.4677956700325012,-0.028772473335266113,0
TRIPLET_00467,Landmarks,Sydney Harbour Bridge,https://en.wikipedia.org/wiki/Sydney_Harbour_Bridge,Structure,Structure,Operations > Maintenance,Sydney_Harbour_Bridge_SEC_001_SENT_002,Sydney_Harbour_Bridge_SEC_001_SENT_004,Sydney_Harbour_Bridge_SEC_014_SENT_001,"There are six original lanes of road traffic through the main roadway, plus an additional two lanes of road traffic on its eastern side, using lanes that were formerly tram tracks.",Between the main roadway and the western bicycle path lies the North Shore railway line.,"The Sydney Harbour Bridge requires constant inspections and other maintenance work to keep it safe for the public, and to protect from corrosion.",0.4842104911804199,0.23897945880889893,0.245231032371521,1
TRIPLET_00468,Landmarks,Sydney Harbour Bridge,https://en.wikipedia.org/wiki/Sydney_Harbour_Bridge,Operations > Tolls,Operations > Tolls,History > Planning,Sydney_Harbour_Bridge_SEC_010_SENT_006,Sydney_Harbour_Bridge_SEC_010_SENT_022,Sydney_Harbour_Bridge_SEC_005_SENT_001,"In 2017, the Bradfield Highway northern toll plaza infrastructure was removed and replaced with new overhead gantries to service all southbound traffic.",The Sydney Harbour Tunnel was converted to this new tolling system while the Sydney Harbour Bridge itself had several cash lanes.,"In 1914, John Bradfield was appointed Chief Engineer of Sydney Harbour Bridge and Metropolitan Railway Construction, and his work on the project over many years earned him the legacy as the father of the bridge.",0.5896904468536377,0.4689114987850189,0.12077894806861877,1
TRIPLET_00469,Landmarks,Sydney Harbour Bridge,https://en.wikipedia.org/wiki/Sydney_Harbour_Bridge,Celebrations > 75th anniversary,Celebrations > 75th anniversary,Celebrations > Sydney New Year's Eve,Sydney_Harbour_Bridge_SEC_022_SENT_014,Sydney_Harbour_Bridge_SEC_022_SENT_006,Sydney_Harbour_Bridge_SEC_019_SENT_001,"In the evening the bright yellow caps were replaced by orange caps with a small, bright LED attached.","Several major roads, mainly in the CBD, were closed for the day.","The Harbour Bridge has been an integral part of the Sydney New Year's Eve celebrations, generally being used in spectacular ways during the fireworks displays at 9pm and midnight.",0.2566661238670349,0.3193320333957672,-0.0626659095287323,0
TRIPLET_00470,Landmarks,Sydney Harbour Bridge,https://en.wikipedia.org/wiki/Sydney_Harbour_Bridge,Celebrations > Breakfast on the Bridge,Celebrations > Breakfast on the Bridge,Operations > Rail,Sydney_Harbour_Bridge_SEC_023_SENT_002,Sydney_Harbour_Bridge_SEC_023_SENT_001,Sydney_Harbour_Bridge_SEC_013_SENT_001,"Although originally scheduled again in 2011, this event was moved to Bondi Beach due to traffic concerns about the prolonged closing of the bridge.","On 25 October 2009 turf was laid across the eight lanes of bitumen, and 6,000 people celebrated a picnic on the bridge accompanied by live music.","The bridge lies between Milsons Point and Wynyard railway stations, located on the north and south shores respectively, with two tracks running along the western side of the bridge.",0.46028876304626465,0.3151865005493164,0.14510226249694824,1
TRIPLET_00471,Landmarks,Sydney Harbour Bridge,https://en.wikipedia.org/wiki/Sydney_Harbour_Bridge,History > Construction,History > Construction,Structure > Pylons,Sydney_Harbour_Bridge_SEC_006_SENT_003,Sydney_Harbour_Bridge_SEC_006_SENT_030,Sydney_Harbour_Bridge_SEC_003_SENT_005,"This led to a bitter argument, with Dorman Long maintaining that instructing other people to produce a copy of an existing design in a document not subsequently used to specify the final construction did not constitute personal design input on Bradfield's part.","The bridge underwent testing for three weeks, after which it was declared safe and ready to be opened.","The Moruya quarry was managed by John Gilmore, a Scottish stonemason who emigrated with his young family to Australia in 1924, at the request of the project managers.",0.2314859926700592,0.2675447463989258,-0.03605875372886658,0
TRIPLET_00472,Landmarks,Sydney Harbour Bridge,https://en.wikipedia.org/wiki/Sydney_Harbour_Bridge,Tourism > South-east pylon,Tourism > South-east pylon,History > Early proposals,Sydney_Harbour_Bridge_SEC_015_SENT_016,Sydney_Harbour_Bridge_SEC_015_SENT_009,Sydney_Harbour_Bridge_SEC_004_SENT_004,"The pylon again closed for four weeks in 2003 for the installation of an exhibit called ""Dangerous Works"", highlighting the dangerous conditions experienced by the original construction workers on the bridge, and two stained glass feature windows in memory of the workers.","An orientation table was installed at the viewing platform, along with a wall guide and binoculars.","In 1840, naval architect Robert Brindley proposed that a floating bridge be built.",0.06736341863870621,0.2442077398300171,-0.17684432119131088,0
TRIPLET_00473,Landmarks,Sydney Harbour Bridge,https://en.wikipedia.org/wiki/Sydney_Harbour_Bridge,Engineering recognition,Engineering recognition,Operations > Pedestrians,Sydney_Harbour_Bridge_SEC_030_SENT_002,Sydney_Harbour_Bridge_SEC_030_SENT_001,Sydney_Harbour_Bridge_SEC_011_SENT_006,"The bridge was also recognized by a plaque that year from the American Society of Civil Engineers designating it an ""International Historic Civil Engineering Landmark"".",The bridge was listed as a National Engineering Landmark by Engineers Australia in 1988 as part of its Engineering Heritage Recognition Program.,Pedestrians can access this walkway from the east end of Circular Quay by a flight of stairs or a lift.,0.714622974395752,0.24422277510166168,0.47040019929409027,1
TRIPLET_00474,Landmarks,Sydney Harbour Bridge,https://en.wikipedia.org/wiki/Sydney_Harbour_Bridge,Tourism > South-east pylon,Tourism > South-east pylon,Operations > Pedestrians,Sydney_Harbour_Bridge_SEC_015_SENT_009,Sydney_Harbour_Bridge_SEC_015_SENT_004,Sydney_Harbour_Bridge_SEC_011_SENT_001,"An orientation table was installed at the viewing platform, along with a wall guide and binoculars.","He installed a number of attractions, including a café, a camera obscura, an Aboriginal museum, a ""Mother's Nook"" where visitors could write letters, and a ""pashometer"".",The pedestrian-only footway is located on the east side of the bridge.,0.4918177127838135,0.17098429799079895,0.3208334147930145,1
TRIPLET_00475,Landmarks,Sydney Harbour Bridge,https://en.wikipedia.org/wiki/Sydney_Harbour_Bridge,Structure > Pylons,Structure > Pylons,History > Planning,Sydney_Harbour_Bridge_SEC_003_SENT_005,Sydney_Harbour_Bridge_SEC_003_SENT_014,Sydney_Harbour_Bridge_SEC_005_SENT_002,"The Moruya quarry was managed by John Gilmore, a Scottish stonemason who emigrated with his young family to Australia in 1924, at the request of the project managers.","In 1942, the pylons were modified to include parapets and anti-aircraft guns designed to assist in both Australia's defence and general war effort.","Bradfield's preference at the time was for a cantilever bridge without piers, and in 1916 the NSW Legislative Assembly passed a bill for such a construction, however it did not proceed as the Legislative Council rejected the legislation on the basis that the money would be better spent on the war effort.",0.4555462598800659,0.5080994963645935,-0.05255323648452759,0
TRIPLET_00476,Landmarks,Sydney Harbour Bridge,https://en.wikipedia.org/wiki/Sydney_Harbour_Bridge,Heritage listing,Heritage listing,History > Early proposals,Sydney_Harbour_Bridge_SEC_029_SENT_013,Sydney_Harbour_Bridge_SEC_029_SENT_017,Sydney_Harbour_Bridge_SEC_004_SENT_001,"The bridge, its pylons and its approaches are all important elements in townscape of areas both near and distant from it.",In the 1960s and 1970s the Central Business District had extended to the northern side of the bridge at North Sydney which has been due in part to the easy access provided by the bridge and also to the increasing traffic problems associated with the bridge.,"There had been plans to build a bridge as early as 1814, when convict and noted architect Francis Greenway reputedly proposed to Governor Lachlan Macquarie that a bridge be built from the northern to the southern shore of the harbour.",0.6474499702453613,0.4478364884853363,0.19961348176002502,1
TRIPLET_00477,Landmarks,Sydney Harbour Bridge,https://en.wikipedia.org/wiki/Sydney_Harbour_Bridge,Operations > Tolls,Operations > Tolls,History > Official opening ceremony,Sydney_Harbour_Bridge_SEC_010_SENT_001,Sydney_Harbour_Bridge_SEC_010_SENT_007,Sydney_Harbour_Bridge_SEC_007_SENT_007,The vehicular traffic lanes on the bridge are operated as a toll road.,"Following on from this upgrade, in 2018 all southern toll plaza infrastructure was also removed.",The intruder was identified as Francis de Groot.,0.27745598554611206,0.32143092155456543,-0.04397493600845337,0
TRIPLET_00478,Landmarks,Sydney Harbour Bridge,https://en.wikipedia.org/wiki/Sydney_Harbour_Bridge,Celebrations > Walk for Reconciliation,Celebrations > Walk for Reconciliation,Celebrations > Sydney New Year's Eve,Sydney_Harbour_Bridge_SEC_020_SENT_001,Sydney_Harbour_Bridge_SEC_020_SENT_003,Sydney_Harbour_Bridge_SEC_019_SENT_004,"In May 2000, the bridge was closed to vehicular access for a day to allow a special reconciliation march—the ""Walk for Reconciliation"" – to take place.","Between 200,000 and 300,000 people were estimated to have walked the bridge in a symbolic gesture of crossing a divide.","During the millennium celebrations in 2000, the Sydney Harbour Bridge was lit up with the word ""Eternity"", as a tribute to the legacy of Arthur Stace a Sydney artist who for many years inscribed said word on pavements in chalk in copperplate writing despite the fact that he was illiterate.",0.5890035033226013,0.5990018844604492,-0.0099983811378479,0
TRIPLET_00479,Landmarks,Sydney Harbour Bridge,https://en.wikipedia.org/wiki/Sydney_Harbour_Bridge,Protests > March For Humanity,Protests > March For Humanity,Structure > Pylons,Sydney_Harbour_Bridge_SEC_026_SENT_003,Sydney_Harbour_Bridge_SEC_026_SENT_001,Sydney_Harbour_Bridge_SEC_003_SENT_009,"Separate estimates range from 90,000 to 300,000 in attendance.","In August 2025, a pro-Palestine protest called ""March For Humanity"" and organised by activist group Palestine Action Group took place, with the bridge closed down prior to the event.","The pylons were not part of the original design, and were only added to allay public concern about the structural integrity of the bridge.",0.23395906388759613,0.012065434828400612,0.22189362905919552,1
TRIPLET_00480,Landmarks,Sydney Harbour Bridge,https://en.wikipedia.org/wiki/Sydney_Harbour_Bridge,Quotations,Quotations,Operations > Rail,Sydney_Harbour_Bridge_SEC_028_SENT_002,Sydney_Harbour_Bridge_SEC_028_SENT_010,Sydney_Harbour_Bridge_SEC_013_SENT_003,I open this bridge in the name of His Majesty the King and all the decent citizens of NSW.,"It soars above you, so high that you could pass a ten-storey building beneath it, and looks like the heaviest thing on earth.","In 1958, tram services across the bridge were withdrawn and the tracks they had used were removed and replaced by two extra road lanes; these lanes are now the leftmost southbound lanes on the bridge and are still clearly distinguishable from the other six road lanes.",0.3602646589279175,0.326076865196228,0.03418779373168945,1
TRIPLET_00481,Landmarks,Sydney Harbour Bridge,https://en.wikipedia.org/wiki/Sydney_Harbour_Bridge,Celebrations > Bicentennial Australia Day celebrations,Celebrations > Bicentennial Australia Day celebrations,Operations > Tidal flow,Sydney_Harbour_Bridge_SEC_018_SENT_003,Sydney_Harbour_Bridge_SEC_018_SENT_001,Sydney_Harbour_Bridge_SEC_009_SENT_007,"The day's festivities culminated in a fireworks display in which the bridge was the focal point of the finale, with fireworks streaming from the arch and roadway.",Australia's bicentennial celebrations on 26 January 1988 attracted large crowds in the bridge's vicinity as merrymakers flocked to the foreshores to view the events on the harbour.,The bridge has a series of overhead gantries which indicate the direction of flow for each traffic lane.,0.6843794584274292,0.43185707926750183,0.25252237915992737,1
TRIPLET_00482,Landmarks,Sydney Harbour Bridge,https://en.wikipedia.org/wiki/Sydney_Harbour_Bridge,History > Early proposals,History > Early proposals,Operations > Cyclists,Sydney_Harbour_Bridge_SEC_004_SENT_002,Sydney_Harbour_Bridge_SEC_004_SENT_013,Sydney_Harbour_Bridge_SEC_012_SENT_001,"In 1825, Greenway wrote a letter to The Australian newspaper stating that such a bridge would ""give an idea of strength and magnificence that would reflect credit and glory on the colony and the Mother Country"".","A unique three-span bridge was proposed in 1922 by Ernest Stowe with connections at Balls Head, Millers Point, and Balmain with a memorial tower and hub on Goat Island.",The bike-only cycleway is located on the western side of the bridge.,0.48446977138519287,0.2715824246406555,0.21288734674453735,1
TRIPLET_00483,Landmarks,Sydney Harbour Bridge,https://en.wikipedia.org/wiki/Sydney_Harbour_Bridge,Celebrations > 75th anniversary,Celebrations > 75th anniversary,Structure > Pylons,Sydney_Harbour_Bridge_SEC_022_SENT_008,Sydney_Harbour_Bridge_SEC_022_SENT_006,Sydney_Harbour_Bridge_SEC_003_SENT_010,"Approximately 250,000 people (50,000 more than were registered) took part in the event.","Several major roads, mainly in the CBD, were closed for the day.","Although originally added to the bridge solely for their aesthetic value, all four pylons have now been put to use.",0.27027201652526855,0.22267355024814606,0.0475984662771225,1
TRIPLET_00484,Landmarks,Sydney Harbour Bridge,https://en.wikipedia.org/wiki/Sydney_Harbour_Bridge,Structure > Arch,Structure > Arch,History > Early proposals,Sydney_Harbour_Bridge_SEC_002_SENT_003,Sydney_Harbour_Bridge_SEC_002_SENT_007,Sydney_Harbour_Bridge_SEC_004_SENT_006,"The total weight of the steelwork of the bridge, including the arch and approach spans, is 52,800 tonnes (52,000 long tons; 58,200 short tons), with the arch itself weighing 39,000 tonnes (38,000 long tons; 43,000 short tons).",The rivets were heated red-hot and inserted into the plates; the headless end was immediately rounded over with a large pneumatic rivet gun.,"A suggestion for a truss bridge was made in 1879, and in 1880 a high-level bridge estimated at £850,000 was proposed.",0.38689306378364563,0.6148821115493774,-0.2279890477657318,0
TRIPLET_00485,Landmarks,Sydney Harbour Bridge,https://en.wikipedia.org/wiki/Sydney_Harbour_Bridge,Operations > Pedestrians,Operations > Pedestrians,Heritage listing,Sydney_Harbour_Bridge_SEC_011_SENT_004,Sydney_Harbour_Bridge_SEC_011_SENT_001,Sydney_Harbour_Bridge_SEC_029_SENT_006,These stairs are located near Gloucester Street and Cumberland Street.,The pedestrian-only footway is located on the east side of the bridge.,Sydney Harbour Bridge was listed on the New South Wales State Heritage Register on 25 June 1999 having satisfied the following criteria.,0.38151276111602783,0.45845267176628113,-0.0769399106502533,0
TRIPLET_00486,Landmarks,Sydney Harbour Bridge,https://en.wikipedia.org/wiki/Sydney_Harbour_Bridge,Tourism > South-east pylon,Tourism > South-east pylon,Structure > Pylons,Sydney_Harbour_Bridge_SEC_015_SENT_016,Sydney_Harbour_Bridge_SEC_015_SENT_003,Sydney_Harbour_Bridge_SEC_003_SENT_013,"The pylon again closed for four weeks in 2003 for the installation of an exhibit called ""Dangerous Works"", highlighting the dangerous conditions experienced by the original construction workers on the bridge, and two stained glass feature windows in memory of the workers.","Not long after the bridge's opening, commencing in 1934, Archer Whitford first converted this pylon into a tourist destination.","The two pylons on the north shore include venting chimneys for fumes from the Sydney Harbour Tunnel, with the base of the southern pylon containing the Transport for NSW maintenance shed for the bridge, and the base of the northern pylon containing the traffic management shed for tow trucks and safety vehicles used on the bridge.",0.45923370122909546,0.4422481060028076,0.016985595226287842,1
TRIPLET_00487,Landmarks,Sydney Harbour Bridge,https://en.wikipedia.org/wiki/Sydney_Harbour_Bridge,Celebrations > Sydney 2000 Olympics,Celebrations > Sydney 2000 Olympics,Structure > Arch,Sydney_Harbour_Bridge_SEC_021_SENT_004,Sydney_Harbour_Bridge_SEC_021_SENT_001,Sydney_Harbour_Bridge_SEC_002_SENT_007,A fireworks display at the end of the closing ceremony ended at the bridge.,"During the Sydney 2000 Olympics in September and October 2000, the bridge was adorned with the Olympic Rings.",The rivets were heated red-hot and inserted into the plates; the headless end was immediately rounded over with a large pneumatic rivet gun.,0.5094190239906311,0.178585484623909,0.3308335393667221,1
TRIPLET_00488,Landmarks,Sydney Harbour Bridge,https://en.wikipedia.org/wiki/Sydney_Harbour_Bridge,Flags,Flags,Protests,Sydney_Harbour_Bridge_SEC_027_SENT_003,Sydney_Harbour_Bridge_SEC_027_SENT_002,Sydney_Harbour_Bridge_SEC_025_SENT_001,"In July 2022, it was announced that the Aboriginal flag would replace the New South Wales flag, which was given a prominent location within the Macquarie Street East redevelopment, near the Royal Mint and Hyde Park Barracks.","In February 2022, Premier Dominic Perrottet announced that the Australian, New South Wales and the Aboriginal flags were to permanently fly with a third pole erected.",Various protests have caused disruptions on the Sydney Harbour Bridge.,0.7754125595092773,0.352812260389328,0.42260029911994934,1
TRIPLET_00489,Landmarks,Sydney Harbour Bridge,https://en.wikipedia.org/wiki/Sydney_Harbour_Bridge,Structure > Arch,Structure > Arch,Operations > Road,Sydney_Harbour_Bridge_SEC_002_SENT_007,Sydney_Harbour_Bridge_SEC_002_SENT_001,Sydney_Harbour_Bridge_SEC_008_SENT_008,The rivets were heated red-hot and inserted into the plates; the headless end was immediately rounded over with a large pneumatic rivet gun.,"The arch is composed of two 28-panel arch trusses; their heights vary from 18 m (59 ft) at the centre of the arch, to 57 m (187 ft) at the ends next to the pylons.",The Sydney Harbour Tunnel was completed in August 1992 and carries only motor vehicles.,0.2349584996700287,0.2527661919593811,-0.017807692289352417,0
TRIPLET_00490,Landmarks,Sydney Harbour Bridge,https://en.wikipedia.org/wiki/Sydney_Harbour_Bridge,Celebrations > 50th Anniversary celebrations,Celebrations > 50th Anniversary celebrations,Celebrations > Sydney New Year's Eve,Sydney_Harbour_Bridge_SEC_017_SENT_001,Sydney_Harbour_Bridge_SEC_017_SENT_003,Sydney_Harbour_Bridge_SEC_019_SENT_004,"In 1982, the 50th anniversary of the opening of the bridge was celebrated.","The celebrations were attended by Edward Judge, who represented Dorman Long.","During the millennium celebrations in 2000, the Sydney Harbour Bridge was lit up with the word ""Eternity"", as a tribute to the legacy of Arthur Stace a Sydney artist who for many years inscribed said word on pavements in chalk in copperplate writing despite the fact that he was illiterate.",0.5170236825942993,0.5252087116241455,-0.008185029029846191,0
TRIPLET_00491,Landmarks,Sydney Harbour Bridge,https://en.wikipedia.org/wiki/Sydney_Harbour_Bridge,Tourism > South-east pylon,Tourism > South-east pylon,Celebrations > 80th anniversary,Sydney_Harbour_Bridge_SEC_015_SENT_006,Sydney_Harbour_Bridge_SEC_015_SENT_008,Sydney_Harbour_Bridge_SEC_024_SENT_003,"The outbreak of World War II in 1939 saw tourist activities on the bridge cease, as the military took over the four pylons and modified them to include parapets and anti-aircraft guns.","This contained dioramas, and displays about Australian perspectives on subjects such as farming, sport, transport, mining, and the armed forces.",The proposal to upgrade the bridge tolling equipment was announced by the NSW Roads Minister Duncan Gay.,0.2539348006248474,0.42352360486984253,-0.16958880424499512,0
TRIPLET_00492,Landmarks,Sydney Harbour Bridge,https://en.wikipedia.org/wiki/Sydney_Harbour_Bridge,Operations > Cyclists,Operations > Cyclists,Operations > Rail,Sydney_Harbour_Bridge_SEC_012_SENT_007,Sydney_Harbour_Bridge_SEC_012_SENT_008,Sydney_Harbour_Bridge_SEC_013_SENT_005,Both projects are expected to be completed by late 2020.,Access to the cycleway on the southern side is via the northern end of the Kent Street cycleway and/or Upper Fort Street in The Rocks.,One of the tunnels was converted for use as a storage facility after reportedly being used by the NSW police as a pistol firing range.,0.32050836086273193,0.09630008041858673,0.2242082804441452,1
TRIPLET_00493,Landmarks,Sydney Harbour Bridge,https://en.wikipedia.org/wiki/Sydney_Harbour_Bridge,Tourism > BridgeClimb,Tourism > BridgeClimb,Operations > Maintenance,Sydney_Harbour_Bridge_SEC_016_SENT_005,Sydney_Harbour_Bridge_SEC_016_SENT_012,Sydney_Harbour_Bridge_SEC_014_SENT_005,"Groups of climbers are provided with protective clothing appropriate to the prevailing weather conditions, and are given an orientation briefing before climbing.","From the apex of the lower chord, climbers ascend a staircase to a platform at the summit.","Each coat on the bridge requires some 30,000 L (6,600 imp gal) of paint.",0.4761742353439331,0.2135445475578308,0.2626296877861023,1
TRIPLET_00494,Landmarks,Sydney Harbour Bridge,https://en.wikipedia.org/wiki/Sydney_Harbour_Bridge,Operations > Tidal flow,Operations > Tidal flow,Operations > Pedestrians,Sydney_Harbour_Bridge_SEC_009_SENT_009,Sydney_Harbour_Bridge_SEC_009_SENT_003,Sydney_Harbour_Bridge_SEC_011_SENT_004,"A flashing red ""X"" indicates the lane is closing, but is not yet in use for traffic travelling in the other direction.","Lanes three, four and five are reversible.",These stairs are located near Gloucester Street and Cumberland Street.,0.217275470495224,0.14655801653862,0.070717453956604,1
TRIPLET_00495,Landmarks,Sydney Harbour Bridge,https://en.wikipedia.org/wiki/Sydney_Harbour_Bridge,Celebrations > Breakfast on the Bridge,Celebrations > Breakfast on the Bridge,Operations > Maintenance,Sydney_Harbour_Bridge_SEC_023_SENT_002,Sydney_Harbour_Bridge_SEC_023_SENT_001,Sydney_Harbour_Bridge_SEC_014_SENT_013,"Although originally scheduled again in 2011, this event was moved to Bondi Beach due to traffic concerns about the prolonged closing of the bridge.","On 25 October 2009 turf was laid across the eight lanes of bitumen, and 6,000 people celebrated a picnic on the bridge accompanied by live music.","Since 2013, two grit-blasting robots specially developed with the University of Technology Sydney have been employed to help with the paint stripping operation on the bridge.",0.46028876304626465,0.4538990259170532,0.006389737129211426,1
TRIPLET_00496,Landmarks,Sydney Harbour Bridge,https://en.wikipedia.org/wiki/Sydney_Harbour_Bridge,Celebrations > 50th Anniversary celebrations,Celebrations > 50th Anniversary celebrations,History > Official opening ceremony,Sydney_Harbour_Bridge_SEC_017_SENT_001,Sydney_Harbour_Bridge_SEC_017_SENT_002,Sydney_Harbour_Bridge_SEC_007_SENT_013,"In 1982, the 50th anniversary of the opening of the bridge was celebrated.","For the first time since its opening in 1932, the bridge was closed to most vehicles with the exception of vintage vehicles, and pedestrians were allowed full access for the day.","A similar ribbon-cutting ceremony on the bridge's northern side by North Sydney's mayor, Alderman Primrose, was carried out without incident.",0.4390231966972351,0.5281790494918823,-0.08915585279464722,0
TRIPLET_00497,Landmarks,Sydney Harbour Bridge,https://en.wikipedia.org/wiki/Sydney_Harbour_Bridge,Structure,Structure,Celebrations > 50th Anniversary celebrations,Sydney_Harbour_Bridge_SEC_001_SENT_005,Sydney_Harbour_Bridge_SEC_001_SENT_001,Sydney_Harbour_Bridge_SEC_017_SENT_001,"The main roadway across the bridge is known as the Bradfield Highway and is about 2.4 km (1.5 mi) long, making it one of the shortest highways in Australia.","The southern end of the bridge is located at Dawes Point in The Rocks area, and the northern end at Milsons Point on the lower North Shore.","In 1982, the 50th anniversary of the opening of the bridge was celebrated.",0.5006603002548218,0.26608890295028687,0.2345713973045349,1
TRIPLET_00498,Landmarks,Sydney Harbour Bridge,https://en.wikipedia.org/wiki/Sydney_Harbour_Bridge,Operations > Cyclists,Operations > Cyclists,Celebrations > Bicentennial Australia Day celebrations,Sydney_Harbour_Bridge_SEC_012_SENT_007,Sydney_Harbour_Bridge_SEC_012_SENT_008,Sydney_Harbour_Bridge_SEC_018_SENT_002,Both projects are expected to be completed by late 2020.,Access to the cycleway on the southern side is via the northern end of the Kent Street cycleway and/or Upper Fort Street in The Rocks.,"The highlight was the biggest parade of sail ever held in Sydney, square-riggers from all over the world, surrounded by hundreds of smaller craft of every description, passing majestically under the Sydney Harbour Bridge.",0.32050836086273193,0.18755009770393372,0.13295826315879822,1
TRIPLET_00499,Landmarks,Sydney Harbour Bridge,https://en.wikipedia.org/wiki/Sydney_Harbour_Bridge,Quotations,Quotations,Operations > Rail,Sydney_Harbour_Bridge_SEC_028_SENT_010,Sydney_Harbour_Bridge_SEC_028_SENT_002,Sydney_Harbour_Bridge_SEC_013_SENT_004,"It soars above you, so high that you could pass a ten-storey building beneath it, and looks like the heaviest thing on earth.",I open this bridge in the name of His Majesty the King and all the decent citizens of NSW.,"The original ramp that took the trams into a terminus at the underground Wynyard railway station is still visible at the southern end of the main walkway under lanes 7 and 8, although around 1964, the former tram tunnels and station were converted for use as a carpark for the Menzies Hotel and as public parking.",0.3602646589279175,0.12156490981578827,0.2386997491121292,1
TRIPLET_00500,Landmarks,Sydney Harbour Bridge,https://en.wikipedia.org/wiki/Sydney_Harbour_Bridge,History > Early proposals,History > Early proposals,Celebrations > 50th Anniversary celebrations,Sydney_Harbour_Bridge_SEC_004_SENT_012,Sydney_Harbour_Bridge_SEC_004_SENT_011,Sydney_Harbour_Bridge_SEC_017_SENT_002,However due to an economic downturn and a change of government at the 1904 NSW State election construction never began.,"The selection board were unanimous, commenting that, ""The structural lines are correct and in true proportion, and... the outline is graceful"".","For the first time since its opening in 1932, the bridge was closed to most vehicles with the exception of vintage vehicles, and pedestrians were allowed full access for the day.",0.03552723675966263,0.42183616757392883,-0.3863089308142662,0
TRIPLET_00501,Landmarks,Uluru,https://en.wikipedia.org/wiki/Uluru,Description,Description,Geology > Age and origin,Uluru_SEC_002_SENT_005,Uluru_SEC_002_SENT_004,Uluru_SEC_013_SENT_011,Special viewing areas with road access and parking have been constructed to give tourists the best views of both sites at dawn and dusk.,"Kata Tjuta, also called Mount Olga or the Olgas, lies 25 km (16 mi) west of Uluru.","The layers of sand were nearly horizontal when deposited, but were tilted to their near vertical position during a later episode of mountain building, possibly the Alice Springs Orogeny of Palaeozoic age (400–300 Ma).",0.22396506369113922,0.34557485580444336,-0.12160979211330414,0
TRIPLET_00502,Landmarks,Uluru,https://en.wikipedia.org/wiki/Uluru,"Aboriginal myths, legends and traditions > Other stories > Mala story","Aboriginal myths, legends and traditions > Other stories > Mala story",Name,Uluru_SEC_017_SENT_002,Uluru_SEC_017_SENT_005,Uluru_SEC_001_SENT_002,"In this, the Mala (rufous hare-wallaby) people came from the north, and decided to stay at Uluru for a while, and perform the ceremony known as inma.","Two Wintalka men approached from the west, and invited the Mala people to attend their inma, but the Mala people declined the invitation, as their inma had begun and could not be stopped.","This word is a proper noun, with no further particular meaning in the Pitjantjatjara dialect, although it is used as a local family name by the senior traditional owners of Uluru.",0.4538869261741638,0.5145852565765381,-0.06069833040237427,0
TRIPLET_00503,Landmarks,Uluru,https://en.wikipedia.org/wiki/Uluru,Climate and five seasons,Climate and five seasons,Name,Uluru_SEC_019_SENT_004,Uluru_SEC_019_SENT_002,Uluru_SEC_001_SENT_005,"UV levels are extreme between October and March, averaging between 11 and 15 on the UV index.","The average high temperature in summer (December–January) is 37.8 °C (100.0 °F), and the average low temperature in winter (June–July) is 4.7 °C (40.5 °F).","On 15 December 1993, it was renamed ""Ayers Rock / Uluru"" and became the first official dual-named feature in the Northern Territory.",0.5911268591880798,0.5663019418716431,0.024824917316436768,1
TRIPLET_00504,Landmarks,Uluru,https://en.wikipedia.org/wiki/Uluru,Description,Description,"Aboriginal myths, legends and traditions",Uluru_SEC_002_SENT_005,Uluru_SEC_002_SENT_002,Uluru_SEC_014_SENT_005,Special viewing areas with road access and parking have been constructed to give tourists the best views of both sites at dawn and dusk.,"Uluru is notable for appearing to change colour at different times of the day and year, most notably when it glows red at dawn and sunset.",Aṉangu land is still inhabited by the spirits of dozens of these ancestral creator beings which are referred to as Tjukuritja or Waparitja.,0.44281303882598877,0.30947038531303406,0.1333426535129547,1
TRIPLET_00505,Landmarks,Uluru,https://en.wikipedia.org/wiki/Uluru,Name,Name,Climate and five seasons,Uluru_SEC_001_SENT_004,Uluru_SEC_001_SENT_006,Uluru_SEC_019_SENT_002,"In 1993, a dual naming policy was adopted that allowed official names that consist of both the traditional Aboriginal name (in the Pitjantjatjara, Yankunytjatjara and other local languages) and the English name.","The order of the dual names was officially reversed to ""Uluru / Ayers Rock"" on 6 November 2002 following a request from the Regional Tourism Association in Alice Springs.","The average high temperature in summer (December–January) is 37.8 °C (100.0 °F), and the average low temperature in winter (June–July) is 4.7 °C (40.5 °F).",0.5979329347610474,0.3192070424556732,0.27872589230537415,1
TRIPLET_00506,Landmarks,Uluru,https://en.wikipedia.org/wiki/Uluru,Name,Name,Climate and five seasons,Uluru_SEC_001_SENT_003,Uluru_SEC_001_SENT_005,Uluru_SEC_019_SENT_002,"On 19 July 1873, the surveyor William Gosse sighted the landmark and named it Ayers Rock in honour of the then Chief Secretary of South Australia, Sir Henry Ayers.","On 15 December 1993, it was renamed ""Ayers Rock / Uluru"" and became the first official dual-named feature in the Northern Territory.","The average high temperature in summer (December–January) is 37.8 °C (100.0 °F), and the average low temperature in winter (June–July) is 4.7 °C (40.5 °F).",0.5530741214752197,0.45680826902389526,0.09626585245132446,1
TRIPLET_00507,Landmarks,Uluru,https://en.wikipedia.org/wiki/Uluru,Tourism > Waterfalls,Tourism > Waterfalls,History > Tourism (1936–1960s),Uluru_SEC_010_SENT_002,Uluru_SEC_010_SENT_001,Uluru_SEC_005_SENT_005,"Large rainfall events occurred in 2016, and the summer of 2020–21.","During heavy rain, which is rare in the region, ephemeral waterfalls cascade down the sides of Uluru.","The first ranger was Bill Harney, a well-recognised central Australian figure.",0.5198173522949219,0.375969260931015,0.14384809136390686,1
TRIPLET_00508,Landmarks,Uluru,https://en.wikipedia.org/wiki/Uluru,Geology > Age and origin,Geology > Age and origin,Tourism > Photography,Uluru_SEC_013_SENT_010,Uluru_SEC_013_SENT_008,Uluru_SEC_009_SENT_002,This lack of sorting and grain rounding is typical of arkosic sandstones and is indicative of relatively rapid erosion from the granites of the growing mountains to the south.,"They were thrust up during a mountain building episode referred to as the Petermann Orogeny that took place in late Neoproterozoic to early Cambrian times (550–530 Ma), and thus the Mutitjulu Arkose is believed to have been deposited at about the same time, hence then in Gondwana (now in Australia).",These areas are the sites of gender-linked rituals or ceremonies and are forbidden ground for Aṉangu of the opposite sex to those participating in the rituals in question.,0.38702064752578735,0.4882671535015106,-0.10124650597572327,0
TRIPLET_00509,Landmarks,Uluru,https://en.wikipedia.org/wiki/Uluru,History > Arrival of Europeans (1870s),History > Arrival of Europeans (1870s),History > Aboriginal reserve (1920),Uluru_SEC_003_SENT_003,Uluru_SEC_003_SENT_006,Uluru_SEC_004_SENT_002,"In separate expeditions, Ernest Giles and William Gosse were the first European explorers to this area.","In the late 19th century, pastoralists attempted to establish themselves in areas adjoining the Southwestern/Petermann Reserve and interaction between Aṉangu and white people became more frequent and more violent.","In 1920, part of Uluṟu–Kata Tjuṯa National Park was declared an Aboriginal Reserve (commonly known as the South-Western or Petermann Reserve) by the Australian government under the Aboriginals Ordinance 1918.",0.4471368193626404,0.5260882377624512,-0.07895141839981079,0
TRIPLET_00510,Landmarks,Uluru,https://en.wikipedia.org/wiki/Uluru,History > Aboriginal reserve (1920),History > Aboriginal reserve (1920),"Aboriginal myths, legends and traditions",Uluru_SEC_004_SENT_001,Uluru_SEC_004_SENT_002,Uluru_SEC_014_SENT_005,"Between 1918 and 1921, large adjoining areas of South Australia, Western Australia and the Northern Territory were declared as Aboriginal reserves, government-run settlements where the Aboriginal people were forced to live.","In 1920, part of Uluṟu–Kata Tjuṯa National Park was declared an Aboriginal Reserve (commonly known as the South-Western or Petermann Reserve) by the Australian government under the Aboriginals Ordinance 1918.",Aṉangu land is still inhabited by the spirits of dozens of these ancestral creator beings which are referred to as Tjukuritja or Waparitja.,0.7582651376724243,0.4612027406692505,0.29706239700317383,1
TRIPLET_00511,Landmarks,Uluru,https://en.wikipedia.org/wiki/Uluru,"Aboriginal myths, legends and traditions > Creation of the rock","Aboriginal myths, legends and traditions > Creation of the rock",History > Tourism (1936–1960s),Uluru_SEC_015_SENT_006,Uluru_SEC_015_SENT_007,Uluru_SEC_005_SENT_007,"The second tells of two tribes of ancestral spirits who were invited to a feast, but were distracted by the beautiful Sleepy Lizard Women and did not show up.","In response, the angry hosts sang evil into a mud sculpture that came to life as the dingo.","Following a 1963 suggestion from the Northern Territory Reserves Board, a chain was laid to assist tourists in climbing the landmark.",0.4811212122440338,0.2403676062822342,0.24075360596179962,1
TRIPLET_00512,Landmarks,Uluru,https://en.wikipedia.org/wiki/Uluru,Geology,Geology,Tourism,Uluru_SEC_011_SENT_004,Uluru_SEC_011_SENT_002,Uluru_SEC_007_SENT_007,"These characteristics led to its survival, while the surrounding rocks were eroded.","Uluru is also often referred to as a monolith, although this is an ambiguous term that is generally avoided by geologists.","In July 1992, Yulara Development Company was dissolved and the Ayers Rock Resort Company was established, after which all hotels came under the same management.",0.47391971945762634,0.20804136991500854,0.2658783495426178,1
TRIPLET_00513,Landmarks,Uluru,https://en.wikipedia.org/wiki/Uluru,History > Aboriginal reserve (1920),History > Aboriginal reserve (1920),Climate and five seasons,Uluru_SEC_004_SENT_001,Uluru_SEC_004_SENT_002,Uluru_SEC_019_SENT_003,"Between 1918 and 1921, large adjoining areas of South Australia, Western Australia and the Northern Territory were declared as Aboriginal reserves, government-run settlements where the Aboriginal people were forced to live.","In 1920, part of Uluṟu–Kata Tjuṯa National Park was declared an Aboriginal Reserve (commonly known as the South-Western or Petermann Reserve) by the Australian government under the Aboriginals Ordinance 1918.",Temperature extremes in the park have been recorded at 46 °C (115 °F) during summer and −5 °C (23 °F) during winter.,0.7582651376724243,0.4246551990509033,0.333609938621521,1
TRIPLET_00514,Landmarks,Uluru,https://en.wikipedia.org/wiki/Uluru,Description,Description,Tourism > Climbing,Uluru_SEC_002_SENT_006,Uluru_SEC_002_SENT_004,Uluru_SEC_008_SENT_004,"Both Uluru and the nearby Kata Tjuta formation have great cultural significance for the local Aṉangu people, the traditional inhabitants of the area, who lead walking tours to inform visitors about the bush, food, local flora and fauna, and the Aboriginal Dreamtime stories of the area.","Kata Tjuta, also called Mount Olga or the Olgas, lies 25 km (16 mi) west of Uluru.","On 11 December 1983, the Prime Minister of Australia, Bob Hawke, promised to hand back the land title to the Aṉangu traditional custodians and caretakers and agreed to the community's 10-point plan which included forbidding the climbing of Uluru.",0.24774624407291412,0.3577856421470642,-0.11003939807415009,0
TRIPLET_00515,Landmarks,Uluru,https://en.wikipedia.org/wiki/Uluru,Tourism > Waterfalls,Tourism > Waterfalls,"Aboriginal myths, legends and traditions > Other stories",Uluru_SEC_010_SENT_002,Uluru_SEC_010_SENT_001,Uluru_SEC_016_SENT_005,"Large rainfall events occurred in 2016, and the summer of 2020–21.","During heavy rain, which is rare in the region, ephemeral waterfalls cascade down the sides of Uluru.",It is sometimes reported that those who take rocks from the formation will be cursed and suffer misfortune.,0.5198173522949219,0.23684579133987427,0.2829715609550476,1
TRIPLET_00516,Landmarks,Uluru,https://en.wikipedia.org/wiki/Uluru,Description,Description,Tourism > Photography,Uluru_SEC_002_SENT_005,Uluru_SEC_002_SENT_003,Uluru_SEC_009_SENT_001,Special viewing areas with road access and parking have been constructed to give tourists the best views of both sites at dawn and dusk.,The reddish colour in the rock derives from iron oxide in the sandstone.,"The Aṉangu request that visitors do not photograph certain sections of Uluru, for reasons related to traditional Tjukurpa (Dreaming) beliefs.",0.214588925242424,0.3031443953514099,-0.0885554701089859,0
TRIPLET_00517,Landmarks,Uluru,https://en.wikipedia.org/wiki/Uluru,"Aboriginal myths, legends and traditions > Creation of the rock","Aboriginal myths, legends and traditions > Creation of the rock",Geology > Age and origin,Uluru_SEC_015_SENT_006,Uluru_SEC_015_SENT_001,Uluru_SEC_013_SENT_002,"The second tells of two tribes of ancestral spirits who were invited to a feast, but were distracted by the beautiful Sleepy Lizard Women and did not show up.","There are a number of differing accounts given, by outsiders, of Aboriginal ancestral stories for the origins of Uluru and its many cracks and fissures.","It is younger than the rocks exposed to the east at Mount Conner, and unrelated to them.",0.31358402967453003,0.20121879875659943,0.1123652309179306,1
TRIPLET_00518,Landmarks,Uluru,https://en.wikipedia.org/wiki/Uluru,Description,Description,Tourism,Uluru_SEC_002_SENT_006,Uluru_SEC_002_SENT_002,Uluru_SEC_007_SENT_006,"Both Uluru and the nearby Kata Tjuta formation have great cultural significance for the local Aṉangu people, the traditional inhabitants of the area, who lead walking tours to inform visitors about the bush, food, local flora and fauna, and the Aboriginal Dreamtime stories of the area.","Uluru is notable for appearing to change colour at different times of the day and year, most notably when it glows red at dawn and sunset.","After the Commonwealth Government handed the national park back to its traditional owners in 1985, management of the park was transferred from the Northern Territory Government to the Australian National Parks and Wildlife Service the following year.",0.2848008871078491,0.36356160044670105,-0.07876071333885193,0
TRIPLET_00519,Landmarks,Uluru,https://en.wikipedia.org/wiki/Uluru,History > Aboriginal ownership since 1985,History > Aboriginal ownership since 1985,Geology > Composition,Uluru_SEC_006_SENT_004,Uluru_SEC_006_SENT_002,Uluru_SEC_012_SENT_002,"From Uluru it is 17 km (11 mi) by road to the tourist town of Yulara, population 3,000, which is situated just outside the national park.",An agreement originally made between the community and Prime Minister Bob Hawke that the climb to the top by tourists would be stopped was later broken.,"Average composition is 50% feldspar, 25–35% quartz and up to 25% rock fragments; most feldspar is K-feldspar with only minor plagioclase as subrounded grains and highly altered inclusions within K-feldspar.",0.45531508326530457,0.36973893642425537,0.0855761468410492,1
TRIPLET_00520,Landmarks,Uluru,https://en.wikipedia.org/wiki/Uluru,"Aboriginal myths, legends and traditions > Creation of the rock","Aboriginal myths, legends and traditions > Creation of the rock","Aboriginal myths, legends and traditions > Other stories > Mala story",Uluru_SEC_015_SENT_009,Uluru_SEC_015_SENT_005,Uluru_SEC_017_SENT_007,"The earth itself rose up in grief at the bloodshed, becoming Uluru.","The first tells of serpents who waged many wars around Uluru, scarring the rock.","Kurpany approached the Mala people, changing form as he did so, including taking the form of a ghost (mamu).",0.7311403751373291,0.45319366455078125,0.27794671058654785,1
TRIPLET_00521,Landmarks,Uluru,https://en.wikipedia.org/wiki/Uluru,History > Aboriginal ownership since 1985,History > Aboriginal ownership since 1985,Climate and five seasons,Uluru_SEC_006_SENT_004,Uluru_SEC_006_SENT_003,Uluru_SEC_019_SENT_001,"From Uluru it is 17 km (11 mi) by road to the tourist town of Yulara, population 3,000, which is situated just outside the national park.","The Aboriginal community of Mutitjulu, with a population of approximately 300, is located near the eastern end of Uluru.",The park has a hot desert climate and receives an average rainfall of 284.6 mm (11.2 in) per year.,0.5732989311218262,0.4210470914840698,0.15225183963775635,1
TRIPLET_00522,Landmarks,Uluru,https://en.wikipedia.org/wiki/Uluru,"Aboriginal myths, legends and traditions > Other stories","Aboriginal myths, legends and traditions > Other stories",Tourism,Uluru_SEC_016_SENT_006,Uluru_SEC_016_SENT_001,Uluru_SEC_007_SENT_001,There have been many instances where people who removed such rocks attempted to mail them back to various agencies in an attempt to remove the perceived curse.,"The Commonwealth Department of Environment's webpage advises: Many other Tjukurpa such as Kalaya (emu), Liru (poisonous snake), Lungkata (blue-tongue lizard), Luunpa (kingfisher) and Tjintir-tjintirpa (willie wagtail) travel through Uluṟu-Kata Tjuṯa National Park.",The development of tourism infrastructure adjacent to the base of Uluru that began in the 1950s soon produced adverse environmental impacts.,0.5027419328689575,0.382876455783844,0.11986547708511353,1
TRIPLET_00523,Landmarks,Uluru,https://en.wikipedia.org/wiki/Uluru,"Aboriginal myths, legends and traditions > Creation of the rock","Aboriginal myths, legends and traditions > Creation of the rock","Aboriginal myths, legends and traditions > Other stories",Uluru_SEC_015_SENT_001,Uluru_SEC_015_SENT_007,Uluru_SEC_016_SENT_001,"There are a number of differing accounts given, by outsiders, of Aboriginal ancestral stories for the origins of Uluru and its many cracks and fissures.","In response, the angry hosts sang evil into a mud sculpture that came to life as the dingo.","The Commonwealth Department of Environment's webpage advises: Many other Tjukurpa such as Kalaya (emu), Liru (poisonous snake), Lungkata (blue-tongue lizard), Luunpa (kingfisher) and Tjintir-tjintirpa (willie wagtail) travel through Uluṟu-Kata Tjuṯa National Park.",0.35837116837501526,0.5572066903114319,-0.19883552193641663,0
TRIPLET_00524,Landmarks,Uluru,https://en.wikipedia.org/wiki/Uluru,Description,Description,Climate and five seasons,Uluru_SEC_002_SENT_005,Uluru_SEC_002_SENT_002,Uluru_SEC_019_SENT_004,Special viewing areas with road access and parking have been constructed to give tourists the best views of both sites at dawn and dusk.,"Uluru is notable for appearing to change colour at different times of the day and year, most notably when it glows red at dawn and sunset.","UV levels are extreme between October and March, averaging between 11 and 15 on the UV index.",0.44281303882598877,0.3035598695278168,0.139253169298172,1
TRIPLET_00525,Landmarks,Uluru,https://en.wikipedia.org/wiki/Uluru,Name,Name,Climate and five seasons,Uluru_SEC_001_SENT_004,Uluru_SEC_001_SENT_001,Uluru_SEC_019_SENT_003,"In 1993, a dual naming policy was adopted that allowed official names that consist of both the traditional Aboriginal name (in the Pitjantjatjara, Yankunytjatjara and other local languages) and the English name.","The local Aṉangu, the Pitjantjatjara people, call the landmark Uluṟu (Pitjantjatjara: [ʊlʊɻʊ]).",Temperature extremes in the park have been recorded at 46 °C (115 °F) during summer and −5 °C (23 °F) during winter.,0.6671589016914368,0.3046148419380188,0.36254405975341797,1
TRIPLET_00526,Landmarks,Uluru,https://en.wikipedia.org/wiki/Uluru,Tourism > Photography,Tourism > Photography,History > Aboriginal reserve (1920),Uluru_SEC_009_SENT_003,Uluru_SEC_009_SENT_004,Uluru_SEC_004_SENT_001,The photographic restriction is intended to prevent Aṉangu from inadvertently violating this taboo by encountering photographs of the forbidden sites in the outside world.,"In September 2020, Parks Australia alerted Google Australia to the user-generated images from the Uluru summit that have been posted on the Google Maps platform and requested that the content be removed in accordance with the wishes of Aṉangu, Uluru's traditional owners, and the national park's Film and Photography Guidelines.","Between 1918 and 1921, large adjoining areas of South Australia, Western Australia and the Northern Territory were declared as Aboriginal reserves, government-run settlements where the Aboriginal people were forced to live.",0.5050871968269348,0.21007892489433289,0.29500827193260193,1
TRIPLET_00527,Landmarks,Uluru,https://en.wikipedia.org/wiki/Uluru,Climate and five seasons,Climate and five seasons,Tourism > Waterfalls,Uluru_SEC_019_SENT_002,Uluru_SEC_019_SENT_001,Uluru_SEC_010_SENT_002,"The average high temperature in summer (December–January) is 37.8 °C (100.0 °F), and the average low temperature in winter (June–July) is 4.7 °C (40.5 °F).",The park has a hot desert climate and receives an average rainfall of 284.6 mm (11.2 in) per year.,"Large rainfall events occurred in 2016, and the summer of 2020–21.",0.6655625104904175,0.5212433934211731,0.14431911706924438,1
TRIPLET_00528,Landmarks,Uluru,https://en.wikipedia.org/wiki/Uluru,Tourism > Photography,Tourism > Photography,Geology > Age and origin,Uluru_SEC_009_SENT_004,Uluru_SEC_009_SENT_002,Uluru_SEC_013_SENT_008,"In September 2020, Parks Australia alerted Google Australia to the user-generated images from the Uluru summit that have been posted on the Google Maps platform and requested that the content be removed in accordance with the wishes of Aṉangu, Uluru's traditional owners, and the national park's Film and Photography Guidelines.",These areas are the sites of gender-linked rituals or ceremonies and are forbidden ground for Aṉangu of the opposite sex to those participating in the rituals in question.,"They were thrust up during a mountain building episode referred to as the Petermann Orogeny that took place in late Neoproterozoic to early Cambrian times (550–530 Ma), and thus the Mutitjulu Arkose is believed to have been deposited at about the same time, hence then in Gondwana (now in Australia).",0.3891584873199463,0.4334281384944916,-0.04426965117454529,0
TRIPLET_00529,Landmarks,Uluru,https://en.wikipedia.org/wiki/Uluru,History > Tourism (1936–1960s),History > Tourism (1936–1960s),"Aboriginal myths, legends and traditions > Creation of the rock",Uluru_SEC_005_SENT_001,Uluru_SEC_005_SENT_003,Uluru_SEC_015_SENT_007,The first tourists arrived in the Uluru area in 1936.,This increased tourism prompted the formation of the first vehicular tracks in 1948 and tour bus services began early in the 1950s.,"In response, the angry hosts sang evil into a mud sculpture that came to life as the dingo.",0.48626214265823364,0.13329428434371948,0.35296785831451416,1
TRIPLET_00530,Landmarks,Uluru,https://en.wikipedia.org/wiki/Uluru,History > Arrival of Europeans (1870s),History > Arrival of Europeans (1870s),Geology,Uluru_SEC_003_SENT_001,Uluru_SEC_003_SENT_008,Uluru_SEC_011_SENT_005,Europeans arrived in the Australian Western Desert in the 1870s.,"Competition for these resources created conflict between the two groups, resulting in more frequent police patrols.","For the purpose of mapping and describing the geological history of the area, geologists refer to the rock strata making up Uluru as the Mutitjulu Arkose, and it is one of many sedimentary formations filling the Amadeus Basin.",0.05563713237643242,0.35015299916267395,-0.29451586678624153,0
TRIPLET_00531,Landmarks,Uluru,https://en.wikipedia.org/wiki/Uluru,"Aboriginal myths, legends and traditions > Creation of the rock","Aboriginal myths, legends and traditions > Creation of the rock",History > Aboriginal ownership since 1985,Uluru_SEC_015_SENT_008,Uluru_SEC_015_SENT_005,Uluru_SEC_006_SENT_004,"There followed a great battle, which ended in the deaths of the leaders of both tribes.","The first tells of serpents who waged many wars around Uluru, scarring the rock.","From Uluru it is 17 km (11 mi) by road to the tourist town of Yulara, population 3,000, which is situated just outside the national park.",0.6767731308937073,0.2228906750679016,0.45388245582580566,1
TRIPLET_00532,Landmarks,Uluru,https://en.wikipedia.org/wiki/Uluru,History > Tourism (1936–1960s),History > Tourism (1936–1960s),Description,Uluru_SEC_005_SENT_004,Uluru_SEC_005_SENT_002,Uluru_SEC_002_SENT_002,"In 1958, the area that would become the Uluṟu-Kata Tjuṯa National Park was excised from the Petermann Reserve; it was placed under the management of the Northern Territory Reserves Board and named the Ayers Rock–Mount Olga National Park.",Permanent European settlement of the area began in the 1940s under Aboriginal welfare policy and to promote tourism at Uluru.,"Uluru is notable for appearing to change colour at different times of the day and year, most notably when it glows red at dawn and sunset.",0.4574611186981201,0.32812660932540894,0.12933450937271118,1
TRIPLET_00533,Landmarks,Uluru,https://en.wikipedia.org/wiki/Uluru,Tourism > Photography,Tourism > Photography,History > Aboriginal ownership since 1985,Uluru_SEC_009_SENT_002,Uluru_SEC_009_SENT_004,Uluru_SEC_006_SENT_005,These areas are the sites of gender-linked rituals or ceremonies and are forbidden ground for Aṉangu of the opposite sex to those participating in the rituals in question.,"In September 2020, Parks Australia alerted Google Australia to the user-generated images from the Uluru summit that have been posted on the Google Maps platform and requested that the content be removed in accordance with the wishes of Aṉangu, Uluru's traditional owners, and the national park's Film and Photography Guidelines.","On 8 October 2009, the Talinguru Nyakuntjaku viewing area opened to public visitation.",0.3891584873199463,0.14355218410491943,0.24560630321502686,1
TRIPLET_00534,Landmarks,Uluru,https://en.wikipedia.org/wiki/Uluru,Climate and five seasons,Climate and five seasons,History > Aboriginal reserve (1920),Uluru_SEC_019_SENT_002,Uluru_SEC_019_SENT_001,Uluru_SEC_004_SENT_002,"The average high temperature in summer (December–January) is 37.8 °C (100.0 °F), and the average low temperature in winter (June–July) is 4.7 °C (40.5 °F).",The park has a hot desert climate and receives an average rainfall of 284.6 mm (11.2 in) per year.,"In 1920, part of Uluṟu–Kata Tjuṯa National Park was declared an Aboriginal Reserve (commonly known as the South-Western or Petermann Reserve) by the Australian government under the Aboriginals Ordinance 1918.",0.6655625104904175,0.36175090074539185,0.30381160974502563,1
TRIPLET_00535,Landmarks,Uluru,https://en.wikipedia.org/wiki/Uluru,Description,Description,"Aboriginal myths, legends and traditions > Other stories > Mala story",Uluru_SEC_002_SENT_004,Uluru_SEC_002_SENT_005,Uluru_SEC_017_SENT_007,"Kata Tjuta, also called Mount Olga or the Olgas, lies 25 km (16 mi) west of Uluru.",Special viewing areas with road access and parking have been constructed to give tourists the best views of both sites at dawn and dusk.,"Kurpany approached the Mala people, changing form as he did so, including taking the form of a ghost (mamu).",0.22396506369113922,0.22739246487617493,-0.0034274011850357056,0
TRIPLET_00536,Landmarks,Uluru,https://en.wikipedia.org/wiki/Uluru,Climate and five seasons,Climate and five seasons,History > Aboriginal ownership since 1985,Uluru_SEC_019_SENT_002,Uluru_SEC_019_SENT_003,Uluru_SEC_006_SENT_002,"The average high temperature in summer (December–January) is 37.8 °C (100.0 °F), and the average low temperature in winter (June–July) is 4.7 °C (40.5 °F).",Temperature extremes in the park have been recorded at 46 °C (115 °F) during summer and −5 °C (23 °F) during winter.,An agreement originally made between the community and Prime Minister Bob Hawke that the climb to the top by tourists would be stopped was later broken.,0.8001595139503479,0.30645042657852173,0.49370908737182617,1
TRIPLET_00537,Landmarks,Uluru,https://en.wikipedia.org/wiki/Uluru,Tourism,Tourism,Name,Uluru_SEC_007_SENT_005,Uluru_SEC_007_SENT_009,Uluru_SEC_001_SENT_006,"The town square, bank and primary school were also established.",Increased tourism provides regional and national economic benefits.,"The order of the dual names was officially reversed to ""Uluru / Ayers Rock"" on 6 November 2002 following a request from the Regional Tourism Association in Alice Springs.",0.33342882990837097,0.2551545202732086,0.07827430963516235,1
TRIPLET_00538,Landmarks,Uluru,https://en.wikipedia.org/wiki/Uluru,History > Aboriginal reserve (1920),History > Aboriginal reserve (1920),Climate and five seasons,Uluru_SEC_004_SENT_002,Uluru_SEC_004_SENT_001,Uluru_SEC_019_SENT_004,"In 1920, part of Uluṟu–Kata Tjuṯa National Park was declared an Aboriginal Reserve (commonly known as the South-Western or Petermann Reserve) by the Australian government under the Aboriginals Ordinance 1918.","Between 1918 and 1921, large adjoining areas of South Australia, Western Australia and the Northern Territory were declared as Aboriginal reserves, government-run settlements where the Aboriginal people were forced to live.","UV levels are extreme between October and March, averaging between 11 and 15 on the UV index.",0.7582651376724243,0.421639621257782,0.33662551641464233,1
TRIPLET_00539,Landmarks,Uluru,https://en.wikipedia.org/wiki/Uluru,Tourism > Photography,Tourism > Photography,"Aboriginal myths, legends and traditions > Other stories",Uluru_SEC_009_SENT_001,Uluru_SEC_009_SENT_004,Uluru_SEC_016_SENT_004,"The Aṉangu request that visitors do not photograph certain sections of Uluru, for reasons related to traditional Tjukurpa (Dreaming) beliefs.","In September 2020, Parks Australia alerted Google Australia to the user-generated images from the Uluru summit that have been posted on the Google Maps platform and requested that the content be removed in accordance with the wishes of Aṉangu, Uluru's traditional owners, and the national park's Film and Photography Guidelines.","Kuniya, the woma python, lived in the rocks at Uluru where she fought the Liru, the poisonous snake.",0.5423203110694885,0.3355557918548584,0.20676451921463013,1
TRIPLET_00540,Landmarks,Uluru,https://en.wikipedia.org/wiki/Uluru,Geology,Geology,Tourism > Waterfalls,Uluru_SEC_011_SENT_004,Uluru_SEC_011_SENT_003,Uluru_SEC_010_SENT_002,"These characteristics led to its survival, while the surrounding rocks were eroded.",Uluru's homogeneity and lack of jointing and parting at bedding surfaces inhibits the development of scree slopes and soil.,"Large rainfall events occurred in 2016, and the summer of 2020–21.",0.38365310430526733,0.1599387377500534,0.22371436655521393,1
TRIPLET_00541,Landmarks,Uluru,https://en.wikipedia.org/wiki/Uluru,Geology,Geology,Name,Uluru_SEC_011_SENT_002,Uluru_SEC_011_SENT_005,Uluru_SEC_001_SENT_001,"Uluru is also often referred to as a monolith, although this is an ambiguous term that is generally avoided by geologists.","For the purpose of mapping and describing the geological history of the area, geologists refer to the rock strata making up Uluru as the Mutitjulu Arkose, and it is one of many sedimentary formations filling the Amadeus Basin.","The local Aṉangu, the Pitjantjatjara people, call the landmark Uluṟu (Pitjantjatjara: [ʊlʊɻʊ]).",0.39552900195121765,0.3755722641944885,0.019956737756729126,1
TRIPLET_00542,Landmarks,Uluru,https://en.wikipedia.org/wiki/Uluru,Geology,Geology,"Aboriginal myths, legends and traditions > Other stories > Mala story",Uluru_SEC_011_SENT_004,Uluru_SEC_011_SENT_001,Uluru_SEC_017_SENT_004,"These characteristics led to its survival, while the surrounding rocks were eroded.","An inselberg is a prominent isolated residual knob or hill that rises abruptly from and is surrounded by extensive and relatively flat erosion lowlands in a hot, dry region.","The men hunted, made fires, and fixed their tools and weapons.",0.4426575303077698,0.349086731672287,0.09357079863548279,1
TRIPLET_00543,Landmarks,Uluru,https://en.wikipedia.org/wiki/Uluru,Geology > Composition,Geology > Composition,"Aboriginal myths, legends and traditions > Other stories > Mala story",Uluru_SEC_012_SENT_004,Uluru_SEC_012_SENT_005,Uluru_SEC_017_SENT_012,"The rock fragments include subrounded basalt, invariably replaced to various degrees by chlorite and epidote.","The minerals present suggest derivation from a predominantly granite source, similar to the Musgrave Block exposed to the south.","Luunpa, now a large rock, keeps watch, while the men killed by Kurpany are still in their cave.",0.7102890014648438,0.39529263973236084,0.3149963617324829,1
TRIPLET_00544,Landmarks,Uluru,https://en.wikipedia.org/wiki/Uluru,Name,Name,Description,Uluru_SEC_001_SENT_004,Uluru_SEC_001_SENT_005,Uluru_SEC_002_SENT_001,"In 1993, a dual naming policy was adopted that allowed official names that consist of both the traditional Aboriginal name (in the Pitjantjatjara, Yankunytjatjara and other local languages) and the English name.","On 15 December 1993, it was renamed ""Ayers Rock / Uluru"" and became the first official dual-named feature in the Northern Territory.","The sandstone formation stands 348 m (1,142 ft) high, rising 863 m (2,831 ft) above sea level with most of its bulk lying underground, and has a total perimeter of 9.4 km (5.8 mi).",0.6931735277175903,0.35717591643333435,0.335997611284256,1
TRIPLET_00545,Landmarks,Uluru,https://en.wikipedia.org/wiki/Uluru,Flora and fauna,Flora and fauna,History > Tourism (1936–1960s),Uluru_SEC_018_SENT_025,Uluru_SEC_018_SENT_019,Uluru_SEC_005_SENT_001,"Since the first Europeans arrived, 34 exotic plant species have been recorded in the park, representing about 6.4% of the total park flora.",Some plants are able to survive fire and some are dependent on it to reproduce.,The first tourists arrived in the Uluru area in 1936.,0.26660341024398804,0.5065592527389526,-0.2399558424949646,0
TRIPLET_00546,Landmarks,Uluru,https://en.wikipedia.org/wiki/Uluru,"Aboriginal myths, legends and traditions > Other stories","Aboriginal myths, legends and traditions > Other stories",Name,Uluru_SEC_016_SENT_002,Uluru_SEC_016_SENT_006,Uluru_SEC_001_SENT_005,Other Tjukurpa affect only one specific area.,There have been many instances where people who removed such rocks attempted to mail them back to various agencies in an attempt to remove the perceived curse.,"On 15 December 1993, it was renamed ""Ayers Rock / Uluru"" and became the first official dual-named feature in the Northern Territory.",0.3254595100879669,0.2603673040866852,0.06509220600128174,1
TRIPLET_00547,Landmarks,Uluru,https://en.wikipedia.org/wiki/Uluru,Flora and fauna,Flora and fauna,Tourism > Waterfalls,Uluru_SEC_018_SENT_025,Uluru_SEC_018_SENT_028,Uluru_SEC_010_SENT_001,"Since the first Europeans arrived, 34 exotic plant species have been recorded in the park, representing about 6.4% of the total park flora.","A few others, such as burrgrass, were brought in accidentally, carried on cars and people.","During heavy rain, which is rare in the region, ephemeral waterfalls cascade down the sides of Uluru.",0.3118916153907776,0.28698980808258057,0.02490180730819702,1
TRIPLET_00548,Landmarks,Uluru,https://en.wikipedia.org/wiki/Uluru,Name,Name,History > Tourism (1936–1960s),Uluru_SEC_001_SENT_004,Uluru_SEC_001_SENT_003,Uluru_SEC_005_SENT_002,"In 1993, a dual naming policy was adopted that allowed official names that consist of both the traditional Aboriginal name (in the Pitjantjatjara, Yankunytjatjara and other local languages) and the English name.","On 19 July 1873, the surveyor William Gosse sighted the landmark and named it Ayers Rock in honour of the then Chief Secretary of South Australia, Sir Henry Ayers.",Permanent European settlement of the area began in the 1940s under Aboriginal welfare policy and to promote tourism at Uluru.,0.4613070487976074,0.4761396646499634,-0.014832615852355957,0
TRIPLET_00549,Landmarks,Uluru,https://en.wikipedia.org/wiki/Uluru,"Aboriginal myths, legends and traditions > Other stories > Mala story","Aboriginal myths, legends and traditions > Other stories > Mala story",Tourism,Uluru_SEC_017_SENT_005,Uluru_SEC_017_SENT_010,Uluru_SEC_007_SENT_002,"Two Wintalka men approached from the west, and invited the Mala people to attend their inma, but the Mala people declined the invitation, as their inma had begun and could not be stopped.",This story continues among the Indigenous peoples of South Australia.,It was decided in the early 1970s to remove all accommodation-related tourist facilities and re-establish them outside the park.,0.1974637657403946,0.3999280631542206,-0.202464297413826,0
TRIPLET_00550,Landmarks,Uluru,https://en.wikipedia.org/wiki/Uluru,"Aboriginal myths, legends and traditions > Creation of the rock","Aboriginal myths, legends and traditions > Creation of the rock","Aboriginal myths, legends and traditions",Uluru_SEC_015_SENT_008,Uluru_SEC_015_SENT_006,Uluru_SEC_014_SENT_002,"There followed a great battle, which ended in the deaths of the leaders of both tribes.","The second tells of two tribes of ancestral spirits who were invited to a feast, but were distracted by the beautiful Sleepy Lizard Women and did not show up.","According to the Aṉangu, traditional landowners of Uluru: The world was once a featureless place.",0.39947766065597534,0.3525241017341614,0.046953558921813965,1
TRIPLET_00551,Landmarks,Great Barrier Reef,https://en.wikipedia.org/wiki/Great_Barrier_Reef,Environmental threats > Shipping,Environmental threats > Shipping,Environmental threats,Great_Barrier_Reef_SEC_013_SENT_001,Great_Barrier_Reef_SEC_013_SENT_003,Great_Barrier_Reef_SEC_004_SENT_002,"Shipping accidents are a pressing concern, as several commercial shipping routes pass through the Great Barrier Reef.","There have been over 1,600 known shipwrecks in the Great Barrier Reef region.","Other threats include shipping accidents, oil spills, and tropical cyclones.",0.559515118598938,0.7435718178749084,-0.18405669927597046,0
TRIPLET_00552,Landmarks,Great Barrier Reef,https://en.wikipedia.org/wiki/Great_Barrier_Reef,Environmental threats > Ocean Acidification,Environmental threats > Ocean Acidification,Environmental threats > Pollution,Great_Barrier_Reef_SEC_006_SENT_005,Great_Barrier_Reef_SEC_006_SENT_006,Great_Barrier_Reef_SEC_007_SENT_001,The Great Barrier Reef is predicted to lose aragonite at a rate of about 0.1 per decade this century.,The acidic water breaks down the materials that coral and shell building creatures need to grow.,Another key threat faced by the Great Barrier Reef is pollution and declining water quality.,0.35634714365005493,0.4537924528121948,-0.09744530916213989,0
TRIPLET_00553,Landmarks,Great Barrier Reef,https://en.wikipedia.org/wiki/Great_Barrier_Reef,Protection and preservation: Reef 2050 plan > Conservation Policy: Reef 2050 Water Quality Improvement Plan,Protection and preservation: Reef 2050 plan > Conservation Policy: Reef 2050 Water Quality Improvement Plan,"""Discovery"" and naming",Great_Barrier_Reef_SEC_016_SENT_002,Great_Barrier_Reef_SEC_016_SENT_005,Great_Barrier_Reef_SEC_001_SENT_001,"Numerous species of aquatic plants, fish and megafauna use the reef for feeding, shelter and mating.",The Australian government has had the goal of protecting this World Heritage Site since 1972 when they created The Australian Institute of Marine Science.,"The Great Barrier Reef has long been known to and used by the Aboriginal Australian and Torres Strait Islander peoples, and is an important part of local groups' cultures and spirituality.",0.3398836851119995,0.502554178237915,-0.16267049312591553,0
TRIPLET_00554,Landmarks,Great Barrier Reef,https://en.wikipedia.org/wiki/Great_Barrier_Reef,Human use > Fishing,Human use > Fishing,Environmental threats,Great_Barrier_Reef_SEC_021_SENT_002,Great_Barrier_Reef_SEC_021_SENT_001,Great_Barrier_Reef_SEC_004_SENT_002,"It employs approximately 2000 people, and fishing in the Great Barrier Reef is pursued commercially, for recreation, and as a traditional means for feeding one's family.","The fishing industry in the Great Barrier Reef, controlled by the Queensland Government, is worth 1 billion Australien Dollars annually.","Other threats include shipping accidents, oil spills, and tropical cyclones.",0.648177981376648,0.27892836928367615,0.3692496120929718,1
TRIPLET_00555,Landmarks,Great Barrier Reef,https://en.wikipedia.org/wiki/Great_Barrier_Reef,Environmental threats,Environmental threats,Environmental threats > Pollution > Loss of coastal wetland,Great_Barrier_Reef_SEC_004_SENT_002,Great_Barrier_Reef_SEC_004_SENT_001,Great_Barrier_Reef_SEC_008_SENT_001,"Other threats include shipping accidents, oil spills, and tropical cyclones.","Climate change, pollution, crown-of-thorns starfish and fishing are the primary threats to the health of this reef system.",The runoff problem is exacerbated by the loss of coastal wetlands which act as a natural filter for toxins and help deposit sediment.,0.5618886351585388,0.5219877362251282,0.039900898933410645,1
TRIPLET_00556,Landmarks,Great Barrier Reef,https://en.wikipedia.org/wiki/Great_Barrier_Reef,Environmental threats > Crown of thorns,Environmental threats > Crown of thorns,Protection and preservation: Reef 2050 plan > Conservation Policy: Reef 2050 Water Quality Improvement Plan,Great_Barrier_Reef_SEC_011_SENT_003,Great_Barrier_Reef_SEC_011_SENT_001,Great_Barrier_Reef_SEC_016_SENT_003,"In 2000, an outbreak contributed to a loss of 66% of live coral cover on sampled reefs in a study by the Reef Research Centre (RRC).",The crown-of-thorns starfish preys on coral polyps.,"Threats such as ocean acidification, pollution runoff and outbreaks of destructive species like the crown-of-thorns starfish have brought about the decline of this ecosystem.",0.45590686798095703,0.6385807394981384,-0.1826738715171814,0
TRIPLET_00557,Landmarks,Great Barrier Reef,https://en.wikipedia.org/wiki/Great_Barrier_Reef,Environmental threats > Climate change,Environmental threats > Climate change,Environmental threats,Great_Barrier_Reef_SEC_005_SENT_011,Great_Barrier_Reef_SEC_005_SENT_001,Great_Barrier_Reef_SEC_004_SENT_001,"Five Great Barrier Reef species of large benthic corals were found bleached under elevated temperatures, affirming that benthic corals are vulnerable to thermal stress.","The Great Barrier Reef Marine Park Authority considers the greatest threat to the Great Barrier Reef to be climate change, causing ocean warming which increases coral bleaching.","Climate change, pollution, crown-of-thorns starfish and fishing are the primary threats to the health of this reef system.",0.7163786888122559,0.674911618232727,0.04146707057952881,1
TRIPLET_00558,Landmarks,Great Barrier Reef,https://en.wikipedia.org/wiki/Great_Barrier_Reef,Environmental threats,Environmental threats,Protection and preservation: Reef 2050 plan > Conservation Policy: Reef 2050 Water Quality Improvement Plan,Great_Barrier_Reef_SEC_004_SENT_004,Great_Barrier_Reef_SEC_004_SENT_005,Great_Barrier_Reef_SEC_016_SENT_003,"According to a 2012 study by the National Academy of Sciences, since 1985, the Great Barrier Reef has lost more than half of its corals with two-thirds of the loss occurring from 1998 due to the factors listed before.","In 2022, the northern and central parts of the reef had the highest amount of coral cover since monitoring began, but the cover in the southern part had decreased and bleaching events occurred more frequently.","Threats such as ocean acidification, pollution runoff and outbreaks of destructive species like the crown-of-thorns starfish have brought about the decline of this ecosystem.",0.7135945558547974,0.5750204920768738,0.13857406377792358,1
TRIPLET_00559,Landmarks,Great Barrier Reef,https://en.wikipedia.org/wiki/Great_Barrier_Reef,Environmental threats,Environmental threats,Environmental threats > Shipping,Great_Barrier_Reef_SEC_004_SENT_001,Great_Barrier_Reef_SEC_004_SENT_004,Great_Barrier_Reef_SEC_013_SENT_002,"Climate change, pollution, crown-of-thorns starfish and fishing are the primary threats to the health of this reef system.","According to a 2012 study by the National Academy of Sciences, since 1985, the Great Barrier Reef has lost more than half of its corals with two-thirds of the loss occurring from 1998 due to the factors listed before.","Although the route through the Great Barrier Reef is not easy, reef pilots consider it safer than outside the reef in the event of mechanical failure, since a ship can sit safely while being repaired.",0.44055190682411194,0.4973401129245758,-0.05678820610046387,0
TRIPLET_00560,Landmarks,Great Barrier Reef,https://en.wikipedia.org/wiki/Great_Barrier_Reef,Protection and preservation: Reef 2050 plan,Protection and preservation: Reef 2050 plan,Environmental threats > Pollution > Loss of coastal wetland,Great_Barrier_Reef_SEC_015_SENT_007,Great_Barrier_Reef_SEC_015_SENT_008,Great_Barrier_Reef_SEC_008_SENT_001,"As part of the Reef 2050 plan, an AUD$443 million grant was given to the Great Barrier Reef Foundation in 2018.",The announcement of the grant was subject to backlash as the grant had avoided proper tender and transparency processes.,The runoff problem is exacerbated by the loss of coastal wetlands which act as a natural filter for toxins and help deposit sediment.,0.0760309174656868,0.27284952998161316,-0.19681861251592636,0
TRIPLET_00561,Landmarks,Great Barrier Reef,https://en.wikipedia.org/wiki/Great_Barrier_Reef,Human use > Fishing,Human use > Fishing,Geology and geography,Great_Barrier_Reef_SEC_021_SENT_001,Great_Barrier_Reef_SEC_021_SENT_002,Great_Barrier_Reef_SEC_002_SENT_010,"The fishing industry in the Great Barrier Reef, controlled by the Queensland Government, is worth 1 billion Australien Dollars annually.","It employs approximately 2000 people, and fishing in the Great Barrier Reef is pursued commercially, for recreation, and as a traditional means for feeding one's family.","When Queensland edged into tropical waters 24 million years ago, some coral grew, but a sedimentation regime quickly developed with erosion of the Great Dividing Range; creating river deltas, oozes and turbidites, unsuitable conditions for coral growth.",0.648177981376648,0.5649330615997314,0.0832449197769165,1
TRIPLET_00562,Landmarks,Great Barrier Reef,https://en.wikipedia.org/wiki/Great_Barrier_Reef,Environmental threats > Overfishing,Environmental threats > Overfishing,"""Discovery"" and naming",Great_Barrier_Reef_SEC_012_SENT_001,Great_Barrier_Reef_SEC_012_SENT_003,Great_Barrier_Reef_SEC_001_SENT_003,"The unsustainable overfishing of keystone species, such as the giant Triton, can disrupt food chains vital to reef life.","As of the middle of 2004, approximately one-third of the Great Barrier Reef Marine Park is protected from species removal of any kind, including fishing, without written permission.","On 11 June 1770, Cook's ship, HMS Endeavour, ran aground on a shoal south of the present-day location of Cooktown, requiring seven weeks to repair.",0.47988027334213257,0.39094457030296326,0.08893570303916931,1
TRIPLET_00563,Landmarks,Great Barrier Reef,https://en.wikipedia.org/wiki/Great_Barrier_Reef,Human use,Human use,Protection and preservation: Reef 2050 plan,Great_Barrier_Reef_SEC_017_SENT_004,Great_Barrier_Reef_SEC_017_SENT_006,Great_Barrier_Reef_SEC_015_SENT_001,"In 1768, Louis de Bougainville encountered the reef, but did not explore it.",Lightening the ship and re-floating it during an incoming tide eventually saved it.,"In March 2015, the Australian and Queensland's governments formed a plan for the protection and preservation of the reef's universal heritage until 2050.",0.3097589910030365,0.3403624892234802,-0.030603498220443726,0
TRIPLET_00564,Landmarks,Great Barrier Reef,https://en.wikipedia.org/wiki/Great_Barrier_Reef,"""Discovery"" and naming","""Discovery"" and naming",Environmental threats > Climate change,Great_Barrier_Reef_SEC_001_SENT_002,Great_Barrier_Reef_SEC_001_SENT_001,Great_Barrier_Reef_SEC_005_SENT_010,"The first European to discover the Great Barrier Reef was James Cook in 1770, who sailed and mapped the east coast of Australia.","The Great Barrier Reef has long been known to and used by the Aboriginal Australian and Torres Strait Islander peoples, and is an important part of local groups' cultures and spirituality.","Bleaching events in benthic coral communities (deeper than 20 metres or 66 feet) in the Great Barrier reef are not as well documented as those at shallower depths, but recent research has shown that benthic communities are just as negatively impacted in the face of rising ocean temperatures.",0.37217846512794495,0.3448353707790375,0.02734309434890747,1
TRIPLET_00565,Landmarks,Great Barrier Reef,https://en.wikipedia.org/wiki/Great_Barrier_Reef,Human use > Fishing,Human use > Fishing,Ecology,Great_Barrier_Reef_SEC_021_SENT_001,Great_Barrier_Reef_SEC_021_SENT_002,Great_Barrier_Reef_SEC_003_SENT_026,"The fishing industry in the Great Barrier Reef, controlled by the Queensland Government, is worth 1 billion Australien Dollars annually.","It employs approximately 2000 people, and fishing in the Great Barrier Reef is pursued commercially, for recreation, and as a traditional means for feeding one's family.",Its common soft corals belong to 36 genera.,0.648177981376648,0.34640660881996155,0.3017713725566864,1
TRIPLET_00566,Landmarks,Great Barrier Reef,https://en.wikipedia.org/wiki/Great_Barrier_Reef,Protection and preservation: Reef 2050 plan > Conservation Policy: Reef 2050 Water Quality Improvement Plan,Protection and preservation: Reef 2050 plan > Conservation Policy: Reef 2050 Water Quality Improvement Plan,Environmental threats > Pollution > Loss of coastal wetland,Great_Barrier_Reef_SEC_016_SENT_001,Great_Barrier_Reef_SEC_016_SENT_004,Great_Barrier_Reef_SEC_008_SENT_002,The Great Barrier Reef contributes to the overall wellbeing of the marine biome.,"These threats to the reef are not only a danger to the organisms inhabiting it, but also the economy of this region, a large part of which relies on revenue from ecotourism of the Great Barrier Reef.",It is thought that the poor water quality is due to increased light and oxygen competition from algae.,0.6640560626983643,0.5070363879203796,0.15701967477798462,1
TRIPLET_00567,Landmarks,Great Barrier Reef,https://en.wikipedia.org/wiki/Great_Barrier_Reef,Human use > Management,Human use > Management,Human use > Management > Abbot Point coal port dredge dumping controversy,Great_Barrier_Reef_SEC_018_SENT_036,Great_Barrier_Reef_SEC_018_SENT_052,Great_Barrier_Reef_SEC_019_SENT_001,The updated version of the plan focuses on strategic priority areas and actions to achieve 2013 goals.,No new research is done to produce the report.,"In December 2013, Greg Hunt, the Australian environment minister, approved a plan for dredging to create three shipping terminals as part of the construction of a coalport.",0.20597489178180695,0.4482608437538147,-0.24228595197200775,0
TRIPLET_00568,Landmarks,Great Barrier Reef,https://en.wikipedia.org/wiki/Great_Barrier_Reef,Protection and preservation: Reef 2050 plan,Protection and preservation: Reef 2050 plan,Environmental threats > Shipping,Great_Barrier_Reef_SEC_015_SENT_005,Great_Barrier_Reef_SEC_015_SENT_001,Great_Barrier_Reef_SEC_013_SENT_003,"As such, experts doubted whether it would be enough to save the fragile environment.","In March 2015, the Australian and Queensland's governments formed a plan for the protection and preservation of the reef's universal heritage until 2050.","There have been over 1,600 known shipwrecks in the Great Barrier Reef region.",0.20229369401931763,0.09066886454820633,0.1116248294711113,1
TRIPLET_00569,Landmarks,Great Barrier Reef,https://en.wikipedia.org/wiki/Great_Barrier_Reef,Environmental threats > Ocean Acidification,Environmental threats > Ocean Acidification,Human use > Dugong hunting,Great_Barrier_Reef_SEC_006_SENT_004,Great_Barrier_Reef_SEC_006_SENT_002,Great_Barrier_Reef_SEC_022_SENT_001,"This reduces the amount of aragonite, a key mineral for coral to grow, in the water.",Ocean acidification occurs when excess atmospheric carbon dioxide gets absorbed into the ocean.,"Under the Native Title Act 1993, native title holders retain the right to legally hunt dugongs and green turtles for ""personal, domestic or non-commercial communal needs"".",0.4296892583370209,0.41489994525909424,0.014789313077926636,1
TRIPLET_00570,Landmarks,Great Barrier Reef,https://en.wikipedia.org/wiki/Great_Barrier_Reef,Human use > Management,Human use > Management,Human use > Dugong hunting,Great_Barrier_Reef_SEC_018_SENT_030,Great_Barrier_Reef_SEC_018_SENT_027,Great_Barrier_Reef_SEC_022_SENT_001,"This updated version has improved the clarity of the previous plan and targets set by that plan, have improved accountability and further improved monitoring and assessment.",Other non-point sources of pollution that are attributed to urban areas are covered under different legislation.,"Under the Native Title Act 1993, native title holders retain the right to legally hunt dugongs and green turtles for ""personal, domestic or non-commercial communal needs"".",0.34223631024360657,0.26129502058029175,0.08094128966331482,1
TRIPLET_00571,Landmarks,Great Barrier Reef,https://en.wikipedia.org/wiki/Great_Barrier_Reef,Ecology,Ecology,Environmental threats > Pollution,Great_Barrier_Reef_SEC_003_SENT_011,Great_Barrier_Reef_SEC_003_SENT_010,Great_Barrier_Reef_SEC_007_SENT_006,Saltwater crocodiles live in mangrove and salt marshes on the coast near the reef.,The most common genera of seagrasses are Halophila and Halodule.,"According to a 2016 report, while higher regulation contributes to less overall pollution from ""other land uses, such as industrial, mining, port development, dredging and urban development"", these can still be locally significant.",0.3402063846588135,0.21358953416347504,0.12661685049533844,1
TRIPLET_00572,Landmarks,Great Barrier Reef,https://en.wikipedia.org/wiki/Great_Barrier_Reef,Environmental threats > Pollution > Loss of coastal wetland,Environmental threats > Pollution > Loss of coastal wetland,Human use > Management,Great_Barrier_Reef_SEC_008_SENT_002,Great_Barrier_Reef_SEC_008_SENT_001,Great_Barrier_Reef_SEC_018_SENT_043,It is thought that the poor water quality is due to increased light and oxygen competition from algae.,The runoff problem is exacerbated by the loss of coastal wetlands which act as a natural filter for toxins and help deposit sediment.,"In July 2004, a new zoning plan took effect for the entire Marine Park, and has been widely acclaimed as a new global benchmark for marine ecosystem conservation.",0.6536585092544556,0.36879342794418335,0.2848650813102722,1
TRIPLET_00573,Landmarks,Great Barrier Reef,https://en.wikipedia.org/wiki/Great_Barrier_Reef,Protection and preservation: Reef 2050 plan > Conservation Policy: Reef 2050 Water Quality Improvement Plan,Protection and preservation: Reef 2050 plan > Conservation Policy: Reef 2050 Water Quality Improvement Plan,Human use,Great_Barrier_Reef_SEC_016_SENT_002,Great_Barrier_Reef_SEC_016_SENT_008,Great_Barrier_Reef_SEC_017_SENT_011,"Numerous species of aquatic plants, fish and megafauna use the reef for feeding, shelter and mating.",This plan will join the Queensland government and the Great Barrier Reef Marine Park Authority to manage the amounts of runoff that reach the Great Barrier Reef as well as mitigating crown-of-thorns starfish population flare-ups.,"as in Raine Island, the earliest example.",0.536247968673706,0.14253580570220947,0.3937121629714966,1
TRIPLET_00574,Landmarks,Great Barrier Reef,https://en.wikipedia.org/wiki/Great_Barrier_Reef,Environmental threats > Ocean Acidification,Environmental threats > Ocean Acidification,Geology and geography,Great_Barrier_Reef_SEC_006_SENT_001,Great_Barrier_Reef_SEC_006_SENT_003,Great_Barrier_Reef_SEC_002_SENT_031,A threat for the Great Barrier Reef is the rising levels of ocean acidification.,This causes a decrease in the pH and this alters the chemistry of the ocean's water.,"A previously undiscovered reef, 500 metres tall and 1.5 km wide at the base, was found in the northern area in 2020.",0.6344680786132812,0.368530809879303,0.26593726873397827,1
TRIPLET_00575,Landmarks,Great Barrier Reef,https://en.wikipedia.org/wiki/Great_Barrier_Reef,Human use > Management,Human use > Management,Geology and geography,Great_Barrier_Reef_SEC_018_SENT_037,Great_Barrier_Reef_SEC_018_SENT_051,Great_Barrier_Reef_SEC_002_SENT_022,Also quantitative targets have been made to critically assess whether targets are being met.,Every outlook report follows the same judging and grading process so that information can be tracked over time.,"By around 13,000 years ago the sea level was only 60 metres (200 ft) lower than the present day, and corals began to surround the hills of the coastal plain, which were, by then, continental islands.",0.44550788402557373,0.20417200028896332,0.2413358837366104,1
TRIPLET_00576,Landmarks,Great Barrier Reef,https://en.wikipedia.org/wiki/Great_Barrier_Reef,Human use > Management,Human use > Management,Environmental threats > Shipping,Great_Barrier_Reef_SEC_018_SENT_053,Great_Barrier_Reef_SEC_018_SENT_046,Great_Barrier_Reef_SEC_013_SENT_003,Only readily available information goes into the report so little of what is known about the Reef is actually featured in each outlook report.,"At the time, it was the largest Marine Protected Area in the world, although in 2006, the new Northwestern Hawaiian Islands National Monument became the largest.","There have been over 1,600 known shipwrecks in the Great Barrier Reef region.",0.3907390832901001,0.34130942821502686,0.04942965507507324,1
TRIPLET_00577,Landmarks,Great Barrier Reef,https://en.wikipedia.org/wiki/Great_Barrier_Reef,"""Discovery"" and naming","""Discovery"" and naming",Environmental threats > Crown of thorns,Great_Barrier_Reef_SEC_001_SENT_005,Great_Barrier_Reef_SEC_001_SENT_001,Great_Barrier_Reef_SEC_011_SENT_003,"Flinders used various terms to describe the reefs comprising what we now call the Great Barrier Reef including ""great reef"", for one such reef, ""barrier reef"", for any reef preventing a sailing vessel in, or waves from, the open sea, from reaching the coast, and ""Barrier Reefs"", for the collection of such reefs.","The Great Barrier Reef has long been known to and used by the Aboriginal Australian and Torres Strait Islander peoples, and is an important part of local groups' cultures and spirituality.","In 2000, an outbreak contributed to a loss of 66% of live coral cover on sampled reefs in a study by the Reef Research Centre (RRC).",0.492678165435791,0.464643657207489,0.028034508228302002,1
TRIPLET_00578,Landmarks,Great Barrier Reef,https://en.wikipedia.org/wiki/Great_Barrier_Reef,Geology and geography,Geology and geography,Environmental threats > Pollution > Pollution from mining,Great_Barrier_Reef_SEC_002_SENT_017,Great_Barrier_Reef_SEC_002_SENT_018,Great_Barrier_Reef_SEC_010_SENT_001,"According to the GBRMPA, the current, living reef structure is believed to have begun growing on the older platform about 9,000 years ago.","The Australian Institute of Marine Science agrees, placing the beginning of the growth of the current reef at the time of the Last Glacial Maximum.",Mining company Queensland Nickel discharged nitrate-laden water into the Great Barrier Reef in 2009 and 2011 – on the later occasion releasing 516 tonnes (508 long tons; 569 short tons) of waste water.,0.7038922309875488,0.4837666153907776,0.22012561559677124,1
TRIPLET_00579,Landmarks,Great Barrier Reef,https://en.wikipedia.org/wiki/Great_Barrier_Reef,Human use > Fishing,Human use > Fishing,Environmental threats > Pollution > Loss of coastal wetland,Great_Barrier_Reef_SEC_021_SENT_002,Great_Barrier_Reef_SEC_021_SENT_001,Great_Barrier_Reef_SEC_008_SENT_001,"It employs approximately 2000 people, and fishing in the Great Barrier Reef is pursued commercially, for recreation, and as a traditional means for feeding one's family.","The fishing industry in the Great Barrier Reef, controlled by the Queensland Government, is worth 1 billion Australien Dollars annually.",The runoff problem is exacerbated by the loss of coastal wetlands which act as a natural filter for toxins and help deposit sediment.,0.648177981376648,0.2983120083808899,0.34986597299575806,1
TRIPLET_00580,Landmarks,Great Barrier Reef,https://en.wikipedia.org/wiki/Great_Barrier_Reef,Protection and preservation: Reef 2050 plan > Conservation Policy: Reef 2050 Water Quality Improvement Plan,Protection and preservation: Reef 2050 plan > Conservation Policy: Reef 2050 Water Quality Improvement Plan,Human use > Fishing,Great_Barrier_Reef_SEC_016_SENT_001,Great_Barrier_Reef_SEC_016_SENT_008,Great_Barrier_Reef_SEC_021_SENT_002,The Great Barrier Reef contributes to the overall wellbeing of the marine biome.,This plan will join the Queensland government and the Great Barrier Reef Marine Park Authority to manage the amounts of runoff that reach the Great Barrier Reef as well as mitigating crown-of-thorns starfish population flare-ups.,"It employs approximately 2000 people, and fishing in the Great Barrier Reef is pursued commercially, for recreation, and as a traditional means for feeding one's family.",0.5890418291091919,0.5153615474700928,0.07368028163909912,1
TRIPLET_00581,Landmarks,Great Barrier Reef,https://en.wikipedia.org/wiki/Great_Barrier_Reef,Environmental threats > Ocean Acidification,Environmental threats > Ocean Acidification,Environmental threats > Pollution > Loss of coastal wetland,Great_Barrier_Reef_SEC_006_SENT_003,Great_Barrier_Reef_SEC_006_SENT_005,Great_Barrier_Reef_SEC_008_SENT_002,This causes a decrease in the pH and this alters the chemistry of the ocean's water.,The Great Barrier Reef is predicted to lose aragonite at a rate of about 0.1 per decade this century.,It is thought that the poor water quality is due to increased light and oxygen competition from algae.,0.4769861400127411,0.6939125657081604,-0.2169264256954193,0
TRIPLET_00582,Landmarks,Great Barrier Reef,https://en.wikipedia.org/wiki/Great_Barrier_Reef,Human use > Tourism,Human use > Tourism,Environmental threats > Pollution > Pollution from mining,Great_Barrier_Reef_SEC_020_SENT_018,Great_Barrier_Reef_SEC_020_SENT_002,Great_Barrier_Reef_SEC_010_SENT_001,"The outer part of the Great Barrier Reef is favoured for such activities, due to water quality.",Tourism on the Great Barrier Reef is concentrated in Cairns and also The Whitsundays due to their accessibility.,Mining company Queensland Nickel discharged nitrate-laden water into the Great Barrier Reef in 2009 and 2011 – on the later occasion releasing 516 tonnes (508 long tons; 569 short tons) of waste water.,0.6410190463066101,0.25366199016571045,0.38735705614089966,1
TRIPLET_00583,Landmarks,Great Barrier Reef,https://en.wikipedia.org/wiki/Great_Barrier_Reef,Environmental threats > Pollution > Eutrophication,Environmental threats > Pollution > Eutrophication,Human use > Tourism,Great_Barrier_Reef_SEC_009_SENT_004,Great_Barrier_Reef_SEC_009_SENT_005,Great_Barrier_Reef_SEC_020_SENT_003,Fertilizers also increase the amount of phytoplankton available for the crown-of-thorns starfish larvae to consume.,A study showed that a doubling of the chlorophyll in the water leads to a tenfold increase in the crown-of-thorns starfish larvae's survival rate.,These areas make up 7–8% of the park's area.,0.6969391703605652,0.19208815693855286,0.5048510134220123,1
TRIPLET_00584,Landmarks,Great Barrier Reef,https://en.wikipedia.org/wiki/Great_Barrier_Reef,Human use > Tourism,Human use > Tourism,Human use > Management,Great_Barrier_Reef_SEC_020_SENT_006,Great_Barrier_Reef_SEC_020_SENT_030,Great_Barrier_Reef_SEC_018_SENT_021,"Several continental and coral cay islands are now resorts, including Green Island and Lady Elliot Island.",Solutions have been suggested to siphon bird waste into gutters connecting to tanks helping lower runoff that causes coral disease.,"When the plan was introduced in October 2003, it originally contained 65 actions built on previous legislation.",0.3221270740032196,0.28141915798187256,0.040707916021347046,1
TRIPLET_00585,Landmarks,Great Barrier Reef,https://en.wikipedia.org/wiki/Great_Barrier_Reef,Environmental threats > Ocean Acidification,Environmental threats > Ocean Acidification,Human use > Management > Abbot Point coal port dredge dumping controversy,Great_Barrier_Reef_SEC_006_SENT_002,Great_Barrier_Reef_SEC_006_SENT_004,Great_Barrier_Reef_SEC_019_SENT_006,Ocean acidification occurs when excess atmospheric carbon dioxide gets absorbed into the ocean.,"This reduces the amount of aragonite, a key mineral for coral to grow, in the water.","The dredge spoil from the Abbot Point port project is to be dumped 24 kilometres (15 mi) away, near Bowen in north Queensland, and the approval from the Authority will result in the production of an extra 70 million tonnes of coal annually, worth between A$1.4 billion and $2.8 billion.",0.4296892583370209,0.4613833427429199,-0.03169408440589905,0
TRIPLET_00586,Landmarks,Great Barrier Reef,https://en.wikipedia.org/wiki/Great_Barrier_Reef,Human use,Human use,Ecology,Great_Barrier_Reef_SEC_017_SENT_008,Great_Barrier_Reef_SEC_017_SENT_009,Great_Barrier_Reef_SEC_003_SENT_019,The Queensland Museum has led archaeological digs to wreck of Pandora since 1983.,"Because the reef had no atolls, it was largely unstudied in the 19th century.","The islands of the Great Barrier Reef also support 2,195 known plant species; three of these are endemic.",0.24411296844482422,0.447353720664978,-0.2032407522201538,0
TRIPLET_00587,Landmarks,Great Barrier Reef,https://en.wikipedia.org/wiki/Great_Barrier_Reef,Environmental threats > Climate change,Environmental threats > Climate change,Environmental threats > Crown of thorns,Great_Barrier_Reef_SEC_005_SENT_008,Great_Barrier_Reef_SEC_005_SENT_010,Great_Barrier_Reef_SEC_011_SENT_003,"Climate change has implications for other forms of reef life – some fish's preferred temperature range leads them to seek new habitat, thus increasing chick mortality in predatory seabirds.","Bleaching events in benthic coral communities (deeper than 20 metres or 66 feet) in the Great Barrier reef are not as well documented as those at shallower depths, but recent research has shown that benthic communities are just as negatively impacted in the face of rising ocean temperatures.","In 2000, an outbreak contributed to a loss of 66% of live coral cover on sampled reefs in a study by the Reef Research Centre (RRC).",0.6865730285644531,0.5181009769439697,0.1684720516204834,1
TRIPLET_00588,Landmarks,Great Barrier Reef,https://en.wikipedia.org/wiki/Great_Barrier_Reef,Human use,Human use,Protection and preservation: Reef 2050 plan > Conservation Policy: Reef 2050 Water Quality Improvement Plan,Great_Barrier_Reef_SEC_017_SENT_001,Great_Barrier_Reef_SEC_017_SENT_007,Great_Barrier_Reef_SEC_016_SENT_007,The Great Barrier Reef has long been known to and used by the Aboriginal Australian and Torres Strait Islander peoples.,"One of the most famous wrecks was HMS Pandora, which sank on 29 August 1791, killing 35 men.","In addition, the Reef 2050 Water Quality Improvement Plan was announced in 2018 in order to help transition local communities, agricultural organizations and industries to more sustainable practices.",0.2787480354309082,0.32547080516815186,-0.04672276973724365,0
TRIPLET_00589,Landmarks,Great Barrier Reef,https://en.wikipedia.org/wiki/Great_Barrier_Reef,Environmental threats > Pollution > Pollution from mining,Environmental threats > Pollution > Pollution from mining,Environmental threats > Crown of thorns,Great_Barrier_Reef_SEC_010_SENT_001,Great_Barrier_Reef_SEC_010_SENT_002,Great_Barrier_Reef_SEC_011_SENT_004,Mining company Queensland Nickel discharged nitrate-laden water into the Great Barrier Reef in 2009 and 2011 – on the later occasion releasing 516 tonnes (508 long tons; 569 short tons) of waste water.,"The Great Barrier Reef Marine Park Authority (GBRMPA) stated ""We have strongly encouraged the company to investigate options that do not entail releasing the material to the environment and to develop a management plan to eliminate this potential hazard; however, GBRMPA does not have legislative control over how the Yabulu tailings dam is managed"".","Outbreaks are believed to occur in natural cycles, worsened by poor water quality and overfishing of the starfish's predators.",0.4361450672149658,0.5350531339645386,-0.09890806674957275,0
TRIPLET_00590,Landmarks,Great Barrier Reef,https://en.wikipedia.org/wiki/Great_Barrier_Reef,Environmental threats > Ocean Acidification,Environmental threats > Ocean Acidification,Environmental threats > Shipping,Great_Barrier_Reef_SEC_006_SENT_004,Great_Barrier_Reef_SEC_006_SENT_006,Great_Barrier_Reef_SEC_013_SENT_003,"This reduces the amount of aragonite, a key mineral for coral to grow, in the water.",The acidic water breaks down the materials that coral and shell building creatures need to grow.,"There have been over 1,600 known shipwrecks in the Great Barrier Reef region.",0.7525222897529602,0.18369510769844055,0.5688271820545197,1
TRIPLET_00591,Landmarks,Great Barrier Reef,https://en.wikipedia.org/wiki/Great_Barrier_Reef,Human use > Dugong hunting,Human use > Dugong hunting,Protection and preservation: Reef 2050 plan > Conservation Policy: Reef 2050 Water Quality Improvement Plan,Great_Barrier_Reef_SEC_022_SENT_002,Great_Barrier_Reef_SEC_022_SENT_001,Great_Barrier_Reef_SEC_016_SENT_003,"Four traditional owners groups agreed to cease the hunting of dugongs in the area in 2011 due to their declining numbers, partially accelerated by seagrass damage from Cyclone Yasi.","Under the Native Title Act 1993, native title holders retain the right to legally hunt dugongs and green turtles for ""personal, domestic or non-commercial communal needs"".","Threats such as ocean acidification, pollution runoff and outbreaks of destructive species like the crown-of-thorns starfish have brought about the decline of this ecosystem.",0.4273190498352051,0.695776104927063,-0.2684570550918579,0
TRIPLET_00592,Landmarks,Great Barrier Reef,https://en.wikipedia.org/wiki/Great_Barrier_Reef,Environmental threats > Shipping,Environmental threats > Shipping,Human use,Great_Barrier_Reef_SEC_013_SENT_004,Great_Barrier_Reef_SEC_013_SENT_002,Great_Barrier_Reef_SEC_017_SENT_008,"On 3 April 2010, the bulk coal carrier Shen Neng 1 ran aground on Douglas Shoals, spilling up to four tonnes of oil into the water and causing extensive damage to the reef.","Although the route through the Great Barrier Reef is not easy, reef pilots consider it safer than outside the reef in the event of mechanical failure, since a ship can sit safely while being repaired.",The Queensland Museum has led archaeological digs to wreck of Pandora since 1983.,0.2623986005783081,0.5316355228424072,-0.2692369222640991,0
TRIPLET_00593,Landmarks,Great Barrier Reef,https://en.wikipedia.org/wiki/Great_Barrier_Reef,Human use > Management,Human use > Management,Environmental threats,Great_Barrier_Reef_SEC_018_SENT_052,Great_Barrier_Reef_SEC_018_SENT_034,Great_Barrier_Reef_SEC_004_SENT_005,No new research is done to produce the report.,"The Reefocus summit in 2008, which is also detailed in the report, came to similar conclusions.","In 2022, the northern and central parts of the reef had the highest amount of coral cover since monitoring began, but the cover in the southern part had decreased and bleaching events occurred more frequently.",0.17074579000473022,0.23160001635551453,-0.0608542263507843,0
TRIPLET_00594,Landmarks,Great Barrier Reef,https://en.wikipedia.org/wiki/Great_Barrier_Reef,Environmental threats > Crown of thorns,Environmental threats > Crown of thorns,Human use > Management,Great_Barrier_Reef_SEC_011_SENT_004,Great_Barrier_Reef_SEC_011_SENT_003,Great_Barrier_Reef_SEC_018_SENT_048,"Outbreaks are believed to occur in natural cycles, worsened by poor water quality and overfishing of the starfish's predators.","In 2000, an outbreak contributed to a loss of 66% of live coral cover on sampled reefs in a study by the Reef Research Centre (RRC).","In each outlook report, several assessments are required.",0.6506204009056091,0.1656481921672821,0.484972208738327,1
TRIPLET_00595,Landmarks,Great Barrier Reef,https://en.wikipedia.org/wiki/Great_Barrier_Reef,Human use > Dugong hunting,Human use > Dugong hunting,Ecology,Great_Barrier_Reef_SEC_022_SENT_001,Great_Barrier_Reef_SEC_022_SENT_002,Great_Barrier_Reef_SEC_003_SENT_012,"Under the Native Title Act 1993, native title holders retain the right to legally hunt dugongs and green turtles for ""personal, domestic or non-commercial communal needs"".","Four traditional owners groups agreed to cease the hunting of dugongs in the area in 2011 due to their declining numbers, partially accelerated by seagrass damage from Cyclone Yasi.","Nesting has not been reported, and the salt water crocodile population in the GBRWHA is wide-ranging but low density.",0.4273190498352051,0.45840173959732056,-0.03108268976211548,0
TRIPLET_00596,Landmarks,Great Barrier Reef,https://en.wikipedia.org/wiki/Great_Barrier_Reef,Environmental threats > Shark culling,Environmental threats > Shark culling,Geology and geography,Great_Barrier_Reef_SEC_014_SENT_002,Great_Barrier_Reef_SEC_014_SENT_006,Great_Barrier_Reef_SEC_002_SENT_012,"Environmentalists and scientists say that this program harms the marine ecosystem; they also say it is ""outdated, cruel and ineffective"".","Also, Queensland's ""shark control"" program has also killed many other animals (such as dolphins and turtles) – the program killed 84,000 marine animals from 1962 to 2015, including in the Great Barrier Reef.",The reef's substrate may have needed to build up from the sediment until its edge was too far away for suspended sediments to inhibit coral growth.,0.5026409029960632,0.4623644948005676,0.040276408195495605,1
TRIPLET_00597,Landmarks,Great Barrier Reef,https://en.wikipedia.org/wiki/Great_Barrier_Reef,Environmental threats > Pollution > Eutrophication,Environmental threats > Pollution > Eutrophication,Environmental threats > Overfishing,Great_Barrier_Reef_SEC_009_SENT_001,Great_Barrier_Reef_SEC_009_SENT_004,Great_Barrier_Reef_SEC_012_SENT_002,"Farming fertiliser runoff release nitrogen, phosphorus, and potassium into the oceanic ecosystem, and these limiting nutrients cause massive algal growth which eventually leads to a reduction in oxygen available for other creatures in a process called eutrophication.",Fertilizers also increase the amount of phytoplankton available for the crown-of-thorns starfish larvae to consume.,"Fishing also impacts the reef through increased water pollution from boats, by-catch of unwanted species (such as dolphins and turtles) and habitat destruction from trawling, anchors and nets.",0.6217406988143921,0.7048178911209106,-0.08307719230651855,0
TRIPLET_00598,Landmarks,Great Barrier Reef,https://en.wikipedia.org/wiki/Great_Barrier_Reef,Human use > Fishing,Human use > Fishing,Human use > Tourism,Great_Barrier_Reef_SEC_021_SENT_001,Great_Barrier_Reef_SEC_021_SENT_002,Great_Barrier_Reef_SEC_020_SENT_006,"The fishing industry in the Great Barrier Reef, controlled by the Queensland Government, is worth 1 billion Australien Dollars annually.","It employs approximately 2000 people, and fishing in the Great Barrier Reef is pursued commercially, for recreation, and as a traditional means for feeding one's family.","Several continental and coral cay islands are now resorts, including Green Island and Lady Elliot Island.",0.648177981376648,0.2797698378562927,0.3684081435203552,1
TRIPLET_00599,Landmarks,Great Barrier Reef,https://en.wikipedia.org/wiki/Great_Barrier_Reef,Environmental threats > Shark culling,Environmental threats > Shark culling,Protection and preservation: Reef 2050 plan > Conservation Policy: Reef 2050 Water Quality Improvement Plan,Great_Barrier_Reef_SEC_014_SENT_002,Great_Barrier_Reef_SEC_014_SENT_007,Great_Barrier_Reef_SEC_016_SENT_006,"Environmentalists and scientists say that this program harms the marine ecosystem; they also say it is ""outdated, cruel and ineffective"".","In 2018, Humane Society International filed a lawsuit against the government of Queensland to stop shark culling in the Great Barrier Reef.",The Australian and Queensland governments have contributed about $142.5 million to their National Environmental Science Program which is how they've collected much of their data regarding threats to the Great Barrier Reef.,0.5686725378036499,0.3864465653896332,0.18222597241401672,1
TRIPLET_00600,Landmarks,Great Barrier Reef,https://en.wikipedia.org/wiki/Great_Barrier_Reef,Human use > Management,Human use > Management,Human use > Fishing,Great_Barrier_Reef_SEC_018_SENT_051,Great_Barrier_Reef_SEC_018_SENT_046,Great_Barrier_Reef_SEC_021_SENT_002,Every outlook report follows the same judging and grading process so that information can be tracked over time.,"At the time, it was the largest Marine Protected Area in the world, although in 2006, the new Northwestern Hawaiian Islands National Monument became the largest.","It employs approximately 2000 people, and fishing in the Great Barrier Reef is pursued commercially, for recreation, and as a traditional means for feeding one's family.",0.18859371542930603,0.3271467089653015,-0.13855299353599548,0
TRIPLET_00601,Sport,Australian rules football,https://en.wikipedia.org/wiki/Australian_rules_football,History > Towards a national league,History > Towards a national league,History > Origins,Australian_rules_football_SEC_008_SENT_016,Australian_rules_football_SEC_008_SENT_003,Australian_rules_football_SEC_002_SENT_004,"State and territorial leagues still contest interstate matches, as do AFL Women players.","The way the game was played had changed dramatically due to innovative coaching tactics, with the phasing out of many of the game's kicking styles and the increasing use of handball; while presentation was influenced by television.","The earliest match, held on 15 June, was between Melbourne Grammar and St Kilda Grammar.",0.4605652093887329,0.2659432888031006,0.19462192058563232,1
TRIPLET_00602,Sport,Australian rules football,https://en.wikipedia.org/wiki/Australian_rules_football,Laws of the game > Players and equipment,Laws of the game > Players and equipment,Laws of the game > Game skills > Ball movement,Australian_rules_football_SEC_009_SENT_004,Australian_rules_football_SEC_009_SENT_007,Australian_rules_football_SEC_014_SENT_003,Players on the playing surface can be swapped with those on the interchange bench at any time.,"While there is no set uniform, the basic equipment for Australian rules football consists of a guernsey, shorts, socks and football boots (though specialised boots are more often used which have a curved toe for punting and metal studs are officially banned), with additional pieces of apparel such as headbands and gloves additionally being permitted.",Failure to dispose of the ball in one of these two methods will result in a free kick to the opposing team.,0.26422321796417236,0.31155502796173096,-0.047331809997558594,0
TRIPLET_00603,Sport,Australian rules football,https://en.wikipedia.org/wiki/Australian_rules_football,History > Early competition in Victoria,History > Early competition in Victoria,Women and Australian rules,Australian_rules_football_SEC_004_SENT_005,Australian_rules_football_SEC_004_SENT_006,Australian_rules_football_SEC_021_SENT_002,"This law was reinforced by the Athletic Sports Committee (ASC), which ran a variation of the Challenge Cup in 1865–66.","With input from other clubs, the rules underwent several minor revisions, establishing a uniform code known as ""Victorian rules"".","It was the case in the 19th century, as it is in modern times, that women made up approximately half of total attendances at Australian rules football matches—a far greater proportion than, for example, the estimated 10 per cent of women that comprise British soccer crowds.",0.5694864392280579,0.361067533493042,0.20841890573501587,1
TRIPLET_00604,Sport,Australian rules football,https://en.wikipedia.org/wiki/Australian_rules_football,History > Origins,History > Origins,Laws of the game > Game skills > Marking,Australian_rules_football_SEC_002_SENT_011,Australian_rules_football_SEC_002_SENT_016,Australian_rules_football_SEC_016_SENT_007,"Another milestone in 1858 was a 40-a-side match played under experimental rules between Melbourne Grammar and Scotch College, held at the Richmond Paddock.","Another theory, first proposed in 1983, posits that Wills, having grown up among Aboriginals in Victoria, may have seen or played the Aboriginal ball game of Marn Grook, and incorporated some of its features into early Australian rules football.","The player who was awarded the mark may then choose to either dispose of the ball over ""the mark"" or may choose to attempt disposal via a different method, in which case the field umpire will call ""play on""—a verbal instruction to continue play.",0.68223637342453,0.38973933458328247,0.29249703884124756,1
TRIPLET_00605,Sport,Australian rules football,https://en.wikipedia.org/wiki/Australian_rules_football,Laws of the game > Game skills > Tackling,Laws of the game > Game skills > Tackling,Cultural influence and popularity,Australian_rules_football_SEC_015_SENT_005,Australian_rules_football_SEC_015_SENT_004,Australian_rules_football_SEC_025_SENT_007,"If the opposition tackles the player with possession below the knees (a low tackle or a trip) or above the shoulders (a high tackle), the team with possession of the football gets a free kick.","If the player forcefully contacts the opposing in the back while performing a tackle, the opposition player will be penalised for a push in the back.",The AFL's current TV broadcasting rights deal with Seven and Foxtel is worth an Australian record $4.5 billion.,0.8011859655380249,0.2458043396472931,0.5553816258907318,1
TRIPLET_00606,Sport,Australian rules football,https://en.wikipedia.org/wiki/Australian_rules_football,Laws of the game > Officiation,Laws of the game > Officiation,History > Origins,Australian_rules_football_SEC_013_SENT_006,Australian_rules_football_SEC_013_SENT_007,Australian_rules_football_SEC_002_SENT_001,A minimum of two boundary umpires are required for a match.,"Goal umpires: Goal umpires are positioned at either end of the ground, with one stationed at either set of goal posts on the field.",Primitive forms of football were played sporadically in the Australian colonies in the first half of the 19th century.,0.5360430479049683,0.4212380051612854,0.11480504274368286,1
TRIPLET_00607,Sport,Australian rules football,https://en.wikipedia.org/wiki/Australian_rules_football,Laws of the game > Game skills > Ball movement,Laws of the game > Game skills > Ball movement,History > First rules,Australian_rules_football_SEC_014_SENT_001,Australian_rules_football_SEC_014_SENT_004,Australian_rules_football_SEC_003_SENT_003,"A football may only be propelled forward in a select few ways as defined by the Laws of Australian Football, published by the AFL.","If the ball is not currently in a player's possession, it can be moved legally through the usage of other means, such as punching.","Three days later, Wills, Hammersley, Thompson and teacher Thomas H. Smith met near the MCG at the Parade Hotel, owned by Bryant, and drafted ten rules: ""The Rules of the Melbourne Football Club"".",0.43343275785446167,0.41507792472839355,0.018354833126068115,1
TRIPLET_00608,Sport,Australian rules football,https://en.wikipedia.org/wiki/Australian_rules_football,History > Towards a national league,History > Towards a national league,Variations and related sports,Australian_rules_football_SEC_008_SENT_007,Australian_rules_football_SEC_008_SENT_006,Australian_rules_football_SEC_022_SENT_003,"In their early years, the Sydney and Brisbane clubs struggled both on and off-field because the substantial TV revenues they generated by playing on a Sunday went to the VFL.","Two more non-Victorian clubs, West Coast and Brisbane, joined the league in 1987 generating more than $8 million in license revenue for the Victorian clubs and increasing broadcast revenues which helped the Victorian clubs survive.","Players outside Australia sometimes engage in related games adapted to available fields, like metro footy (played on gridiron fields) and Samoa rules (played on rugby fields).",0.697134792804718,0.43437880277633667,0.26275599002838135,1
TRIPLET_00609,Sport,Australian rules football,https://en.wikipedia.org/wiki/Australian_rules_football,Governing bodies and competitions,Governing bodies and competitions,Variations and related sports > International rules football,Australian_rules_football_SEC_020_SENT_013,Australian_rules_football_SEC_020_SENT_006,Australian_rules_football_SEC_023_SENT_004,"Some metropolitan leagues have several tiered divisions, with promotion of the lower division premiers and relegation of the upper division's last placed team at the end of each year.",Local semi-professional or amateur organisations and competitions are often affiliated to their state organisations.,"The competition became an annual event in 1998, but was postponed indefinitely in 2007 when the GAA pulled out due to Australia's severe and aggressive style of play.",0.5214853882789612,0.5969107151031494,-0.07542532682418823,0
TRIPLET_00610,Sport,Australian rules football,https://en.wikipedia.org/wiki/Australian_rules_football,Laws of the game > Game skills > Ball movement,Laws of the game > Game skills > Ball movement,History > First rules,Australian_rules_football_SEC_014_SENT_003,Australian_rules_football_SEC_014_SENT_001,Australian_rules_football_SEC_003_SENT_004,Failure to dispose of the ball in one of these two methods will result in a free kick to the opposing team.,"A football may only be propelled forward in a select few ways as defined by the Laws of Australian Football, published by the AFL.",These are the laws from which Australian rules football evolved.,0.4457162618637085,0.404293417930603,0.04142284393310547,1
TRIPLET_00611,Sport,Australian rules football,https://en.wikipedia.org/wiki/Australian_rules_football,History > Origins,History > Origins,Australian Football Hall of Fame,Australian_rules_football_SEC_002_SENT_007,Australian_rules_football_SEC_002_SENT_006,Australian_rules_football_SEC_027_SENT_005,"Two weeks later, Wills' friend, cricketer Jerry Bryant, posted an advertisement for a scratch match at the Richmond Paddock adjoining the Melbourne Cricket Ground (MCG).","Born in Australia, Wills played a nascent form of rugby football while a pupil at Rugby School in England, and returned to his homeland a star athlete and cricketer.","Due to restrictions limiting the number of Legend status players to 10% of the total number of Hall of Fame inductees, there are currently only 32 players with the status in the Hall of Fame as of 2024.",0.7080218195915222,0.4083558917045593,0.2996659278869629,1
TRIPLET_00612,Sport,Australian rules football,https://en.wikipedia.org/wiki/Australian_rules_football,Governing bodies and competitions,Governing bodies and competitions,History > Origins,Australian_rules_football_SEC_020_SENT_007,Australian_rules_football_SEC_020_SENT_012,Australian_rules_football_SEC_002_SENT_010,"In 2003, the AFL became the de facto world governing body for Australian rules football when it pushed for the closure of the International Australian Football Council.","The team which finishes first on the ladder after the home-and-away season is referred to as the ""minor premier"", but this usually holds little stand-alone significance, other than receiving a better draw in the finals.","Without an agreed-upon code of laws, some players were guided by rules they had learned in the British Isles, ""others by no rules at all"".",0.355987012386322,0.3455946445465088,0.010392367839813232,1
TRIPLET_00613,Sport,Australian rules football,https://en.wikipedia.org/wiki/Australian_rules_football,History > Spread to other colonies,History > Spread to other colonies,Laws of the game > Game skills > Rucking,Australian_rules_football_SEC_005_SENT_008,Australian_rules_football_SEC_005_SENT_003,Australian_rules_football_SEC_017_SENT_005,"New rules such as holding the ball led to a ""golden era"" of fast, long-kicking and high-marking football in the 1880s, a time which also saw players such as George Coulthard achieve superstardom, as well as the rise of professionalism, particularly in Victoria and Western Australia, where the code took hold during a series of gold rushes.","Similarly, Tasmanian clubs quarrelled over different rules until they adopted a slightly modified version of the Victorian game in 1879.",Lifting teammates is not allowed so the ruck may only jump to reach the ball.,0.4681358337402344,0.2569469213485718,0.2111889123916626,1
TRIPLET_00614,Sport,Australian rules football,https://en.wikipedia.org/wiki/Australian_rules_football,Laws of the game > Match duration,Laws of the game > Match duration,Laws of the game > Game skills > Marking,Australian_rules_football_SEC_012_SENT_009,Australian_rules_football_SEC_012_SENT_007,Australian_rules_football_SEC_016_SENT_009,"A longer 20-minute break is observed between the second and third quarter, commonly known as half-time.","Between each quarter, a break is observed to allow players a rest period.","Once the player has disposed of the ball, or ""play on"" is called, normal play resumes.",0.5897521376609802,0.2380482703447342,0.35170386731624603,1
TRIPLET_00615,Sport,Australian rules football,https://en.wikipedia.org/wiki/Australian_rules_football,Laws of the game > Game skills > Tackling,Laws of the game > Game skills > Tackling,Variations and related sports > International rules football,Australian_rules_football_SEC_015_SENT_004,Australian_rules_football_SEC_015_SENT_001,Australian_rules_football_SEC_023_SENT_004,"If the player forcefully contacts the opposing in the back while performing a tackle, the opposition player will be penalised for a push in the back.",Tackling is a technique employed by players used to force opposition players to dispose of the ball when they are in possession.,"The competition became an annual event in 1998, but was postponed indefinitely in 2007 when the GAA pulled out due to Australia's severe and aggressive style of play.",0.7958285808563232,0.48144951462745667,0.3143790662288666,1
TRIPLET_00616,Sport,Australian rules football,https://en.wikipedia.org/wiki/Australian_rules_football,Cultural influence and popularity > In the arts and popular culture,Cultural influence and popularity > In the arts and popular culture,History > Emergence of the VFL,Australian_rules_football_SEC_026_SENT_008,Australian_rules_football_SEC_026_SENT_003,Australian_rules_football_SEC_006_SENT_003,"Australian rules football statues can be found throughout the country, some based on famous photographs, among them Haydn Bunton Sr.'s leap, Jack Dyer's charge and Nicky Winmar lifting his jumper.","Slang within Australian rules football has impacted Australian English more broadly, with a number of expressions taking on new meanings in non-sporting contexts, e.g., to ""get a guernsey"" is to gain recognition or approval, while ""shirt-fronting"" someone is to accost them.","The VFL's popularity grew rapidly as it made several innovations, such as instituting a finals system, reducing teams from 20 to 18 players, and introducing the behind as a score.",0.6909525394439697,0.590973973274231,0.09997856616973877,1
TRIPLET_00617,Sport,Australian rules football,https://en.wikipedia.org/wiki/Australian_rules_football,Laws of the game > Game skills > Marking,Laws of the game > Game skills > Marking,Cultural influence and popularity,Australian_rules_football_SEC_016_SENT_008,Australian_rules_football_SEC_016_SENT_002,Australian_rules_football_SEC_025_SENT_003,"""Play on"" may also be called if the umpire deems the player awarded the mark to be taking an unreasonable amount of time to dispose of the football.","To be awarded a mark, it must be deemed that the player sufficiently controlled the ball and took possession prior to it being touched, touching the ground, or in the case of a contest, being spoiled by an opponent.","Also that year, data indicated 1,319,687 people, or 1 in 20 Australians, are members of an AFL club.",0.7285991311073303,0.20601814985275269,0.5225809812545776,1
TRIPLET_00618,Sport,Australian rules football,https://en.wikipedia.org/wiki/Australian_rules_football,Cultural influence and popularity > In the arts and popular culture,Cultural influence and popularity > In the arts and popular culture,History > First rules,Australian_rules_football_SEC_026_SENT_006,Australian_rules_football_SEC_026_SENT_010,Australian_rules_football_SEC_003_SENT_008,Vincent Namatjira won the 2020 Archibald Prize for his portrait of Adam Goodes.,"Dance sequences based on Australian rules football feature heavily in Robert Helpmann's 1964 ballet The Display, his first and most famous work for The Australian Ballet.",The rules were distributed throughout the colony; Thompson in particular did much to promote the new code in his capacity as a journalist.,0.4904898703098297,0.30771100521087646,0.18277886509895325,1
TRIPLET_00619,Sport,Australian rules football,https://en.wikipedia.org/wiki/Australian_rules_football,Laws of the game > Game skills > Rucking,Laws of the game > Game skills > Rucking,History > Emergence of the VFL,Australian_rules_football_SEC_017_SENT_001,Australian_rules_football_SEC_017_SENT_003,Australian_rules_football_SEC_006_SENT_002,"Rucking is the only specialist skill and is performed by a ruck, the term for designated players from each side to which the umpire sends the ball to commence play.",They are the only player allowed within the 10 metre circle at a centre bounce.,"Later joined by Collingwood and St Kilda, the clubs formed the Victorian Football League (VFL), which held its inaugural season in 1897.",0.6481889486312866,0.29347026348114014,0.3547186851501465,1
TRIPLET_00620,Sport,Australian rules football,https://en.wikipedia.org/wiki/Australian_rules_football,Laws of the game > Game skills > Rucking,Laws of the game > Game skills > Rucking,Laws of the game > Match duration,Australian_rules_football_SEC_017_SENT_001,Australian_rules_football_SEC_017_SENT_007,Australian_rules_football_SEC_012_SENT_009,"Rucking is the only specialist skill and is performed by a ruck, the term for designated players from each side to which the umpire sends the ball to commence play.",An effective hit-out that passes the ball to a teammate is known as a hit-out to advantage.,"A longer 20-minute break is observed between the second and third quarter, commonly known as half-time.",0.5316309332847595,0.21277961134910583,0.3188513219356537,1
TRIPLET_00621,Sport,Australian rules football,https://en.wikipedia.org/wiki/Australian_rules_football,Name,Name,History > Emergence of the VFL,Australian_rules_football_SEC_001_SENT_001,Australian_rules_football_SEC_001_SENT_002,Australian_rules_football_SEC_006_SENT_004,"Australian rules football is commonly referred to by several nicknames, including Aussie rules and footy.","In some regions, where other codes of football are more popular, the sport is most often called ""AFL"", after the Australian Football League, while the league itself also uses this name for local competitions in some areas.","Richmond and University joined the VFL in 1908, and by 1925, with the addition of Hawthorn, Footscray and North Melbourne, it had become the preeminent league in the country and would take a leading role in many aspects of the sport.",0.7780500054359436,0.4941280484199524,0.2839219570159912,1
TRIPLET_00622,Sport,Australian rules football,https://en.wikipedia.org/wiki/Australian_rules_football,Women and Australian rules,Women and Australian rules,Variations and related sports > International rules football,Australian_rules_football_SEC_021_SENT_004,Australian_rules_football_SEC_021_SENT_002,Australian_rules_football_SEC_023_SENT_004,"In terms of participation, there are occasional 19th-century references to women playing the sport, but it was not until the 1910s that the first organised women's teams and competitions appeared.","It was the case in the 19th century, as it is in modern times, that women made up approximately half of total attendances at Australian rules football matches—a far greater proportion than, for example, the estimated 10 per cent of women that comprise British soccer crowds.","The competition became an annual event in 1998, but was postponed indefinitely in 2007 when the GAA pulled out due to Australia's severe and aggressive style of play.",0.6073794364929199,0.4297869801521301,0.1775924563407898,1
TRIPLET_00623,Sport,Australian rules football,https://en.wikipedia.org/wiki/Australian_rules_football,History > Origins,History > Origins,Laws of the game > Ball,Australian_rules_football_SEC_002_SENT_006,Australian_rules_football_SEC_002_SENT_005,Australian_rules_football_SEC_010_SENT_002,"Born in Australia, Wills played a nascent form of rugby football while a pupil at Rugby School in England, and returned to his homeland a star athlete and cricketer.","On 10 July 1858, the Melbourne-based Bell's Life in Victoria and Sporting Chronicle published a letter by Tom Wills, captain of the Victoria cricket team, calling for the formation of a ""foot-ball club"" with a ""code of laws"" to keep cricketers fit during winter.","For women's competitions, a smaller ball size of 69 and 53 cm (27 and 21 in) is used.",0.6335620880126953,0.1919633150100708,0.4415987730026245,1
TRIPLET_00624,Sport,Australian rules football,https://en.wikipedia.org/wiki/Australian_rules_football,Name,Name,Laws of the game > Game skills > Rucking,Australian_rules_football_SEC_001_SENT_002,Australian_rules_football_SEC_001_SENT_001,Australian_rules_football_SEC_017_SENT_005,"In some regions, where other codes of football are more popular, the sport is most often called ""AFL"", after the Australian Football League, while the league itself also uses this name for local competitions in some areas.","Australian rules football is commonly referred to by several nicknames, including Aussie rules and footy.",Lifting teammates is not allowed so the ruck may only jump to reach the ball.,0.7780500054359436,0.40525901317596436,0.37279099225997925,1
TRIPLET_00625,Sport,Australian rules football,https://en.wikipedia.org/wiki/Australian_rules_football,History > First rules,History > First rules,Laws of the game > Ball,Australian_rules_football_SEC_003_SENT_005,Australian_rules_football_SEC_003_SENT_003,Australian_rules_football_SEC_010_SENT_002,"The club aimed to create a simple code suited to the hard playing surfaces around Melbourne, and to eliminate the roughest aspects of English school games—such as ""hacking"" (shin-kicking) in Rugby School football—to reduce the risk of injuries to working men.","Three days later, Wills, Hammersley, Thompson and teacher Thomas H. Smith met near the MCG at the Parade Hotel, owned by Bryant, and drafted ten rules: ""The Rules of the Melbourne Football Club"".","For women's competitions, a smaller ball size of 69 and 53 cm (27 and 21 in) is used.",0.45920294523239136,0.2924213409423828,0.16678160429000854,1
TRIPLET_00626,Sport,Australian rules football,https://en.wikipedia.org/wiki/Australian_rules_football,Laws of the game > Game skills > Rucking,Laws of the game > Game skills > Rucking,History > Early competition in Victoria,Australian_rules_football_SEC_017_SENT_005,Australian_rules_football_SEC_017_SENT_004,Australian_rules_football_SEC_004_SENT_013,Lifting teammates is not allowed so the ruck may only jump to reach the ball.,Functionally the role is analogous to a basketball centre and as such rucks are typically the tallest player on the team.,"Football gradually adapted to an oval-shaped field, and most grounds in Victoria expanded to accommodate the dual purpose—a situation that continues to this day.",0.23752456903457642,0.25496533513069153,-0.017440766096115112,0
TRIPLET_00627,Sport,Australian rules football,https://en.wikipedia.org/wiki/Australian_rules_football,Laws of the game > Game skills > Tackling,Laws of the game > Game skills > Tackling,Laws of the game > Players and equipment,Australian_rules_football_SEC_015_SENT_008,Australian_rules_football_SEC_015_SENT_001,Australian_rules_football_SEC_009_SENT_003,"Shepherding involves the use of a player's body to push, bump or otherwise block an opposition player, providing they do not have possession of the ball.",Tackling is a technique employed by players used to force opposition players to dispose of the ball when they are in possession.,"In addition, some leagues, notably including the AFL, have each team designate one additional player as a substitute who can be used to make a single permanent exchange of players during a game for either medical or tactical reasons.",0.8339672088623047,0.41685205698013306,0.41711515188217163,1
TRIPLET_00628,Sport,Australian rules football,https://en.wikipedia.org/wiki/Australian_rules_football,Laws of the game > Field,Laws of the game > Field,History > Origins,Australian_rules_football_SEC_011_SENT_007,Australian_rules_football_SEC_011_SENT_009,Australian_rules_football_SEC_002_SENT_013,"A 50 by 50 metres (55 yd × 55 yd) square located in the centre of the playing surface, known as the centre square.","The 50m arcs, centre square, centre circle and goal square are used at the beginning of each quarter or after each goal.","It is commemorated with a statue outside the MCG, and the two schools have since competed annually in the Cordner–Eggleston Cup, the world's oldest continuous football competition.",0.6555870771408081,0.2421264946460724,0.4134605824947357,1
TRIPLET_00629,Sport,Australian rules football,https://en.wikipedia.org/wiki/Australian_rules_football,History > Emergence of the VFL,History > Emergence of the VFL,Laws of the game > Officiation,Australian_rules_football_SEC_006_SENT_004,Australian_rules_football_SEC_006_SENT_001,Australian_rules_football_SEC_013_SENT_011,"Richmond and University joined the VFL in 1908, and by 1925, with the addition of Hawthorn, Footscray and North Melbourne, it had become the preeminent league in the country and would take a leading role in many aspects of the sport.","In 1896, delegates from six of the wealthiest VFA clubs—Carlton, Essendon, Fitzroy, Geelong, Melbourne and South Melbourne—met to discuss the formation of a breakaway professional competition.","Only umpires are permitted to request a review, and only scoring shots and potential scoring shots are permitted to be reviewed.",0.7463712096214294,0.11155477166175842,0.634816437959671,1
TRIPLET_00630,Sport,Australian rules football,https://en.wikipedia.org/wiki/Australian_rules_football,History > Interstate football and the World Wars,History > Interstate football and the World Wars,Variations and related sports > International rules football,Australian_rules_football_SEC_007_SENT_021,Australian_rules_football_SEC_007_SENT_019,Australian_rules_football_SEC_023_SENT_005,"Between 1976 and 1987, the ANFC, and later the Australian Football Championships (AFC) ran a night series, which invited clubs and representative sides from around the country to participate in a knock-out tournament parallel to the premiership seasons, which Victorian sides still dominated.","Although clubs from other states were at times invited, the final was almost always between the premiers from the two strongest state competitions of the time—South Australia and Victoria—with Adelaide hosting most of the matches at the request of the SAFA/SANFL.",It resumed in Australia in 2008 under new rules to protect the player with the ball.,0.743482768535614,0.56607586145401,0.177406907081604,1
TRIPLET_00631,Sport,Australian rules football,https://en.wikipedia.org/wiki/Australian_rules_football,Laws of the game > Game skills > Ball movement,Laws of the game > Game skills > Ball movement,Women and Australian rules,Australian_rules_football_SEC_014_SENT_002,Australian_rules_football_SEC_014_SENT_004,Australian_rules_football_SEC_021_SENT_001,The ball can be propelled in any direction by way of a kick or a clenched fist (called the handball or handpass)—deemed a correct disposal.,"If the ball is not currently in a player's possession, it can be moved legally through the usage of other means, such as punching.",The high level of interest shown by women in Australian rules football is considered unique among the world's football codes.,0.6136376857757568,0.4194694757461548,0.19416821002960205,1
TRIPLET_00632,Sport,Australian rules football,https://en.wikipedia.org/wiki/Australian_rules_football,Variations and related sports > International rules football,Variations and related sports > International rules football,Laws of the game > Officiation,Australian_rules_football_SEC_023_SENT_005,Australian_rules_football_SEC_023_SENT_002,Australian_rules_football_SEC_013_SENT_001,It resumed in Australia in 2008 under new rules to protect the player with the ball.,The first international rules matches were contested in Ireland during the 1967 Australian Football World Tour.,"Each game is officiated by at least five match officials, known as an umpire.",0.5625172853469849,0.27872171998023987,0.283795565366745,1
TRIPLET_00633,Sport,Australian rules football,https://en.wikipedia.org/wiki/Australian_rules_football,History > Early competition in Victoria,History > Early competition in Victoria,History > Interstate football and the World Wars,Australian_rules_football_SEC_004_SENT_003,Australian_rules_football_SEC_004_SENT_010,Australian_rules_football_SEC_007_SENT_022,A South Yarra club devised its own rules.,"The shape of the playing field was not standardised; matches often took place in rough, tree-spotted public parks, most notably the Richmond Paddock (Yarra Park), known colloquially as the Melbourne Football Ground.","With the lack of international competition, state representative matches were regarded with great importance.",0.4194381535053253,0.3465818762779236,0.07285627722740173,1
TRIPLET_00634,Sport,Australian rules football,https://en.wikipedia.org/wiki/Australian_rules_football,Laws of the game > Match duration,Laws of the game > Match duration,History > Interstate football and the World Wars,Australian_rules_football_SEC_012_SENT_007,Australian_rules_football_SEC_012_SENT_004,Australian_rules_football_SEC_007_SENT_011,"Between each quarter, a break is observed to allow players a rest period.","The timekeepers record all relevant statistics for the match, such as total quarter duration and score by each team.",Some clubs and competitions never fully recovered.,0.4275854527950287,0.43693578243255615,-0.009350329637527466,0
TRIPLET_00635,Sport,Australian rules football,https://en.wikipedia.org/wiki/Australian_rules_football,History > First rules,History > First rules,Laws of the game > Game skills > Marking,Australian_rules_football_SEC_003_SENT_004,Australian_rules_football_SEC_003_SENT_003,Australian_rules_football_SEC_016_SENT_006,These are the laws from which Australian rules football evolved.,"Three days later, Wills, Hammersley, Thompson and teacher Thomas H. Smith met near the MCG at the Parade Hotel, owned by Bryant, and drafted ten rules: ""The Rules of the Melbourne Football Club"".",Any other movements result in a distance penalty (50 metres in the AFL).,0.41776084899902344,0.4198218584060669,-0.002061009407043457,0
TRIPLET_00636,Sport,Australian rules football,https://en.wikipedia.org/wiki/Australian_rules_football,Laws of the game > Misconduct,Laws of the game > Misconduct,Laws of the game > Field,Australian_rules_football_SEC_018_SENT_001,Australian_rules_football_SEC_018_SENT_006,Australian_rules_football_SEC_011_SENT_002,"In the event a player breaks a rule, a free kick is awarded to the opposing team, from the location that the misconduct occurred, or the ball's current location—whichever is closer to the team's scoring zone.","The laws of the game allow umpires to send off players for egregious foul play, although this law does not apply to the AFL and is largely only used at the local level.","At either end of the field, two sets of posts are erected in a straight line to indicate the scoring areas on the field, each with two kinds of posts, named the goal posts and the behind posts respectively.",0.5079813599586487,0.5299152135848999,-0.02193385362625122,0
TRIPLET_00637,Sport,Australian rules football,https://en.wikipedia.org/wiki/Australian_rules_football,Laws of the game > Game skills > Ball movement,Laws of the game > Game skills > Ball movement,History > Origins,Australian_rules_football_SEC_014_SENT_005,Australian_rules_football_SEC_014_SENT_002,Australian_rules_football_SEC_002_SENT_001,"While in possession of the ball, players may run with the ball, but are required to either bounce or touch the ball on the ground at least once every 15 metres (16 yd).",The ball can be propelled in any direction by way of a kick or a clenched fist (called the handball or handpass)—deemed a correct disposal.,Primitive forms of football were played sporadically in the Australian colonies in the first half of the 19th century.,0.6218783855438232,0.35589075088500977,0.2659876346588135,1
TRIPLET_00638,Sport,Australian rules football,https://en.wikipedia.org/wiki/Australian_rules_football,Governing bodies and competitions,Governing bodies and competitions,Laws of the game > Misconduct,Australian_rules_football_SEC_020_SENT_010,Australian_rules_football_SEC_020_SENT_001,Australian_rules_football_SEC_018_SENT_003,"The teams that occupy the highest positions on the ladder after the home-and-away season play-off in a ""semi-knockout"" finals series, culminating in a single Grand Final match to determine the premiers.","The football season proper is from March to August (early autumn to late winter in Australia), with finals being held in September and October.","In the event a player engages in unsportsmanlike conduct after a free kick has been awarded or a mark has been paid to the opposing team, the umpire may instead award a 50-metre penalty.",0.5630393624305725,0.48941898345947266,0.07362037897109985,1
TRIPLET_00639,Sport,Australian rules football,https://en.wikipedia.org/wiki/Australian_rules_football,History > Emergence of the VFL,History > Emergence of the VFL,History > Early competition in Victoria,Australian_rules_football_SEC_006_SENT_001,Australian_rules_football_SEC_006_SENT_003,Australian_rules_football_SEC_004_SENT_012,"In 1896, delegates from six of the wealthiest VFA clubs—Carlton, Essendon, Fitzroy, Geelong, Melbourne and South Melbourne—met to discuss the formation of a breakaway professional competition.","The VFL's popularity grew rapidly as it made several innovations, such as instituting a finals system, reducing teams from 20 to 18 players, and introducing the behind as a score.","However, cricket authorities frequently prohibited football on their grounds until the 1870s, when they saw an opportunity to capitalise on the sport's growing popularity.",0.668603777885437,0.4957653284072876,0.17283844947814941,1
TRIPLET_00640,Sport,Australian rules football,https://en.wikipedia.org/wiki/Australian_rules_football,Laws of the game > Officiation,Laws of the game > Officiation,Laws of the game > Game skills > Ball movement,Australian_rules_football_SEC_013_SENT_004,Australian_rules_football_SEC_013_SENT_005,Australian_rules_football_SEC_014_SENT_004,Boundary umpires: Boundary umpires are positioned along the two boundary lines upon either side of the field.,"Their primary duties include determining when the football is deemed to be outside of the field of play, and to throw the football back into play when directed.","If the ball is not currently in a player's possession, it can be moved legally through the usage of other means, such as punching.",0.5175553560256958,0.29496902227401733,0.22258633375167847,1
TRIPLET_00641,Sport,Australian rules football,https://en.wikipedia.org/wiki/Australian_rules_football,History > Interstate football and the World Wars,History > Interstate football and the World Wars,Laws of the game > Ball,Australian_rules_football_SEC_007_SENT_015,Australian_rules_football_SEC_007_SENT_025,Australian_rules_football_SEC_010_SENT_005,The West Australian Football League (WAFL) lost two clubs and the SANFL was suspended for one year in 1916 due to heavy club losses.,This instantly broke Victoria's stranglehold over state titles and Western Australia and South Australia began to win more of their games against Victoria.,"While there is no standard colour of the ball, red and yellow are most common and the only colours used at AFL level.",0.4904559552669525,0.3853640556335449,0.10509189963340759,1
TRIPLET_00642,Sport,Australian rules football,https://en.wikipedia.org/wiki/Australian_rules_football,History > Interstate football and the World Wars,History > Interstate football and the World Wars,Laws of the game > Players and equipment,Australian_rules_football_SEC_007_SENT_005,Australian_rules_football_SEC_007_SENT_018,Australian_rules_football_SEC_009_SENT_009,"In the new national capital Canberra both soccer and rugby had a head start, but following the first matches in 1911, Australian rules football in the Australian Capital Territory became a major participation sport.","In 1968, the ANFC revived the Championship of Australia, a competition first held in 1888 between the premiers of the VFA and SAFA.",Mouthguards are strongly recommended for all players.,0.6929205656051636,0.2003510743379593,0.4925694912672043,1
TRIPLET_00643,Sport,Australian rules football,https://en.wikipedia.org/wiki/Australian_rules_football,Laws of the game > Officiation,Laws of the game > Officiation,Cultural influence and popularity > In the arts and popular culture,Australian_rules_football_SEC_013_SENT_005,Australian_rules_football_SEC_013_SENT_001,Australian_rules_football_SEC_026_SENT_013,"Their primary duties include determining when the football is deemed to be outside of the field of play, and to throw the football back into play when directed.","Each game is officiated by at least five match officials, known as an umpire.","Others, such as Tame Impala's Kevin Parker, have written songs for their favourite AFL club.",0.19133150577545166,0.3953680098056793,-0.20403650403022766,0
TRIPLET_00644,Sport,Australian rules football,https://en.wikipedia.org/wiki/Australian_rules_football,History > Emergence of the VFL,History > Emergence of the VFL,History > Interstate football and the World Wars,Australian_rules_football_SEC_006_SENT_002,Australian_rules_football_SEC_006_SENT_001,Australian_rules_football_SEC_007_SENT_008,"Later joined by Collingwood and St Kilda, the clubs formed the Victorian Football League (VFL), which held its inaugural season in 1897.","In 1896, delegates from six of the wealthiest VFA clubs—Carlton, Essendon, Fitzroy, Geelong, Melbourne and South Melbourne—met to discuss the formation of a breakaway professional competition.",The game went on to become the most popular sport in the Territory and build the highest participation rate for the sport nationally.,0.7064028382301331,0.3385413587093353,0.36786147952079773,1
TRIPLET_00645,Sport,Australian rules football,https://en.wikipedia.org/wiki/Australian_rules_football,History > Towards a national league,History > Towards a national league,Laws of the game > Players and equipment,Australian_rules_football_SEC_008_SENT_013,Australian_rules_football_SEC_008_SENT_005,Australian_rules_football_SEC_009_SENT_003,"The VFA merged with the former VFL reserves competition in 1998, adopting the VFL name.","In the late 1980s, due to the poor financial standing of many of the Victorian clubs, and a similar situation existing in Western Australia in the sport, the VFL pursued a more national competition.","In addition, some leagues, notably including the AFL, have each team designate one additional player as a substitute who can be used to make a single permanent exchange of players during a game for either medical or tactical reasons.",0.4784439504146576,0.4334711730480194,0.044972777366638184,1
TRIPLET_00646,Sport,Australian rules football,https://en.wikipedia.org/wiki/Australian_rules_football,History > Towards a national league,History > Towards a national league,Australian Football Hall of Fame,Australian_rules_football_SEC_008_SENT_012,Australian_rules_football_SEC_008_SENT_004,Australian_rules_football_SEC_027_SENT_001,"Following the emergence of the AFL, state leagues were quickly relegated to a second-tier status.","In 1982, in a move that heralded big changes within the sport, one of the original VFL clubs, South Melbourne, relocated to Sydney and became known as the Sydney Swans.","For the centenary of the VFL/AFL in 1996, the Australian Football Hall of Fame was established.",0.5241639614105225,0.44857579469680786,0.0755881667137146,1
TRIPLET_00647,Sport,Australian rules football,https://en.wikipedia.org/wiki/Australian_rules_football,History > Origins,History > Origins,Laws of the game > Game skills > Ball movement,Australian_rules_football_SEC_002_SENT_010,Australian_rules_football_SEC_002_SENT_001,Australian_rules_football_SEC_014_SENT_005,"Without an agreed-upon code of laws, some players were guided by rules they had learned in the British Isles, ""others by no rules at all"".",Primitive forms of football were played sporadically in the Australian colonies in the first half of the 19th century.,"While in possession of the ball, players may run with the ball, but are required to either bounce or touch the ball on the ground at least once every 15 metres (16 yd).",0.41462960839271545,0.3578382432460785,0.05679136514663696,1
TRIPLET_00648,Sport,Australian rules football,https://en.wikipedia.org/wiki/Australian_rules_football,History > First rules,History > First rules,History > Interstate football and the World Wars,Australian_rules_football_SEC_003_SENT_005,Australian_rules_football_SEC_003_SENT_001,Australian_rules_football_SEC_007_SENT_010,"The club aimed to create a simple code suited to the hard playing surfaces around Melbourne, and to eliminate the roughest aspects of English school games—such as ""hacking"" (shin-kicking) in Rugby School football—to reduce the risk of injuries to working men.","A loosely organised Melbourne side, captained by Wills, played against other football enthusiasts in the winter and spring of 1858.","While scratch matches were played by Australian ""diggers"" in remote locations around the world, the game lost many of its great players to wartime service.",0.6034591197967529,0.6482231616973877,-0.044764041900634766,0
TRIPLET_00649,Sport,Australian rules football,https://en.wikipedia.org/wiki/Australian_rules_football,Governing bodies and competitions,Governing bodies and competitions,Laws of the game > Field,Australian_rules_football_SEC_020_SENT_012,Australian_rules_football_SEC_020_SENT_008,Australian_rules_football_SEC_011_SENT_011,"The team which finishes first on the ladder after the home-and-away season is referred to as the ""minor premier"", but this usually holds little stand-alone significance, other than receiving a better draw in the finals.",There are also a number of affiliated organisations governing amateur clubs and competitions around the world.,"If this is breached, a free kick is awarded.",0.2828845977783203,0.3344106376171112,-0.051526039838790894,0
TRIPLET_00650,Sport,Australian rules football,https://en.wikipedia.org/wiki/Australian_rules_football,Laws of the game > Ball,Laws of the game > Ball,History > First rules,Australian_rules_football_SEC_010_SENT_001,Australian_rules_football_SEC_010_SENT_004,Australian_rules_football_SEC_003_SENT_006,"Australian rules football is played with an ellipsoid ball, between 72 and 73 cm (28 and 29 in) in long circumference, and 54.5 and 55.5 cm (21.5 and 21.9 in) in short circumference.","There are no defined laws regarding what material a ball must be made from, but standard AFL match-used balls are produced by Sherrin using cowhide leather.","In another significant departure from English public school football, the Melbourne rules omitted any offside law.",0.46100282669067383,0.44132041931152344,0.01968240737915039,1
TRIPLET_00651,Sport,Cricket in Australia,https://en.wikipedia.org/wiki/Cricket_in_Australia,Organisation of cricket in modern Australia > Domestic cricket > Men's domestic cricket > First class competitions,Organisation of cricket in modern Australia > Domestic cricket > Men's domestic cricket > First class competitions,Organisation of cricket in modern Australia > International cricket > Men's national team,Cricket_in_Australia_SEC_011_SENT_005,Cricket_in_Australia_SEC_011_SENT_002,Cricket_in_Australia_SEC_009_SENT_016,"In 1999, the Australian Cricket Board (now Cricket Australia) announced a 4-year sponsorship deal which included renaming the Sheffield Shield to the Pura Milk Cup, then to the Pura Cup the following season.",It was established in 1892 using a bequest of £150 provided by Lord Sheffield for the improvement of Australian cricket and was originally named the Sheffield Shield in recognition.,"One Day International- The Australian team took part in the first one day international on 5 January 1971, once again also against England at the Melbourne Cricket Ground.",0.6500163078308105,0.7580022215843201,-0.10798591375350952,0
TRIPLET_00652,Sport,Cricket in Australia,https://en.wikipedia.org/wiki/Cricket_in_Australia,Organisation of cricket in modern Australia > International cricket > Women's national team,Organisation of cricket in modern Australia > International cricket > Women's national team,Organisation of cricket in modern Australia > Domestic cricket > Men's domestic cricket > First class competitions,Cricket_in_Australia_SEC_010_SENT_002,Cricket_in_Australia_SEC_010_SENT_014,Cricket_in_Australia_SEC_011_SENT_006,"The Australia national women's cricket team competes internationally and has won the Women's Cricket World Cup five times, more than any other team.","Recently, in 2022 Australia have won their seventh world cup trophy.","As of the 2008–09 season, the title has reverted to its original name.",0.5709792971611023,0.1344425082206726,0.4365367889404297,1
TRIPLET_00653,Sport,Cricket in Australia,https://en.wikipedia.org/wiki/Cricket_in_Australia,National teams,National teams,Affiliated state associations > Participation,Cricket_in_Australia_SEC_005_SENT_001,Cricket_in_Australia_SEC_005_SENT_002,Cricket_in_Australia_SEC_007_SENT_001,The Australia national cricket team is governed by the Cricket Australia (CA) and is a member of the East Asia-Pacific.,"Since 1909, the CA has been affiliated with ICC, the international governing body for world cricket.","Ausplay in 2024 reports that 541,743 adults and 156,089 children play cricket in Australia.",0.741201639175415,0.6037606000900269,0.13744103908538818,1
TRIPLET_00654,Sport,Cricket in Australia,https://en.wikipedia.org/wiki/Cricket_in_Australia,Organisation of cricket in modern Australia > Twenty20 cricket,Organisation of cricket in modern Australia > Twenty20 cricket,Administration,Cricket_in_Australia_SEC_013_SENT_004,Cricket_in_Australia_SEC_013_SENT_003,Cricket_in_Australia_SEC_004_SENT_001,BBL matches are played in Australia during the summer in the months of December and January.,"Each state's capital city features one team, with Sydney and Melbourne featuring two.",The Cricket Australia (CA) is the principal national governing body of cricket in Australia.,0.5795900821685791,0.5488811135292053,0.03070896863937378,1
TRIPLET_00655,Sport,Cricket in Australia,https://en.wikipedia.org/wiki/Cricket_in_Australia,Organisation of cricket in modern Australia > Domestic cricket > Men's domestic cricket > First class competitions,Organisation of cricket in modern Australia > Domestic cricket > Men's domestic cricket > First class competitions,Organisation of cricket in modern Australia > Twenty20 cricket > Women's domestic cricket > Twenty20 competitions,Cricket_in_Australia_SEC_011_SENT_004,Cricket_in_Australia_SEC_011_SENT_007,Cricket_in_Australia_SEC_015_SENT_001,"Queensland was admitted to the Shield competition for the 1926–27 season, Western Australia in 1947–48 and Tasmania in 1977–78.","At the end of the 2023-24 season, all participating teams have won at least one Sheffield Shield, with New South Wales the most successful state with 47 wins.","Women's Big Bash League- In 2007, the Australian Women's Twenty20 Cup was introduced, also featuring state representative teams.",0.5459962487220764,0.5917180776596069,-0.04572182893753052,0
TRIPLET_00656,Sport,Cricket in Australia,https://en.wikipedia.org/wiki/Cricket_in_Australia,Organisation of cricket in modern Australia > International cricket,Organisation of cricket in modern Australia > International cricket,Organisation of cricket in modern Australia > Domestic cricket > Men's domestic cricket > First class competitions,Cricket_in_Australia_SEC_008_SENT_001,Cricket_in_Australia_SEC_008_SENT_002,Cricket_in_Australia_SEC_011_SENT_007,The Australian national team is one of the most successful teams in international cricket.,"Along with England, Australia was recognised as one of the founder nations of the Imperial Cricket Conference, later the International Cricket Council.","At the end of the 2023-24 season, all participating teams have won at least one Sheffield Shield, with New South Wales the most successful state with 47 wins.",0.5962214469909668,0.6264383792877197,-0.03021693229675293,0
TRIPLET_00657,Sport,Cricket in Australia,https://en.wikipedia.org/wiki/Cricket_in_Australia,Organisation of cricket in modern Australia > Twenty20 cricket,Organisation of cricket in modern Australia > Twenty20 cricket,Organisation of cricket in modern Australia > Domestic cricket > Men's domestic cricket > First class competitions,Cricket_in_Australia_SEC_013_SENT_007,Cricket_in_Australia_SEC_013_SENT_006,Cricket_in_Australia_SEC_011_SENT_001,"Local club cricket is also popular, as well as social cricket which includes variations such as backyard and beach cricket.",At the end of the 2023-24 season the Perth Scorchers are the most successful franchise with 6 wins.,Sheffield Shield –The Sheffield Shield is the domestic first-class cricket competition in Australia.,0.30585557222366333,0.5084945559501648,-0.20263898372650146,0
TRIPLET_00658,Sport,Cricket in Australia,https://en.wikipedia.org/wiki/Cricket_in_Australia,National teams,National teams,Organisation of cricket in modern Australia > International cricket,Cricket_in_Australia_SEC_005_SENT_002,Cricket_in_Australia_SEC_005_SENT_001,Cricket_in_Australia_SEC_008_SENT_002,"Since 1909, the CA has been affiliated with ICC, the international governing body for world cricket.",The Australia national cricket team is governed by the Cricket Australia (CA) and is a member of the East Asia-Pacific.,"Along with England, Australia was recognised as one of the founder nations of the Imperial Cricket Conference, later the International Cricket Council.",0.741201639175415,0.8012955784797668,-0.06009393930435181,0
TRIPLET_00659,Sport,Cricket in Australia,https://en.wikipedia.org/wiki/Cricket_in_Australia,History > 1970–present,History > 1970–present,Affiliated state associations > Participation,Cricket_in_Australia_SEC_003_SENT_017,Cricket_in_Australia_SEC_003_SENT_038,Cricket_in_Australia_SEC_007_SENT_003,"It also signalled the return of the champion cricketers Greg Chappell, Dennis Lillee and Rod Marsh.",Australia's success was not without its detractors.,"The 2017–18 National Cricket Census showed 1,558,821 Australians engaged in cricket competitions or programs – an increase of 9% from the previous year.",0.4628690481185913,0.4128745496273041,0.04999449849128723,1
TRIPLET_00660,Sport,Cricket in Australia,https://en.wikipedia.org/wiki/Cricket_in_Australia,Organisation of cricket in modern Australia > Domestic cricket > Men's domestic cricket > Limited overs competitions,Organisation of cricket in modern Australia > Domestic cricket > Men's domestic cricket > Limited overs competitions,In Australian culture > Audience,Cricket_in_Australia_SEC_012_SENT_008,Cricket_in_Australia_SEC_012_SENT_001,Cricket_in_Australia_SEC_018_SENT_012,"The whole competition was held in the month of October, prior to the Sheffield Shield.",One-Day Cup –The Marsh One Day Cup is the domestic List A cricket (limited overs cricket) competition in Australia.,In 2018 it was announced that the Seven Network and Foxtel had paid a combined $1.2 billion over 6 years for broadcast rights of all cricket competitions in Australia.,0.5347135066986084,0.6831154823303223,-0.14840197563171387,0
TRIPLET_00661,Sport,Cricket in Australia,https://en.wikipedia.org/wiki/Cricket_in_Australia,Organisation of cricket in modern Australia > Twenty20 cricket,Organisation of cricket in modern Australia > Twenty20 cricket,Administration,Cricket_in_Australia_SEC_013_SENT_003,Cricket_in_Australia_SEC_013_SENT_007,Cricket_in_Australia_SEC_004_SENT_005,"Each state's capital city features one team, with Sydney and Melbourne featuring two.","Local club cricket is also popular, as well as social cricket which includes variations such as backyard and beach cricket.",The CA was established in 1905 as the Australian Board of Control for International Cricket.,0.2959800958633423,0.5423257946968079,-0.24634569883346558,0
TRIPLET_00662,Sport,Cricket in Australia,https://en.wikipedia.org/wiki/Cricket_in_Australia,Organisation of cricket in modern Australia > International cricket > Women's national team,Organisation of cricket in modern Australia > International cricket > Women's national team,In Australian culture > Audience,Cricket_in_Australia_SEC_010_SENT_006,Cricket_in_Australia_SEC_010_SENT_004,Cricket_in_Australia_SEC_018_SENT_010,The Australian women's national team is currently ranked No.,"Australia compete with England for the Women's Ashes, a cricket bat symbolically burned prior to the 1998 test series.","In 2013, Ten paid $100 million for BBL rights over five years, marking the channel's first foray into elite cricket coverage.",0.41318491101264954,0.32661134004592896,0.08657357096672058,1
TRIPLET_00663,Sport,Cricket in Australia,https://en.wikipedia.org/wiki/Cricket_in_Australia,National teams > Performance > Men's senior team,National teams > Performance > Men's senior team,National teams,Cricket_in_Australia_SEC_006_SENT_003,Cricket_in_Australia_SEC_006_SENT_001,Cricket_in_Australia_SEC_005_SENT_001,The national team's highest achievement is winning most number of Cricket World Cups.,The Australian senior national team had several successes and is considered No.,The Australia national cricket team is governed by the Cricket Australia (CA) and is a member of the East Asia-Pacific.,0.5147956609725952,0.40878650546073914,0.10600915551185608,1
TRIPLET_00664,Sport,Cricket in Australia,https://en.wikipedia.org/wiki/Cricket_in_Australia,Stadiums,Stadiums,History > 1945–1969,Cricket_in_Australia_SEC_016_SENT_001,Cricket_in_Australia_SEC_016_SENT_003,Cricket_in_Australia_SEC_002_SENT_002,"Nineteen different grounds in Australia have been used for international cricket (Tests, ODIs and Twenty20 Internationals).",The main six used are: Other grounds which have been used for Test cricket are: Grounds which have been used for One Day Internationals only are: Grounds in Australia which have been used exclusively for the Twenty20 Internationals:,"Immediately after the end of the war in Europe in 1945, an Australian Services XI played a series of Victory Tests in England.",0.7385609149932861,0.573897659778595,0.16466325521469116,1
TRIPLET_00665,Sport,Cricket in Australia,https://en.wikipedia.org/wiki/Cricket_in_Australia,Affiliated state associations > Participation,Affiliated state associations > Participation,In Australian culture > Audience,Cricket_in_Australia_SEC_007_SENT_004,Cricket_in_Australia_SEC_007_SENT_005,Cricket_in_Australia_SEC_018_SENT_004,"30% of cricket's participants were female, and 6 in every 10 new participants were female, one of the highest participation growth figures.","More than 2.3 million people attended the cricket during the 2017–18 summer, surpassing the record of 1.8 million set in 2016–17.","A further 522,000 watched Australia's innings on pay-TV channel Fox Sports 3, while 492,000 watched the first session.",0.6921764612197876,0.5854586362838745,0.10671782493591309,1
TRIPLET_00666,Sport,Cricket in Australia,https://en.wikipedia.org/wiki/Cricket_in_Australia,Organisation of cricket in modern Australia > Twenty20 cricket > Women's domestic cricket > Twenty20 competitions,Organisation of cricket in modern Australia > Twenty20 cricket > Women's domestic cricket > Twenty20 competitions,National teams,Cricket_in_Australia_SEC_015_SENT_002,Cricket_in_Australia_SEC_015_SENT_001,Cricket_in_Australia_SEC_005_SENT_001,"In 2015, it was replaced by the Women's Big Bash League, which features the same eight franchise teams as the men's competition.","Women's Big Bash League- In 2007, the Australian Women's Twenty20 Cup was introduced, also featuring state representative teams.",The Australia national cricket team is governed by the Cricket Australia (CA) and is a member of the East Asia-Pacific.,0.6435317993164062,0.38213974237442017,0.2613920569419861,1
TRIPLET_00667,Sport,Cricket in Australia,https://en.wikipedia.org/wiki/Cricket_in_Australia,Organisation of cricket in modern Australia > Domestic cricket > Men's domestic cricket > First class competitions,Organisation of cricket in modern Australia > Domestic cricket > Men's domestic cricket > First class competitions,Affiliated state associations > Participation,Cricket_in_Australia_SEC_011_SENT_005,Cricket_in_Australia_SEC_011_SENT_003,Cricket_in_Australia_SEC_007_SENT_005,"In 1999, the Australian Cricket Board (now Cricket Australia) announced a 4-year sponsorship deal which included renaming the Sheffield Shield to the Pura Milk Cup, then to the Pura Cup the following season.","When established, the competition included the colonies (later states) of New South Wales, South Australia and Victoria.","More than 2.3 million people attended the cricket during the 2017–18 summer, surpassing the record of 1.8 million set in 2016–17.",0.5136102437973022,0.6471691727638245,-0.13355892896652222,0
TRIPLET_00668,Sport,Cricket in Australia,https://en.wikipedia.org/wiki/Cricket_in_Australia,Organisation of cricket in modern Australia > International cricket > Women's national team,Organisation of cricket in modern Australia > International cricket > Women's national team,History > 1803–1939,Cricket_in_Australia_SEC_010_SENT_003,Cricket_in_Australia_SEC_010_SENT_011,Cricket_in_Australia_SEC_001_SENT_008,"As in men's cricket, Australia and England were the first two women's Test nations, playing in the inaugural women's Test in Brisbane in 1934.",One Day International - Australia played their first ODI in 1978 against Young England and competed in international tournament since the first ever the 1973 Women's Cricket World Cup.,"The team played 47 matches, winning 14, drawing 19 and losing 14.",0.7604802846908569,0.4390925168991089,0.32138776779174805,1
TRIPLET_00669,Sport,Cricket in Australia,https://en.wikipedia.org/wiki/Cricket_in_Australia,National teams > Performance > Men's senior team,National teams > Performance > Men's senior team,History > 1803–1939,Cricket_in_Australia_SEC_006_SENT_003,Cricket_in_Australia_SEC_006_SENT_002,Cricket_in_Australia_SEC_001_SENT_026,The national team's highest achievement is winning most number of Cricket World Cups.,1 team in Pacific and one of the best team in the world cricket.,"Don Bradman, born in Cootamundra and raised in Bowral was 20 when he made his Test debut in the first Test of the 1928–29 series against England.",0.7606214284896851,0.4702598452568054,0.29036158323287964,1
TRIPLET_00670,Sport,Cricket in Australia,https://en.wikipedia.org/wiki/Cricket_in_Australia,History > 1970–present,History > 1970–present,Organisation of cricket in modern Australia > Twenty20 cricket > Women's domestic cricket > Limited overs competitions,Cricket_in_Australia_SEC_003_SENT_033,Cricket_in_Australia_SEC_003_SENT_058,Cricket_in_Australia_SEC_014_SENT_002,The change in captain from Taylor to Steve Waugh made little difference in the success of the Australian team.,"Australia played 5 games, winning 3, losing 1 against New Zealand and having 1 abandoned.","Featuring seven teams—one from every state, plus the Australian Capital Territory—each season's winner is awarded the Ruth Preddy Cup.",0.5071402192115784,0.2957737445831299,0.2113664746284485,1
TRIPLET_00671,Sport,Cricket in Australia,https://en.wikipedia.org/wiki/Cricket_in_Australia,In Australian culture,In Australian culture,Organisation of cricket in modern Australia > Domestic cricket > Men's domestic cricket > Limited overs competitions,Cricket_in_Australia_SEC_017_SENT_003,Cricket_in_Australia_SEC_017_SENT_002,Cricket_in_Australia_SEC_012_SENT_005,"In 2015–16, a record 1,300,000 Australians played formal, organised cricket during the year, an increase of nine percent over the previous year, making cricket Australia's biggest participant sport.","Cricket is also a mass participation sport in Australia: a census conducted on behalf of Cricket Australia found that in the 2003–04 season there were 471,329 participants in Australian cricket programs and competitions, including 47,780 female participants.","The Canberra Comets, a team from the Australian Capital Territory were included for three seasons from 1997 to 1998 to 1999–2000.",0.7777564525604248,0.537563681602478,0.24019277095794678,1
TRIPLET_00672,Sport,Cricket in Australia,https://en.wikipedia.org/wiki/Cricket_in_Australia,Organisation of cricket in modern Australia > Domestic cricket > Men's domestic cricket > Limited overs competitions,Organisation of cricket in modern Australia > Domestic cricket > Men's domestic cricket > Limited overs competitions,History > 1803–1939,Cricket_in_Australia_SEC_012_SENT_006,Cricket_in_Australia_SEC_012_SENT_007,Cricket_in_Australia_SEC_001_SENT_032,"At the end of the 2023-24 season, Western Australia has been the most successful state with 17 wins.","In 2013, the format changed and all matches were held in Sydney at various grounds.","Following discussions with other observers such as Percy Fender and George Duckworth, he developed a tactic to limit the prodigious run scoring of Bradman and the others.",0.3806409239768982,0.17472940683364868,0.2059115171432495,1
TRIPLET_00673,Sport,Cricket in Australia,https://en.wikipedia.org/wiki/Cricket_in_Australia,Organisation of cricket in modern Australia > Twenty20 cricket > Women's domestic cricket > Twenty20 competitions,Organisation of cricket in modern Australia > Twenty20 cricket > Women's domestic cricket > Twenty20 competitions,In Australian culture,Cricket_in_Australia_SEC_015_SENT_002,Cricket_in_Australia_SEC_015_SENT_001,Cricket_in_Australia_SEC_017_SENT_006,"In 2015, it was replaced by the Women's Big Bash League, which features the same eight franchise teams as the men's competition.","Women's Big Bash League- In 2007, the Australian Women's Twenty20 Cup was introduced, also featuring state representative teams.","Reflecting this community perception, three Australian cricket captains have been named as Australian of the Year by the National Australia Day Council; Allan Border in 1989, Mark Taylor in 1999 and Steve Waugh in 2004.",0.6435317993164062,0.4079136848449707,0.23561811447143555,1
TRIPLET_00674,Sport,Cricket in Australia,https://en.wikipedia.org/wiki/Cricket_in_Australia,In Australian culture > Audience,In Australian culture > Audience,Organisation of cricket in modern Australia > Twenty20 cricket > Women's domestic cricket > Limited overs competitions,Cricket_in_Australia_SEC_018_SENT_009,Cricket_in_Australia_SEC_018_SENT_012,Cricket_in_Australia_SEC_014_SENT_001,It still remains the most watched Twenty20 match in Australia on TV.,In 2018 it was announced that the Seven Network and Foxtel had paid a combined $1.2 billion over 6 years for broadcast rights of all cricket competitions in Australia.,Women's National Cricket League- The Women's National Cricket League (WNCL) is the national domestic 50-over competition for women's cricket in Australia.,0.5789585113525391,0.5444989204406738,0.034459590911865234,1
TRIPLET_00675,Sport,Cricket in Australia,https://en.wikipedia.org/wiki/Cricket_in_Australia,National teams,National teams,Organisation of cricket in modern Australia > Twenty20 cricket > Women's domestic cricket > Limited overs competitions,Cricket_in_Australia_SEC_005_SENT_002,Cricket_in_Australia_SEC_005_SENT_001,Cricket_in_Australia_SEC_014_SENT_002,"Since 1909, the CA has been affiliated with ICC, the international governing body for world cricket.",The Australia national cricket team is governed by the Cricket Australia (CA) and is a member of the East Asia-Pacific.,"Featuring seven teams—one from every state, plus the Australian Capital Territory—each season's winner is awarded the Ruth Preddy Cup.",0.741201639175415,0.4834372103214264,0.25776442885398865,1
TRIPLET_00676,Sport,Cricket in Australia,https://en.wikipedia.org/wiki/Cricket_in_Australia,Organisation of cricket in modern Australia > Twenty20 cricket > Women's domestic cricket > Twenty20 competitions,Organisation of cricket in modern Australia > Twenty20 cricket > Women's domestic cricket > Twenty20 competitions,History > 1803–1939,Cricket_in_Australia_SEC_015_SENT_002,Cricket_in_Australia_SEC_015_SENT_001,Cricket_in_Australia_SEC_001_SENT_032,"In 2015, it was replaced by the Women's Big Bash League, which features the same eight franchise teams as the men's competition.","Women's Big Bash League- In 2007, the Australian Women's Twenty20 Cup was introduced, also featuring state representative teams.","Following discussions with other observers such as Percy Fender and George Duckworth, he developed a tactic to limit the prodigious run scoring of Bradman and the others.",0.6435317993164062,0.2810409665107727,0.36249083280563354,1
TRIPLET_00677,Sport,Cricket in Australia,https://en.wikipedia.org/wiki/Cricket_in_Australia,Organisation of cricket in modern Australia > Domestic cricket > Men's domestic cricket > First class competitions,Organisation of cricket in modern Australia > Domestic cricket > Men's domestic cricket > First class competitions,In Australian culture > Audience,Cricket_in_Australia_SEC_011_SENT_002,Cricket_in_Australia_SEC_011_SENT_003,Cricket_in_Australia_SEC_018_SENT_006,It was established in 1892 using a bequest of £150 provided by Lord Sheffield for the improvement of Australian cricket and was originally named the Sheffield Shield in recognition.,"When established, the competition included the colonies (later states) of New South Wales, South Australia and Victoria.",The first ever Day/Night test match between Australia and New Zealand attracted nearly 3.1 million viewers across the country during the first two days of the match at Adelaide Oval.,0.5210020542144775,0.5793584585189819,-0.058356404304504395,0
TRIPLET_00678,Sport,Cricket in Australia,https://en.wikipedia.org/wiki/Cricket_in_Australia,Organisation of cricket in modern Australia > Domestic cricket > Men's domestic cricket > First class competitions,Organisation of cricket in modern Australia > Domestic cricket > Men's domestic cricket > First class competitions,History > 1945–1969,Cricket_in_Australia_SEC_011_SENT_006,Cricket_in_Australia_SEC_011_SENT_003,Cricket_in_Australia_SEC_002_SENT_008,"As of the 2008–09 season, the title has reverted to its original name.","When established, the competition included the colonies (later states) of New South Wales, South Australia and Victoria.",A commitment by Benaud and his West Indian counterpart Frank Worrell to entertaining cricket revived lagging interest in the sport.,0.30849790573120117,0.26361119747161865,0.04488670825958252,1
TRIPLET_00679,Sport,Cricket in Australia,https://en.wikipedia.org/wiki/Cricket_in_Australia,Organisation of cricket in modern Australia > Twenty20 cricket > Women's domestic cricket > Twenty20 competitions,Organisation of cricket in modern Australia > Twenty20 cricket > Women's domestic cricket > Twenty20 competitions,History > 1803–1939,Cricket_in_Australia_SEC_015_SENT_002,Cricket_in_Australia_SEC_015_SENT_001,Cricket_in_Australia_SEC_001_SENT_027,"In 2015, it was replaced by the Women's Big Bash League, which features the same eight franchise teams as the men's competition.","Women's Big Bash League- In 2007, the Australian Women's Twenty20 Cup was introduced, also featuring state representative teams.","He would hold the records for the highest individual Test innings and the most centuries in Test cricket and when he retired in 1948 he had the highest Test batting average, the last a record he still holds.",0.6435317993164062,0.4003032445907593,0.24322855472564697,1
TRIPLET_00680,Sport,Cricket in Australia,https://en.wikipedia.org/wiki/Cricket_in_Australia,Stadiums,Stadiums,Organisation of cricket in modern Australia > International cricket > Women's national team,Cricket_in_Australia_SEC_016_SENT_003,Cricket_in_Australia_SEC_016_SENT_002,Cricket_in_Australia_SEC_010_SENT_010,The main six used are: Other grounds which have been used for Test cricket are: Grounds which have been used for One Day Internationals only are: Grounds in Australia which have been used exclusively for the Twenty20 Internationals:,"Five were only used once, during the 1992 World Cup, while three (all in Tasmania) only hosted games during 1980s World Series Cups.",But in recent years they are playing more test matches.,0.6157532930374146,0.4205530881881714,0.19520020484924316,1
TRIPLET_00681,Sport,Cricket in Australia,https://en.wikipedia.org/wiki/Cricket_in_Australia,Organisation of cricket in modern Australia > Domestic cricket > Men's domestic cricket > First class competitions,Organisation of cricket in modern Australia > Domestic cricket > Men's domestic cricket > First class competitions,Organisation of cricket in modern Australia > International cricket,Cricket_in_Australia_SEC_011_SENT_001,Cricket_in_Australia_SEC_011_SENT_003,Cricket_in_Australia_SEC_008_SENT_002,Sheffield Shield –The Sheffield Shield is the domestic first-class cricket competition in Australia.,"When established, the competition included the colonies (later states) of New South Wales, South Australia and Victoria.","Along with England, Australia was recognised as one of the founder nations of the Imperial Cricket Conference, later the International Cricket Council.",0.6093519926071167,0.7113671898841858,-0.10201519727706909,0
TRIPLET_00682,Sport,Cricket in Australia,https://en.wikipedia.org/wiki/Cricket_in_Australia,Stadiums,Stadiums,Organisation of cricket in modern Australia > Twenty20 cricket > Women's domestic cricket > Twenty20 competitions,Cricket_in_Australia_SEC_016_SENT_002,Cricket_in_Australia_SEC_016_SENT_001,Cricket_in_Australia_SEC_015_SENT_002,"Five were only used once, during the 1992 World Cup, while three (all in Tasmania) only hosted games during 1980s World Series Cups.","Nineteen different grounds in Australia have been used for international cricket (Tests, ODIs and Twenty20 Internationals).","In 2015, it was replaced by the Women's Big Bash League, which features the same eight franchise teams as the men's competition.",0.5396533012390137,0.5244132280349731,0.015240073204040527,1
TRIPLET_00683,Sport,Cricket in Australia,https://en.wikipedia.org/wiki/Cricket_in_Australia,Organisation of cricket in modern Australia > Domestic cricket > Men's domestic cricket > Limited overs competitions,Organisation of cricket in modern Australia > Domestic cricket > Men's domestic cricket > Limited overs competitions,History > 1970–present,Cricket_in_Australia_SEC_012_SENT_006,Cricket_in_Australia_SEC_012_SENT_009,Cricket_in_Australia_SEC_003_SENT_008,"At the end of the 2023-24 season, Western Australia has been the most successful state with 17 wins.",However it has since moved back to being played from October to March and is now broadcast exclusively on the Pay TV network Foxtel and its streaming platform Kayo Sports.,"Greg Chappell, Ian's younger brother, succeeded him as captain in 1975–76 and led the Australian team in the Centenary Test in Melbourne in March 1977.",0.534752607345581,0.6592499017715454,-0.12449729442596436,0
TRIPLET_00684,Sport,Cricket in Australia,https://en.wikipedia.org/wiki/Cricket_in_Australia,Organisation of cricket in modern Australia > Twenty20 cricket > Women's domestic cricket > Limited overs competitions,Organisation of cricket in modern Australia > Twenty20 cricket > Women's domestic cricket > Limited overs competitions,Affiliated state associations > Participation,Cricket_in_Australia_SEC_014_SENT_003,Cricket_in_Australia_SEC_014_SENT_002,Cricket_in_Australia_SEC_007_SENT_003,"New South Wales have historically dominated the competition, appearing in the first 24 title deciders and winning 20 championships.","Featuring seven teams—one from every state, plus the Australian Capital Territory—each season's winner is awarded the Ruth Preddy Cup.","The 2017–18 National Cricket Census showed 1,558,821 Australians engaged in cricket competitions or programs – an increase of 9% from the previous year.",0.6487419605255127,0.5801713466644287,0.06857061386108398,1
TRIPLET_00685,Sport,Cricket in Australia,https://en.wikipedia.org/wiki/Cricket_in_Australia,Affiliated state associations > Participation,Affiliated state associations > Participation,Organisation of cricket in modern Australia > Domestic cricket > Men's domestic cricket > Limited overs competitions,Cricket_in_Australia_SEC_007_SENT_003,Cricket_in_Australia_SEC_007_SENT_004,Cricket_in_Australia_SEC_012_SENT_009,"The 2017–18 National Cricket Census showed 1,558,821 Australians engaged in cricket competitions or programs – an increase of 9% from the previous year.","30% of cricket's participants were female, and 6 in every 10 new participants were female, one of the highest participation growth figures.",However it has since moved back to being played from October to March and is now broadcast exclusively on the Pay TV network Foxtel and its streaming platform Kayo Sports.,0.6895511150360107,0.6242614984512329,0.06528961658477783,1
TRIPLET_00686,Sport,Cricket in Australia,https://en.wikipedia.org/wiki/Cricket_in_Australia,National teams > Performance > Men's senior team,National teams > Performance > Men's senior team,Organisation of cricket in modern Australia > Twenty20 cricket,Cricket_in_Australia_SEC_006_SENT_002,Cricket_in_Australia_SEC_006_SENT_003,Cricket_in_Australia_SEC_013_SENT_004,1 team in Pacific and one of the best team in the world cricket.,The national team's highest achievement is winning most number of Cricket World Cups.,BBL matches are played in Australia during the summer in the months of December and January.,0.7606214284896851,0.37807613611221313,0.3825452923774719,1
TRIPLET_00687,Sport,Cricket in Australia,https://en.wikipedia.org/wiki/Cricket_in_Australia,Organisation of cricket in modern Australia > International cricket > Men's national team,Organisation of cricket in modern Australia > International cricket > Men's national team,Stadiums,Cricket_in_Australia_SEC_009_SENT_028,Cricket_in_Australia_SEC_009_SENT_018,Cricket_in_Australia_SEC_016_SENT_002,"The final match of the tournament took place at the Melbourne Cricket Ground between co-hosts New Zealand and Australia in front of a record crowd of 93,013.","The first incarnation of this tournament was called the World Series Cup and included night cricket, coloured uniforms and a white ball.","Five were only used once, during the 1992 World Cup, while three (all in Tasmania) only hosted games during 1980s World Series Cups.",0.5466467142105103,0.608234167098999,-0.06158745288848877,0
TRIPLET_00688,Sport,Cricket in Australia,https://en.wikipedia.org/wiki/Cricket_in_Australia,History > 1945–1969,History > 1945–1969,Organisation of cricket in modern Australia > Twenty20 cricket > Women's domestic cricket > Limited overs competitions,Cricket_in_Australia_SEC_002_SENT_004,Cricket_in_Australia_SEC_002_SENT_011,Cricket_in_Australia_SEC_014_SENT_003,"After the retirement of Bradman in 1948, Hassett, Miller and all-rounder Ray Lindwall formed the nucleus of the Australian team.","In the late 1950s and early 1960s, there was an ongoing controversy regarding illegal bowling actions.","New South Wales have historically dominated the competition, appearing in the first 24 title deciders and winning 20 championships.",0.3925437331199646,0.42343172430992126,-0.030887991189956665,0
TRIPLET_00689,Sport,Cricket in Australia,https://en.wikipedia.org/wiki/Cricket_in_Australia,Organisation of cricket in modern Australia > International cricket,Organisation of cricket in modern Australia > International cricket,Organisation of cricket in modern Australia > Twenty20 cricket,Cricket_in_Australia_SEC_008_SENT_003,Cricket_in_Australia_SEC_008_SENT_002,Cricket_in_Australia_SEC_013_SENT_004,"Australia generally plays a test series against a visiting team, and a one-day series between two other teams at home each summer, and tours overseas for the remainder of the year","Along with England, Australia was recognised as one of the founder nations of the Imperial Cricket Conference, later the International Cricket Council.",BBL matches are played in Australia during the summer in the months of December and January.,0.5620154142379761,0.7412240505218506,-0.1792086362838745,0
TRIPLET_00690,Sport,Cricket in Australia,https://en.wikipedia.org/wiki/Cricket_in_Australia,Organisation of cricket in modern Australia > International cricket > Men's national team,Organisation of cricket in modern Australia > International cricket > Men's national team,Affiliated state associations > Participation,Cricket_in_Australia_SEC_009_SENT_014,Cricket_in_Australia_SEC_009_SENT_016,Cricket_in_Australia_SEC_007_SENT_002,"In late September 2021, Cricket Australia announced it would postpone its men's test match against Afghanistan indefinitely to prompt Afghanistan to rethink their approach to women's sports after media outlets reported that Taliban rulers would not allow women to play cricket.","One Day International- The Australian team took part in the first one day international on 5 January 1971, once again also against England at the Melbourne Cricket Ground.",Fewer than a quarter of all players are female.,0.49476099014282227,0.13629913330078125,0.358461856842041,1
TRIPLET_00691,Sport,Cricket in Australia,https://en.wikipedia.org/wiki/Cricket_in_Australia,Organisation of cricket in modern Australia > International cricket > Women's national team,Organisation of cricket in modern Australia > International cricket > Women's national team,National teams,Cricket_in_Australia_SEC_010_SENT_008,Cricket_in_Australia_SEC_010_SENT_018,Cricket_in_Australia_SEC_005_SENT_001,Test International - Australia made their debut as a Test playing nation in 1934 against England.,"In the second edition of t20 women's cricket world cup, Australia clinched their first ever title.",The Australia national cricket team is governed by the Cricket Australia (CA) and is a member of the East Asia-Pacific.,0.6092400550842285,0.5981099009513855,0.011130154132843018,1
TRIPLET_00692,Sport,Cricket in Australia,https://en.wikipedia.org/wiki/Cricket_in_Australia,Affiliated state associations > Participation,Affiliated state associations > Participation,History > 1945–1969,Cricket_in_Australia_SEC_007_SENT_003,Cricket_in_Australia_SEC_007_SENT_002,Cricket_in_Australia_SEC_002_SENT_011,"The 2017–18 National Cricket Census showed 1,558,821 Australians engaged in cricket competitions or programs – an increase of 9% from the previous year.",Fewer than a quarter of all players are female.,"In the late 1950s and early 1960s, there was an ongoing controversy regarding illegal bowling actions.",0.3714849352836609,0.36841049790382385,0.003074437379837036,1
TRIPLET_00693,Sport,Cricket in Australia,https://en.wikipedia.org/wiki/Cricket_in_Australia,Organisation of cricket in modern Australia > Twenty20 cricket > Women's domestic cricket > Twenty20 competitions,Organisation of cricket in modern Australia > Twenty20 cricket > Women's domestic cricket > Twenty20 competitions,Organisation of cricket in modern Australia > Twenty20 cricket > Women's domestic cricket > Limited overs competitions,Cricket_in_Australia_SEC_015_SENT_002,Cricket_in_Australia_SEC_015_SENT_001,Cricket_in_Australia_SEC_014_SENT_001,"In 2015, it was replaced by the Women's Big Bash League, which features the same eight franchise teams as the men's competition.","Women's Big Bash League- In 2007, the Australian Women's Twenty20 Cup was introduced, also featuring state representative teams.",Women's National Cricket League- The Women's National Cricket League (WNCL) is the national domestic 50-over competition for women's cricket in Australia.,0.6435317993164062,0.46239224076271057,0.18113955855369568,1
TRIPLET_00694,Sport,Cricket in Australia,https://en.wikipedia.org/wiki/Cricket_in_Australia,Organisation of cricket in modern Australia > Domestic cricket > Men's domestic cricket > First class competitions,Organisation of cricket in modern Australia > Domestic cricket > Men's domestic cricket > First class competitions,In Australian culture,Cricket_in_Australia_SEC_011_SENT_001,Cricket_in_Australia_SEC_011_SENT_005,Cricket_in_Australia_SEC_017_SENT_007,Sheffield Shield –The Sheffield Shield is the domestic first-class cricket competition in Australia.,"In 1999, the Australian Cricket Board (now Cricket Australia) announced a 4-year sponsorship deal which included renaming the Sheffield Shield to the Pura Milk Cup, then to the Pura Cup the following season.","In addition, Steve Waugh has been nominated as an Australian Living Treasure by the National Trust of Australia, as was Don Bradman prior to his death in 2001.",0.5829387903213501,0.5263091325759888,0.05662965774536133,1
TRIPLET_00695,Sport,Cricket in Australia,https://en.wikipedia.org/wiki/Cricket_in_Australia,History > 1970–present,History > 1970–present,National teams > Performance > Men's senior team,Cricket_in_Australia_SEC_003_SENT_028,Cricket_in_Australia_SEC_003_SENT_013,Cricket_in_Australia_SEC_006_SENT_003,"He had an undistinguished Test debut, taking 1/150 off 45 overs, and recording figures of 1/228 in his first Test series.","Former Australian captain, Bob Simpson was recalled from retirement to lead an inexperienced team in a home series against India in 1977–78, won 3–2 and then a tour to the West Indies, marred by an ugly riot.",The national team's highest achievement is winning most number of Cricket World Cups.,0.6821041107177734,0.6147924661636353,0.06731164455413818,1
TRIPLET_00696,Sport,Cricket in Australia,https://en.wikipedia.org/wiki/Cricket_in_Australia,Affiliated state associations > Participation,Affiliated state associations > Participation,Administration,Cricket_in_Australia_SEC_007_SENT_002,Cricket_in_Australia_SEC_007_SENT_005,Cricket_in_Australia_SEC_004_SENT_002,Fewer than a quarter of all players are female.,"More than 2.3 million people attended the cricket during the 2017–18 summer, surpassing the record of 1.8 million set in 2016–17.","Its headquarters is situated at the Jolimont, Melbourne.",0.368240624666214,0.1763993501663208,0.1918412744998932,1
TRIPLET_00697,Sport,Cricket in Australia,https://en.wikipedia.org/wiki/Cricket_in_Australia,In Australian culture > Audience,In Australian culture > Audience,Organisation of cricket in modern Australia > International cricket,Cricket_in_Australia_SEC_018_SENT_010,Cricket_in_Australia_SEC_018_SENT_004,Cricket_in_Australia_SEC_008_SENT_003,"In 2013, Ten paid $100 million for BBL rights over five years, marking the channel's first foray into elite cricket coverage.","A further 522,000 watched Australia's innings on pay-TV channel Fox Sports 3, while 492,000 watched the first session.","Australia generally plays a test series against a visiting team, and a one-day series between two other teams at home each summer, and tours overseas for the remainder of the year",0.6959751844406128,0.5248919129371643,0.1710832715034485,1
TRIPLET_00698,Sport,Cricket in Australia,https://en.wikipedia.org/wiki/Cricket_in_Australia,Organisation of cricket in modern Australia > Domestic cricket > Men's domestic cricket > Limited overs competitions,Organisation of cricket in modern Australia > Domestic cricket > Men's domestic cricket > Limited overs competitions,Stadiums,Cricket_in_Australia_SEC_012_SENT_007,Cricket_in_Australia_SEC_012_SENT_001,Cricket_in_Australia_SEC_016_SENT_003,"In 2013, the format changed and all matches were held in Sydney at various grounds.",One-Day Cup –The Marsh One Day Cup is the domestic List A cricket (limited overs cricket) competition in Australia.,The main six used are: Other grounds which have been used for Test cricket are: Grounds which have been used for One Day Internationals only are: Grounds in Australia which have been used exclusively for the Twenty20 Internationals:,0.4390068054199219,0.5046623349189758,-0.06565552949905396,0
TRIPLET_00699,Sport,Cricket in Australia,https://en.wikipedia.org/wiki/Cricket_in_Australia,Organisation of cricket in modern Australia > Twenty20 cricket > Women's domestic cricket > Twenty20 competitions,Organisation of cricket in modern Australia > Twenty20 cricket > Women's domestic cricket > Twenty20 competitions,Organisation of cricket in modern Australia > International cricket > Women's national team,Cricket_in_Australia_SEC_015_SENT_001,Cricket_in_Australia_SEC_015_SENT_002,Cricket_in_Australia_SEC_010_SENT_017,"Women's Big Bash League- In 2007, the Australian Women's Twenty20 Cup was introduced, also featuring state representative teams.","In 2015, it was replaced by the Women's Big Bash League, which features the same eight franchise teams as the men's competition.",They have clinched ICC Women's T20 World Cup trophy six times.,0.6435317993164062,0.6535045504570007,-0.009972751140594482,0
TRIPLET_00700,Sport,Cricket in Australia,https://en.wikipedia.org/wiki/Cricket_in_Australia,Organisation of cricket in modern Australia > International cricket > Men's national team,Organisation of cricket in modern Australia > International cricket > Men's national team,Organisation of cricket in modern Australia > Twenty20 cricket > Women's domestic cricket > Twenty20 competitions,Cricket_in_Australia_SEC_009_SENT_007,Cricket_in_Australia_SEC_009_SENT_020,Cricket_in_Australia_SEC_015_SENT_001,"Test International- On 15 March 1877, an Australian representative team played England in what would later be recognised as the first Test match.","For the 1996–97 season, the World Series Cup was replaced by a series of tournaments named after a major sponsor, including the Carlton & United Series, the VB Series and the Commonwealth Bank Series.","Women's Big Bash League- In 2007, the Australian Women's Twenty20 Cup was introduced, also featuring state representative teams.",0.5331737995147705,0.6555665731430054,-0.12239277362823486,0
TRIPLET_00701,Sport,Rugby league in Australia,https://en.wikipedia.org/wiki/Rugby_league_in_Australia,In popular culture,In popular culture,History > 20th century,Rugby_league_in_Australia_SEC_018_SENT_002,Rugby_league_in_Australia_SEC_018_SENT_001,Rugby_league_in_Australia_SEC_001_SENT_030,"Famous Australian writers throughout history such as Banjo Paterson, Thomas Keneally and Kenneth Slessor have produced literature about the game.","Rugby league has been described as ""an iconic Australian sport"" and has therefore featured prominently in Australian popular culture.","In 1986, Brisbane Rugby League player Bob Lindner was the last to be selected from a non-NSWRL club to debut for the Australian national team.",0.655388593673706,0.5009841918945312,0.1544044017791748,1
TRIPLET_00702,Sport,Rugby league in Australia,https://en.wikipedia.org/wiki/Rugby_league_in_Australia,History > 20th century,History > 20th century,Governing body > State based governing bodies,Rugby_league_in_Australia_SEC_001_SENT_017,Rugby_league_in_Australia_SEC_001_SENT_041,Rugby_league_in_Australia_SEC_004_SENT_001,"In May of 1911 the only soccer-style ""field goal"" ever kicked in the Sydney first grade competition was made by John 'Dinny' Campbell of Eastern Suburbs.","The following season the premiership was re-united under the National Rugby League partnership committee, composed of representatives from Australian Rugby League and News Ltd.","At state level, the game is administered by local governing bodies under the control of the ARLC.",0.5007169246673584,0.2441190481185913,0.2565978765487671,1
TRIPLET_00703,Sport,Rugby league in Australia,https://en.wikipedia.org/wiki/Rugby_league_in_Australia,Demographics of the game > Age > Junior participation,Demographics of the game > Age > Junior participation,Demographics of the game > Total participation,Rugby_league_in_Australia_SEC_010_SENT_004,Rugby_league_in_Australia_SEC_010_SENT_005,Rugby_league_in_Australia_SEC_008_SENT_001,The injury rates and the public perception of rugby league as a dangerous sport are most likely the catalysts for the introduction of several initiatives by the national rugby league and ARL development in recent years to curb the number of youth playing other sports.,"The specific initiatives over the years includes a Safe play code, Kids to kangaroos programs and new forms of modified rugby league, such as, Mod league and Mini Footy to help young children prepare for the full rigours of the international code.","In an interview for a Sydney Morning Herald article in 2021, Chairman of the Australian Rugby League Commission, Peter V'landys, revealed yearly rugby league participation figures from 2015 to 2021.",0.5907944440841675,0.33681344985961914,0.25398099422454834,1
TRIPLET_00704,Sport,Rugby league in Australia,https://en.wikipedia.org/wiki/Rugby_league_in_Australia,Governing body > Federal governing body,Governing body > Federal governing body,Demographics of the game > Age > Junior participation,Rugby_league_in_Australia_SEC_003_SENT_002,Rugby_league_in_Australia_SEC_003_SENT_001,Rugby_league_in_Australia_SEC_010_SENT_006,The Australian Rugby League's major club competition is the National Rugby League.,"The Australian Rugby League Commission is the governing body for the sport of rugby league in Australia and also conducts all representative rugby league, including the national team and the annual State of Origin series.","Also with such introductions are the competitions aimed at school children such as Joey league, League of legends and League Sevens, which use modified rugby league rules such as Tag and Sevens.",0.8608351945877075,0.4750102162361145,0.385824978351593,1
TRIPLET_00705,Sport,Rugby league in Australia,https://en.wikipedia.org/wiki/Rugby_league_in_Australia,Demographics of the game > Age > Senior participation,Demographics of the game > Age > Senior participation,Variants > Touch,Rugby_league_in_Australia_SEC_011_SENT_002,Rugby_league_in_Australia_SEC_011_SENT_003,Rugby_league_in_Australia_SEC_014_SENT_002,Participation numbers amongst senior divisions tend to decline in higher age groups.,"While this can be expected to the nature of a physical sport, overall rugby league senior numbers have declined since the early 1990s.","Although it shares similarities and history with rugby league, it is recognised as a sport in its own right due to its differences which have been developed over the sport's lifetime.",0.6573634743690491,0.28695371747016907,0.37040975689888,1
TRIPLET_00706,Sport,Rugby league in Australia,https://en.wikipedia.org/wiki/Rugby_league_in_Australia,The national team,The national team,Governing body > State based governing bodies,Rugby_league_in_Australia_SEC_017_SENT_003,Rugby_league_in_Australia_SEC_017_SENT_001,Rugby_league_in_Australia_SEC_004_SENT_004,They are administered by the Australian Rugby League and have been the most dominant national side since the 1960s.,The Australia national rugby league team has been nicknamed the Kangaroos since 1994.,"In spite of its name, NSWCRL also governs rugby league in the Australian Capital Territory.",0.6688535809516907,0.5666208863258362,0.10223269462585449,1
TRIPLET_00707,Sport,Rugby league in Australia,https://en.wikipedia.org/wiki/Rugby_league_in_Australia,Club competitions > Attendances,Club competitions > Attendances,Demographics of the game > Age > Junior participation,Rugby_league_in_Australia_SEC_006_SENT_001,Rugby_league_in_Australia_SEC_006_SENT_004,Rugby_league_in_Australia_SEC_010_SENT_005,"Rugby league attendances saw their previously best year in 1995 (the year before Australia's Super League War, with total attendances reaching 3,061,893.","The year of 1996 was a turbulent one for Australian rugby league and saw what may be the largest decrease in attendance ever (2,450,776, down 611,117 down from 1995) in the ARL.","The specific initiatives over the years includes a Safe play code, Kids to kangaroos programs and new forms of modified rugby league, such as, Mod league and Mini Footy to help young children prepare for the full rigours of the international code.",0.825823962688446,0.46334096789360046,0.3624829947948456,1
TRIPLET_00708,Sport,Rugby league in Australia,https://en.wikipedia.org/wiki/Rugby_league_in_Australia,Demographics of the game > Women in rugby league,Demographics of the game > Women in rugby league,Governing body > Federal governing body,Rugby_league_in_Australia_SEC_009_SENT_007,Rugby_league_in_Australia_SEC_009_SENT_011,Rugby_league_in_Australia_SEC_003_SENT_001,"The lack of female-participation in Australian rugby league can mostly be attributed to the predominantly masculine culture which discourages women from playing, and provides little financial or cultural incentive to play.","For instance, in 2005 the Canterbury Bulldogs staged a luncheon for 300 of Sydney's corporate women to raise funds for the National Breast Cancer Foundation, as well as skills development for school girls within the Canterbury-Bankstown district.","The Australian Rugby League Commission is the governing body for the sport of rugby league in Australia and also conducts all representative rugby league, including the national team and the annual State of Origin series.",0.2896946370601654,0.32959282398223877,-0.039898186922073364,0
TRIPLET_00709,Sport,Rugby league in Australia,https://en.wikipedia.org/wiki/Rugby_league_in_Australia,Media coverage,Media coverage,Club competitions,Rugby_league_in_Australia_SEC_019_SENT_009,Rugby_league_in_Australia_SEC_019_SENT_004,Rugby_league_in_Australia_SEC_005_SENT_004,"Matches are broadcast on both Channel 9, Foxtel and in New Zealand by Sky TV.","Online, the ABC, as well as major newsgroups provide articles on Rugby League, bylined in general by a reporter who is exclusively a sports correspondent.","This was replaced by the Jersey Flegg Cup and the Hastings Deering Colts, locally-administrated state-based competitions for New South Wales and Queensland respectively.",0.5720516443252563,0.4946380853652954,0.07741355895996094,1
TRIPLET_00710,Sport,Rugby league in Australia,https://en.wikipedia.org/wiki/Rugby_league_in_Australia,Variants,Variants,Media coverage,Rugby_league_in_Australia_SEC_013_SENT_002,Rugby_league_in_Australia_SEC_013_SENT_001,Rugby_league_in_Australia_SEC_019_SENT_001,"As can be seen above, total rugby league participation including Variants is well over 1.5 million (1 million touch alone).","Three main variant sports of rugby league are played in Australia; Touch, OzTag, and League tag.","Due to the widespread interest in rugby league games played, including the State of Origin series, match results, scorelines and reports of injuries to key players, are comprehensively carried by many Australian newspapers.",0.417402446269989,0.4406164288520813,-0.023213982582092285,0
TRIPLET_00711,Sport,Rugby league in Australia,https://en.wikipedia.org/wiki/Rugby_league_in_Australia,Representative competitions,Representative competitions,Variants > OzTag,Rugby_league_in_Australia_SEC_007_SENT_001,Rugby_league_in_Australia_SEC_007_SENT_002,Rugby_league_in_Australia_SEC_015_SENT_004,The State of Origin series is an annual best-of-three series of interstate matches between the two strongest rugby league states Queensland and New South Wales.,"The State of Origin series is one of Australia's premier sporting events, attracting a huge television audience and usually selling out the stadiums in which the games are played.","Today, it is played by over 200,000 players in organised leagues across the country.",0.542852520942688,0.3824782371520996,0.16037428379058838,1
TRIPLET_00712,Sport,Rugby league in Australia,https://en.wikipedia.org/wiki/Rugby_league_in_Australia,Demographics of the game > Age > Senior participation,Demographics of the game > Age > Senior participation,Club competitions,Rugby_league_in_Australia_SEC_011_SENT_005,Rugby_league_in_Australia_SEC_011_SENT_001,Rugby_league_in_Australia_SEC_005_SENT_001,"At the same time, however, it notes that ""rugby league is, generally, missing a recreational game that keeps people playing the sport when they drop out of the so-called elite stream"".","In 2008, 51,540 people participated in senior rugby league.",The elite professional rugby league club competition in Australia is the National Rugby League (NRL).,0.3505845367908478,0.40378421545028687,-0.05319967865943909,0
TRIPLET_00713,Sport,Rugby league in Australia,https://en.wikipedia.org/wiki/Rugby_league_in_Australia,Representative competitions,Representative competitions,Variants > Touch,Rugby_league_in_Australia_SEC_007_SENT_004,Rugby_league_in_Australia_SEC_007_SENT_006,Rugby_league_in_Australia_SEC_014_SENT_002,"Women's State of Origin has been held since 1999, and in 2021 an Under 19s Women's series was introduced.","The Affiliated States Championship is an annual competition involving four affiliated states (Victoria, South Australia, Northern Territory, Tasmania, and Western Australia) plus representative sides from the Australian Police and Australian Defence Force.","Although it shares similarities and history with rugby league, it is recognised as a sport in its own right due to its differences which have been developed over the sport's lifetime.",0.4660247266292572,0.308925598859787,0.15709912776947021,1
TRIPLET_00714,Sport,Rugby league in Australia,https://en.wikipedia.org/wiki/Rugby_league_in_Australia,Demographics of the game > Women in rugby league,Demographics of the game > Women in rugby league,Variants > OzTag,Rugby_league_in_Australia_SEC_009_SENT_006,Rugby_league_in_Australia_SEC_009_SENT_013,Rugby_league_in_Australia_SEC_015_SENT_002,This is in contrast to the men's competition which has existed since 1908.,"Manly Sea Eagles also instituted several female directed initiatives, some of which were aimed towards further increasing female spectator numbers.",Cronulla Sharks and St George Dragons halfback Perry Haddock introduced the sport in Australia while coaching the 1992 St George Jersey Flegg side.,0.21169349551200867,0.39758026599884033,-0.18588677048683167,0
TRIPLET_00715,Sport,Rugby league in Australia,https://en.wikipedia.org/wiki/Rugby_league_in_Australia,Demographics of the game > Location,Demographics of the game > Location,Variants > OzTag,Rugby_league_in_Australia_SEC_012_SENT_001,Rugby_league_in_Australia_SEC_012_SENT_004,Rugby_league_in_Australia_SEC_015_SENT_004,"Rugby league is by far the largest and most popular sport in New South Wales, Queensland and the Australian Capital Territory (which constitute 55% of the population of Australia).","However, per capita figures show that Queensland and the Northern Territory rate ahead of New South Wales participation figures, making Queensland and the Northern Territory the largest participators per capita of rugby league in Australia.","Today, it is played by over 200,000 players in organised leagues across the country.",0.8375325202941895,0.5978307723999023,0.2397017478942871,1
TRIPLET_00716,Sport,Rugby league in Australia,https://en.wikipedia.org/wiki/Rugby_league_in_Australia,Club competitions,Club competitions,Demographics of the game > Age > Junior participation,Rugby_league_in_Australia_SEC_005_SENT_008,Rugby_league_in_Australia_SEC_005_SENT_004,Rugby_league_in_Australia_SEC_010_SENT_002,Amateur competitions are run in the Affiliated states.,"This was replaced by the Jersey Flegg Cup and the Hastings Deering Colts, locally-administrated state-based competitions for New South Wales and Queensland respectively.","In contrast, the next most discouraged sport was rugby union, with only 7.5% of parents willing to discourage the sport.",0.5233217477798462,0.24286039173603058,0.2804613560438156,1
TRIPLET_00717,Sport,Rugby league in Australia,https://en.wikipedia.org/wiki/Rugby_league_in_Australia,History > 20th century,History > 20th century,Demographics of the game > Age > Senior participation,Rugby_league_in_Australia_SEC_001_SENT_038,Rugby_league_in_Australia_SEC_001_SENT_029,Rugby_league_in_Australia_SEC_011_SENT_002,The Super League war was fought in and out of court during the mid-1990s by the News Ltd-backed Super League and Kerry Packer-backed Australian Rugby League organisations over control of the top-level professional rugby league football competition of Australasia.,The NSWRFL Premiership spread outside Sydney in 1982 with the introduction of the Illawarra Steelers and Canberra Raiders.,Participation numbers amongst senior divisions tend to decline in higher age groups.,0.6250108480453491,0.1972663700580597,0.42774447798728943,1
TRIPLET_00718,Sport,Rugby league in Australia,https://en.wikipedia.org/wiki/Rugby_league_in_Australia,Demographics of the game > Location,Demographics of the game > Location,Demographics of the game > Total participation,Rugby_league_in_Australia_SEC_012_SENT_007,Rugby_league_in_Australia_SEC_012_SENT_002,Rugby_league_in_Australia_SEC_008_SENT_004,"The establishment of the Melbourne Storm has seen Victoria experience growth in player counts, especially in school based rugby league participation which registered 9,023 participants in 2022.","In these states, NRL viewership figures far outweigh those of any other sport, and crowd figures are ahead of those of Cricket and the Australian rules football, the next largest sports in terms of attendance.","By the time of the article in 2021, national participation figures for males had declined to 143,792 while national participation for females had increased to 16,899.",0.7524438500404358,0.5920929908752441,0.16035085916519165,1
TRIPLET_00719,Sport,Rugby league in Australia,https://en.wikipedia.org/wiki/Rugby_league_in_Australia,Demographics of the game > Age > Junior participation,Demographics of the game > Age > Junior participation,Club competitions > Attendances,Rugby_league_in_Australia_SEC_010_SENT_001,Rugby_league_in_Australia_SEC_010_SENT_002,Rugby_league_in_Australia_SEC_006_SENT_009,An analysis of 2001 New South Wales Child Health Survey by the University of New South Wales has shown that 23.2% of parents are likely to discourage their son from playing rugby league.,"In contrast, the next most discouraged sport was rugby union, with only 7.5% of parents willing to discourage the sport.","The year 2000 saw club mergers and ""relegations"" from the NRL.",0.747390866279602,0.5689141154289246,0.1784767508506775,1
TRIPLET_00720,Sport,Rugby league in Australia,https://en.wikipedia.org/wiki/Rugby_league_in_Australia,Variants > League Tag,Variants > League Tag,Variants > Touch,Rugby_league_in_Australia_SEC_016_SENT_004,Rugby_league_in_Australia_SEC_016_SENT_002,Rugby_league_in_Australia_SEC_014_SENT_001,The NSWRL continues to administer the game across the state post the NSWRL-CRL merger in 2019.,A number of additional rules are also added relating to the specific issues associated with a tag based game.,Touch (also known as touch football or touch rugby) is a variant of rugby league that is conducted under the direction of the Federation of International Touch (FIT).,0.381245493888855,0.5467502474784851,-0.16550475358963013,0
TRIPLET_00721,Sport,Rugby league in Australia,https://en.wikipedia.org/wiki/Rugby_league_in_Australia,History > 20th century,History > 20th century,Governing body > Federal governing body,Rugby_league_in_Australia_SEC_001_SENT_040,Rugby_league_in_Australia_SEC_001_SENT_028,Rugby_league_in_Australia_SEC_003_SENT_001,1997 was unique in Australian rugby league's history as it was split into two separate competitions: the 1997 ARL season and the 1997 Super League season.,"In 1976 Eastern Suburbs became the first rugby league team, and one of the first in Australian sport, to sport a sponsor's name on their jersey.","The Australian Rugby League Commission is the governing body for the sport of rugby league in Australia and also conducts all representative rugby league, including the national team and the annual State of Origin series.",0.6218518018722534,0.6978080868721008,-0.07595628499984741,0
TRIPLET_00722,Sport,Rugby league in Australia,https://en.wikipedia.org/wiki/Rugby_league_in_Australia,Demographics of the game > Age > Junior participation,Demographics of the game > Age > Junior participation,History > 21st century,Rugby_league_in_Australia_SEC_010_SENT_002,Rugby_league_in_Australia_SEC_010_SENT_004,Rugby_league_in_Australia_SEC_002_SENT_010,"In contrast, the next most discouraged sport was rugby union, with only 7.5% of parents willing to discourage the sport.",The injury rates and the public perception of rugby league as a dangerous sport are most likely the catalysts for the introduction of several initiatives by the national rugby league and ARL development in recent years to curb the number of youth playing other sports.,"In 2018, the NRL superseded the AFL's television viewership by over five million viewers.",0.491163432598114,0.5581299662590027,-0.06696653366088867,0
TRIPLET_00723,Sport,Rugby league in Australia,https://en.wikipedia.org/wiki/Rugby_league_in_Australia,Club competitions,Club competitions,Variants > League Tag,Rugby_league_in_Australia_SEC_005_SENT_008,Rugby_league_in_Australia_SEC_005_SENT_006,Rugby_league_in_Australia_SEC_016_SENT_002,Amateur competitions are run in the Affiliated states.,These competitions are the major feeder competitions for the NRL competition.,A number of additional rules are also added relating to the specific issues associated with a tag based game.,0.388029545545578,0.31335747241973877,0.07467207312583923,1
TRIPLET_00724,Sport,Rugby league in Australia,https://en.wikipedia.org/wiki/Rugby_league_in_Australia,In popular culture,In popular culture,Demographics of the game > Age > Junior participation,Rugby_league_in_Australia_SEC_018_SENT_002,Rugby_league_in_Australia_SEC_018_SENT_001,Rugby_league_in_Australia_SEC_010_SENT_003,"Famous Australian writers throughout history such as Banjo Paterson, Thomas Keneally and Kenneth Slessor have produced literature about the game.","Rugby league has been described as ""an iconic Australian sport"" and has therefore featured prominently in Australian popular culture.","This is despite recent research by Medibank annually since 2003 that puts other sports in Australia, such as Australian Rules Football and soccer as producing more major injuries.",0.655388593673706,0.5183901786804199,0.13699841499328613,1
TRIPLET_00725,Sport,Rugby league in Australia,https://en.wikipedia.org/wiki/Rugby_league_in_Australia,Governing body > State based governing bodies,Governing body > State based governing bodies,Demographics of the game > Women in rugby league,Rugby_league_in_Australia_SEC_004_SENT_001,Rugby_league_in_Australia_SEC_004_SENT_004,Rugby_league_in_Australia_SEC_009_SENT_001,"At state level, the game is administered by local governing bodies under the control of the ARLC.","In spite of its name, NSWCRL also governs rugby league in the Australian Capital Territory.","According to Ausplay in 2024, 45% of adult players are now female.",0.5347997546195984,0.23424485325813293,0.30055490136146545,1
TRIPLET_00726,Sport,Rugby league in Australia,https://en.wikipedia.org/wiki/Rugby_league_in_Australia,Media coverage,Media coverage,Demographics of the game > Location,Rugby_league_in_Australia_SEC_019_SENT_010,Rugby_league_in_Australia_SEC_019_SENT_003,Rugby_league_in_Australia_SEC_012_SENT_001,ABC radio's Grandstand program broadcasts live rugby league games on the weekends.,"All premiership games are broadcast on television, either free-to-air or cable.","Rugby league is by far the largest and most popular sport in New South Wales, Queensland and the Australian Capital Territory (which constitute 55% of the population of Australia).",0.42089807987213135,0.5140213966369629,-0.09312331676483154,0
TRIPLET_00727,Sport,Rugby league in Australia,https://en.wikipedia.org/wiki/Rugby_league_in_Australia,History > 21st century,History > 21st century,Variants > League Tag,Rugby_league_in_Australia_SEC_002_SENT_010,Rugby_league_in_Australia_SEC_002_SENT_007,Rugby_league_in_Australia_SEC_016_SENT_002,"In 2018, the NRL superseded the AFL's television viewership by over five million viewers.","A 2013 report found that behind cricket, rugby league was Australia's second-most popular sport.",A number of additional rules are also added relating to the specific issues associated with a tag based game.,0.6400576829910278,0.002116456627845764,0.6379412263631821,1
TRIPLET_00728,Sport,Rugby league in Australia,https://en.wikipedia.org/wiki/Rugby_league_in_Australia,Club competitions > Attendances,Club competitions > Attendances,Variants > League Tag,Rugby_league_in_Australia_SEC_006_SENT_012,Rugby_league_in_Australia_SEC_006_SENT_002,Rugby_league_in_Australia_SEC_016_SENT_003,Figures increased again in 2004 and 2005.,"Six clubs averaged over 20,000 in that year, a feat still unmatched.",League Tag is the primary female version of rugby league administered by the Country Rugby League.,0.5300555229187012,0.10789135098457336,0.4221641719341278,1
TRIPLET_00729,Sport,Rugby league in Australia,https://en.wikipedia.org/wiki/Rugby_league_in_Australia,Club competitions > Attendances,Club competitions > Attendances,Club competitions,Rugby_league_in_Australia_SEC_006_SENT_004,Rugby_league_in_Australia_SEC_006_SENT_013,Rugby_league_in_Australia_SEC_005_SENT_006,"The year of 1996 was a turbulent one for Australian rugby league and saw what may be the largest decrease in attendance ever (2,450,776, down 611,117 down from 1995) in the ARL.","The aggregate crowd for 2005 was 2,964,288 and the average crowd figure for regular season matches was 16,468, the highest ever recorded, and 34,710 for play-offs.",These competitions are the major feeder competitions for the NRL competition.,0.6599259972572327,0.41093719005584717,0.2489888072013855,1
TRIPLET_00730,Sport,Rugby league in Australia,https://en.wikipedia.org/wiki/Rugby_league_in_Australia,Demographics of the game > Location,Demographics of the game > Location,History > 20th century,Rugby_league_in_Australia_SEC_012_SENT_002,Rugby_league_in_Australia_SEC_012_SENT_005,Rugby_league_in_Australia_SEC_001_SENT_012,"In these states, NRL viewership figures far outweigh those of any other sport, and crowd figures are ahead of those of Cricket and the Australian rules football, the next largest sports in terms of attendance.","Rugby league enjoys lower participation in other states of Australia due to competition with Australia's other major football code Australian rules football, and the high junior level participation rates of other sports such as soccer and basketball.","The Illawarra Rugby League was founded in 1911 with five clubs (Dapto, Helensburgh, Mount Keira, Unanderra and Wollongong).",0.6206754446029663,0.3760283291339874,0.24464711546897888,1
TRIPLET_00731,Sport,Rugby league in Australia,https://en.wikipedia.org/wiki/Rugby_league_in_Australia,Media coverage,Media coverage,Demographics of the game > Total participation,Rugby_league_in_Australia_SEC_019_SENT_004,Rugby_league_in_Australia_SEC_019_SENT_005,Rugby_league_in_Australia_SEC_008_SENT_002,"Online, the ABC, as well as major newsgroups provide articles on Rugby League, bylined in general by a reporter who is exclusively a sports correspondent.","Interest in rugby league is highest in New South Wales and Queensland; as well, many of the large number of Australian expatriates living and working overseas are avidly interested in the season's games, and are able to ensure that they are kept up-to-date by accessing on-line versions of stories provided by major media organisations.","These participation figures show that national participation in 2019 (the last year before COVID-19 disruption) for males was 147,723 of whom 83,400 were located in New South Wales.",0.6460530161857605,0.4173569679260254,0.2286960482597351,1
TRIPLET_00732,Sport,Rugby league in Australia,https://en.wikipedia.org/wiki/Rugby_league_in_Australia,Media coverage,Media coverage,Demographics of the game > Age > Junior participation,Rugby_league_in_Australia_SEC_019_SENT_001,Rugby_league_in_Australia_SEC_019_SENT_007,Rugby_league_in_Australia_SEC_010_SENT_006,"Due to the widespread interest in rugby league games played, including the State of Origin series, match results, scorelines and reports of injuries to key players, are comprehensively carried by many Australian newspapers.",The 2012 State of Origin series' third and deciding game set a new record for the highest television audience in Australia for a rugby league match since the introduction of the OzTam ratings system in 2001.,"Also with such introductions are the competitions aimed at school children such as Joey league, League of legends and League Sevens, which use modified rugby league rules such as Tag and Sevens.",0.5692707896232605,0.5537309646606445,0.015539824962615967,1
TRIPLET_00733,Sport,Rugby league in Australia,https://en.wikipedia.org/wiki/Rugby_league_in_Australia,Media coverage,Media coverage,History > 21st century,Rugby_league_in_Australia_SEC_019_SENT_006,Rugby_league_in_Australia_SEC_019_SENT_003,Rugby_league_in_Australia_SEC_002_SENT_007,"Formerly, the official publication for the NRL was Big League, however, production was suspended in 2020 due to the effects of the COVID-19 pandemic in Australia, and hasn't been renewed since.","All premiership games are broadcast on television, either free-to-air or cable.","A 2013 report found that behind cricket, rugby league was Australia's second-most popular sport.",0.23828570544719696,0.4911467432975769,-0.25286103785037994,0
TRIPLET_00734,Sport,Rugby league in Australia,https://en.wikipedia.org/wiki/Rugby_league_in_Australia,Governing body > Federal governing body,Governing body > Federal governing body,Representative competitions,Rugby_league_in_Australia_SEC_003_SENT_001,Rugby_league_in_Australia_SEC_003_SENT_002,Rugby_league_in_Australia_SEC_007_SENT_001,"The Australian Rugby League Commission is the governing body for the sport of rugby league in Australia and also conducts all representative rugby league, including the national team and the annual State of Origin series.",The Australian Rugby League's major club competition is the National Rugby League.,The State of Origin series is an annual best-of-three series of interstate matches between the two strongest rugby league states Queensland and New South Wales.,0.8608351945877075,0.7291765809059143,0.1316586136817932,1
TRIPLET_00735,Sport,Rugby league in Australia,https://en.wikipedia.org/wiki/Rugby_league_in_Australia,Variants > OzTag,Variants > OzTag,History > 21st century,Rugby_league_in_Australia_SEC_015_SENT_002,Rugby_league_in_Australia_SEC_015_SENT_004,Rugby_league_in_Australia_SEC_002_SENT_006,Cronulla Sharks and St George Dragons halfback Perry Haddock introduced the sport in Australia while coaching the 1992 St George Jersey Flegg side.,"Today, it is played by over 200,000 players in organised leagues across the country.","The newly formed independent Australian Rugby League Commission took over control of the National Rugby League premiership, the State of Origin series and the Australian national team.",0.30940404534339905,0.7715970873832703,-0.4621930420398712,0
TRIPLET_00736,Sport,Rugby league in Australia,https://en.wikipedia.org/wiki/Rugby_league_in_Australia,History > 21st century,History > 21st century,The national team,Rugby_league_in_Australia_SEC_002_SENT_008,Rugby_league_in_Australia_SEC_002_SENT_010,Rugby_league_in_Australia_SEC_017_SENT_001,"The same year a report conducted by Brand Finance valued the Penrith Panthers club at $46.2m, the highest of any Australian sporting brand, while the Brisbane Broncos had the highest brand equity.","In 2018, the NRL superseded the AFL's television viewership by over five million viewers.",The Australia national rugby league team has been nicknamed the Kangaroos since 1994.,0.7287044525146484,0.5229393243789673,0.20576512813568115,1
TRIPLET_00737,Sport,Rugby league in Australia,https://en.wikipedia.org/wiki/Rugby_league_in_Australia,Governing body > Federal governing body,Governing body > Federal governing body,The national team,Rugby_league_in_Australia_SEC_003_SENT_001,Rugby_league_in_Australia_SEC_003_SENT_002,Rugby_league_in_Australia_SEC_017_SENT_001,"The Australian Rugby League Commission is the governing body for the sport of rugby league in Australia and also conducts all representative rugby league, including the national team and the annual State of Origin series.",The Australian Rugby League's major club competition is the National Rugby League.,The Australia national rugby league team has been nicknamed the Kangaroos since 1994.,0.8608351945877075,0.7169134020805359,0.14392179250717163,1
TRIPLET_00738,Sport,Rugby league in Australia,https://en.wikipedia.org/wiki/Rugby_league_in_Australia,Demographics of the game > Location,Demographics of the game > Location,Variants > League Tag,Rugby_league_in_Australia_SEC_012_SENT_002,Rugby_league_in_Australia_SEC_012_SENT_003,Rugby_league_in_Australia_SEC_016_SENT_001,"In these states, NRL viewership figures far outweigh those of any other sport, and crowd figures are ahead of those of Cricket and the Australian rules football, the next largest sports in terms of attendance.",New South Wales and Queensland account for the majority of rugby league participation numbers.,"League Tag replaces tackling with the removal of one of two tags carried on an opponent's hips, attached directly to specific League Tag shorts with Velcro patches, but otherwise retains almost all other rules of traditional rugby league (such as kicking).",0.6323415040969849,0.35424572229385376,0.2780957818031311,1
TRIPLET_00739,Sport,Rugby league in Australia,https://en.wikipedia.org/wiki/Rugby_league_in_Australia,Variants,Variants,History > 20th century,Rugby_league_in_Australia_SEC_013_SENT_002,Rugby_league_in_Australia_SEC_013_SENT_001,Rugby_league_in_Australia_SEC_001_SENT_021,"As can be seen above, total rugby league participation including Variants is well over 1.5 million (1 million touch alone).","Three main variant sports of rugby league are played in Australia; Touch, OzTag, and League tag.","This set a long-standing record for the highest attendance at a women's sporting competition outside the Olympic or Commonwealth games.The attendance record for a rugby league match in Australia was broken in 1932 when 70,204 people saw Australia play England at the Sydney Cricket Ground.",0.417402446269989,0.6068142652511597,-0.18941181898117065,0
TRIPLET_00740,Sport,Rugby league in Australia,https://en.wikipedia.org/wiki/Rugby_league_in_Australia,Media coverage,Media coverage,Variants > OzTag,Rugby_league_in_Australia_SEC_019_SENT_008,Rugby_league_in_Australia_SEC_019_SENT_009,Rugby_league_in_Australia_SEC_015_SENT_004,"A list of major newspapers which publish rugby league-related stories includes The Australian, The Courier-Mail, Daily Telegraph, The Sydney Morning Herald, Herald Sun and The Age.","Matches are broadcast on both Channel 9, Foxtel and in New Zealand by Sky TV.","Today, it is played by over 200,000 players in organised leagues across the country.",0.607816219329834,0.4772595763206482,0.1305566430091858,1
TRIPLET_00741,Sport,Rugby league in Australia,https://en.wikipedia.org/wiki/Rugby_league_in_Australia,In popular culture,In popular culture,Media coverage,Rugby_league_in_Australia_SEC_018_SENT_002,Rugby_league_in_Australia_SEC_018_SENT_001,Rugby_league_in_Australia_SEC_019_SENT_009,"Famous Australian writers throughout history such as Banjo Paterson, Thomas Keneally and Kenneth Slessor have produced literature about the game.","Rugby league has been described as ""an iconic Australian sport"" and has therefore featured prominently in Australian popular culture.","Matches are broadcast on both Channel 9, Foxtel and in New Zealand by Sky TV.",0.655388593673706,0.4946443438529968,0.16074424982070923,1
TRIPLET_00742,Sport,Rugby league in Australia,https://en.wikipedia.org/wiki/Rugby_league_in_Australia,The national team,The national team,Demographics of the game > Women in rugby league,Rugby_league_in_Australia_SEC_017_SENT_003,Rugby_league_in_Australia_SEC_017_SENT_002,Rugby_league_in_Australia_SEC_009_SENT_017,They are administered by the Australian Rugby League and have been the most dominant national side since the 1960s.,Prior to that the Australia team was only known as the Kangaroos when on tours of Great Britain and/or France.,"However, it is not customary for women over the age of 11 to continue playing rugby league against the boys and the exclusively women's rugby league clubs have a relatively small profile in comparison to the local boys' clubs.",0.5561141967773438,0.3755636513233185,0.18055054545402527,1
TRIPLET_00743,Sport,Rugby league in Australia,https://en.wikipedia.org/wiki/Rugby_league_in_Australia,History > 20th century,History > 20th century,Variants > OzTag,Rugby_league_in_Australia_SEC_001_SENT_035,Rugby_league_in_Australia_SEC_001_SENT_040,Rugby_league_in_Australia_SEC_015_SENT_002,"The second game of the 1994 State of Origin series was brought south to the Melbourne Cricket Ground and re-set the nation's rugby league attendance record with 87,161.",1997 was unique in Australian rugby league's history as it was split into two separate competitions: the 1997 ARL season and the 1997 Super League season.,Cronulla Sharks and St George Dragons halfback Perry Haddock introduced the sport in Australia while coaching the 1992 St George Jersey Flegg side.,0.5902760028839111,0.7087686657905579,-0.11849266290664673,0
TRIPLET_00744,Sport,Rugby league in Australia,https://en.wikipedia.org/wiki/Rugby_league_in_Australia,Variants > League Tag,Variants > League Tag,Variants > OzTag,Rugby_league_in_Australia_SEC_016_SENT_004,Rugby_league_in_Australia_SEC_016_SENT_003,Rugby_league_in_Australia_SEC_015_SENT_004,The NSWRL continues to administer the game across the state post the NSWRL-CRL merger in 2019.,League Tag is the primary female version of rugby league administered by the Country Rugby League.,"Today, it is played by over 200,000 players in organised leagues across the country.",0.5030543804168701,0.4281685948371887,0.0748857855796814,1
TRIPLET_00745,Sport,Rugby league in Australia,https://en.wikipedia.org/wiki/Rugby_league_in_Australia,History > 20th century,History > 20th century,Governing body > State based governing bodies,Rugby_league_in_Australia_SEC_001_SENT_032,Rugby_league_in_Australia_SEC_001_SENT_028,Rugby_league_in_Australia_SEC_004_SENT_002,In 1988 the NSWRL's first teams from outside the borders of New South Wales were added: the Brisbane Broncos and Gold Coast Giants.,"In 1976 Eastern Suburbs became the first rugby league team, and one of the first in Australian sport, to sport a sponsor's name on their jersey.","The state bodies include the New South Wales Rugby League and Queensland Rugby League, as well as Northern Territory Rugby League, South Australian Rugby League, Tasmanian Rugby League, Victorian Rugby League and Western Australia Rugby League which have Affiliate state status.",0.749643862247467,0.6059966087341309,0.14364725351333618,1
TRIPLET_00746,Sport,Rugby league in Australia,https://en.wikipedia.org/wiki/Rugby_league_in_Australia,Variants > Touch,Variants > Touch,Governing body > Federal governing body,Rugby_league_in_Australia_SEC_014_SENT_007,Rugby_league_in_Australia_SEC_014_SENT_001,Rugby_league_in_Australia_SEC_003_SENT_002,Top level competitions include the NRL Touch Premiership and the National Touch League.,Touch (also known as touch football or touch rugby) is a variant of rugby league that is conducted under the direction of the Federation of International Touch (FIT).,The Australian Rugby League's major club competition is the National Rugby League.,0.5726785659790039,0.7200745344161987,-0.14739596843719482,0
TRIPLET_00747,Sport,Rugby league in Australia,https://en.wikipedia.org/wiki/Rugby_league_in_Australia,Demographics of the game > Age > Junior participation,Demographics of the game > Age > Junior participation,History > 21st century,Rugby_league_in_Australia_SEC_010_SENT_005,Rugby_league_in_Australia_SEC_010_SENT_002,Rugby_league_in_Australia_SEC_002_SENT_005,"The specific initiatives over the years includes a Safe play code, Kids to kangaroos programs and new forms of modified rugby league, such as, Mod league and Mini Footy to help young children prepare for the full rigours of the international code.","In contrast, the next most discouraged sport was rugby union, with only 7.5% of parents willing to discourage the sport.",2012 saw a major re-structure of the administration of rugby league in Australia.,0.30126747488975525,0.5242795944213867,-0.22301211953163147,0
TRIPLET_00748,Sport,Rugby league in Australia,https://en.wikipedia.org/wiki/Rugby_league_in_Australia,Governing body > State based governing bodies,Governing body > State based governing bodies,History > 21st century,Rugby_league_in_Australia_SEC_004_SENT_005,Rugby_league_in_Australia_SEC_004_SENT_001,Rugby_league_in_Australia_SEC_002_SENT_005,"However, the NSWRL absorbed the CRL in 2019.","At state level, the game is administered by local governing bodies under the control of the ARLC.",2012 saw a major re-structure of the administration of rugby league in Australia.,0.2573486268520355,0.5069280862808228,-0.24957945942878723,0
TRIPLET_00749,Sport,Rugby league in Australia,https://en.wikipedia.org/wiki/Rugby_league_in_Australia,The national team,The national team,Demographics of the game > Location,Rugby_league_in_Australia_SEC_017_SENT_002,Rugby_league_in_Australia_SEC_017_SENT_001,Rugby_league_in_Australia_SEC_012_SENT_008,Prior to that the Australia team was only known as the Kangaroos when on tours of Great Britain and/or France.,The Australia national rugby league team has been nicknamed the Kangaroos since 1994.,"South Australia has the lowest participation levels for mainland Australia and Tasmania has, by far, the least participants for rugby league in the entire nation.",0.6981902122497559,0.5053070783615112,0.19288313388824463,1
TRIPLET_00750,Sport,Rugby league in Australia,https://en.wikipedia.org/wiki/Rugby_league_in_Australia,Variants,Variants,Variants > Touch,Rugby_league_in_Australia_SEC_013_SENT_001,Rugby_league_in_Australia_SEC_013_SENT_002,Rugby_league_in_Australia_SEC_014_SENT_007,"Three main variant sports of rugby league are played in Australia; Touch, OzTag, and League tag.","As can be seen above, total rugby league participation including Variants is well over 1.5 million (1 million touch alone).",Top level competitions include the NRL Touch Premiership and the National Touch League.,0.417402446269989,0.7087687253952026,-0.2913662791252136,0
TRIPLET_00751,Sport,Tennis in Australia,https://en.wikipedia.org/wiki/Tennis_in_Australia,Broadcasting > Wimbledon,Broadcasting > Wimbledon,Broadcasting > Australian Open,Tennis_in_Australia_SEC_008_SENT_002,Tennis_in_Australia_SEC_008_SENT_004,Tennis_in_Australia_SEC_006_SENT_007,"While Seven had the Wimbledon rights, there was also an agreement with subscription television service Foxtel who had rights to televise select matches until the quarterfinals with Seven getting first pick at two daily matches they would be able to televise exclusively.","In addition to what was televised via their terrestrial free-to-air channel (either Channel 9 or secondary channel 9Gem), all matches are able to be streamed via Stan Sport, a pay for view streaming service owned by Nine.",during the hour long Nine News bulletin between 6pm and 7pm.,0.728319525718689,0.4287015199661255,0.2996180057525635,1
TRIPLET_00752,Sport,Tennis in Australia,https://en.wikipedia.org/wiki/Tennis_in_Australia,Highest ranked players > Top 10 Ranked Players,Highest ranked players > Top 10 Ranked Players,Broadcasting > French Open,Tennis_in_Australia_SEC_005_SENT_001,Tennis_in_Australia_SEC_005_SENT_002,Tennis_in_Australia_SEC_007_SENT_001,The lists include Australian players who have had a ranking inside the ATP or WTA top 10.,The rankings were introduced in 1973 (men) and 1975 (women).,"Since 2021, the Nine Network is the Australian broadcast holder with coverage on secondary channel 9Gem.",0.36358046531677246,0.4461996555328369,-0.08261919021606445,0
TRIPLET_00753,Sport,Tennis in Australia,https://en.wikipedia.org/wiki/Tennis_in_Australia,Lower Tier Tournaments > ITF Tour,Lower Tier Tournaments > ITF Tour,Highest ranked players > Top 10 Ranked Players,Tennis_in_Australia_SEC_004_SENT_001,Tennis_in_Australia_SEC_004_SENT_002,Tennis_in_Australia_SEC_005_SENT_001,The lowest tier of professional tennis tournaments are the ITF Men's World Tennis Tour and the ITF Women's World Tennis Tour run by the International Tennis Federation (ITF).,These tournaments serve as entry level events for the ATP and WTA tours and offer points and prize money.,The lists include Australian players who have had a ranking inside the ATP or WTA top 10.,0.5830021500587463,0.5565796494483948,0.026422500610351562,1
TRIPLET_00754,Sport,Tennis in Australia,https://en.wikipedia.org/wiki/Tennis_in_Australia,Broadcasting > French Open,Broadcasting > French Open,Broadcasting > Wimbledon,Tennis_in_Australia_SEC_007_SENT_001,Tennis_in_Australia_SEC_007_SENT_002,Tennis_in_Australia_SEC_008_SENT_003,"Since 2021, the Nine Network is the Australian broadcast holder with coverage on secondary channel 9Gem.","Additional courts are available to stream via Stan Sport, a pay for view streaming service owned by Nine.",In late 2020 Nine regained exclusive rights to the Championships signing a three-year contract to broadcast the championships until 2023.,0.411723256111145,0.527069091796875,-0.11534583568572998,0
TRIPLET_00755,Sport,Tennis in Australia,https://en.wikipedia.org/wiki/Tennis_in_Australia,Lower Tier Tournaments > ATP Challenger Tour,Lower Tier Tournaments > ATP Challenger Tour,Lower Tier Tournaments > ITF Tour,Tennis_in_Australia_SEC_002_SENT_002,Tennis_in_Australia_SEC_002_SENT_001,Tennis_in_Australia_SEC_004_SENT_002,"These tournaments offer up to 175 rankings points with five Challenger events currently held in Australia, Canberra in the first week of the tour, back-to-back events in Burnie, Tasmania in the fortnight following the Australian Open and in Playford, South Australia then Sydney, New South Wales in the fortnight following the ATP Tour's Asian Swing.",The ATP Challenger Tour is the second tier of professional tennis tournaments run by the Association of Tennis Professionals.,These tournaments serve as entry level events for the ATP and WTA tours and offer points and prize money.,0.549782395362854,0.5243626236915588,0.025419771671295166,1
TRIPLET_00756,Sport,Tennis in Australia,https://en.wikipedia.org/wiki/Tennis_in_Australia,Broadcasting > ATP Tour Events,Broadcasting > ATP Tour Events,Broadcasting > Wimbledon,Tennis_in_Australia_SEC_010_SENT_001,Tennis_in_Australia_SEC_010_SENT_002,Tennis_in_Australia_SEC_008_SENT_003,"Since 2021 all ATP Masters 1000 tournaments and ATP 500 tournaments as well as ATP 250 tournaments with the exception of the Brisbane and Adelaide Internationals, are broadcast on BeIN Sports a subscription service available through Amazon Prime Video and through BeIN Sports directly.","Prior to 2021, ATP Masters 1000 and 500 tournaments were televised on ESPN Australia with non-Australian ATP 250 tournaments on Fox Sports Australia.",In late 2020 Nine regained exclusive rights to the Championships signing a three-year contract to broadcast the championships until 2023.,0.7916271686553955,0.5579571723937988,0.23366999626159668,1
TRIPLET_00757,Sport,Tennis in Australia,https://en.wikipedia.org/wiki/Tennis_in_Australia,Lower Tier Tournaments > WTA 125 Tournaments,Lower Tier Tournaments > WTA 125 Tournaments,Lower Tier Tournaments > ITF Tour,Tennis_in_Australia_SEC_003_SENT_002,Tennis_in_Australia_SEC_003_SENT_001,Tennis_in_Australia_SEC_004_SENT_001,"There are 20 WTA 125 Tournaments, one of which is held in Canberra, simultaneously with the ATP Challenger event.",The WTA 125 Tournaments is the second tier of WTA events with each event worth 125 points.,The lowest tier of professional tennis tournaments are the ITF Men's World Tennis Tour and the ITF Women's World Tennis Tour run by the International Tennis Federation (ITF).,0.6884332895278931,0.43799149990081787,0.2504417896270752,1
TRIPLET_00758,Sport,Tennis in Australia,https://en.wikipedia.org/wiki/Tennis_in_Australia,Lower Tier Tournaments > ITF Tour,Lower Tier Tournaments > ITF Tour,Lower Tier Tournaments > ATP Challenger Tour,Tennis_in_Australia_SEC_004_SENT_002,Tennis_in_Australia_SEC_004_SENT_001,Tennis_in_Australia_SEC_002_SENT_001,These tournaments serve as entry level events for the ATP and WTA tours and offer points and prize money.,The lowest tier of professional tennis tournaments are the ITF Men's World Tennis Tour and the ITF Women's World Tennis Tour run by the International Tennis Federation (ITF).,The ATP Challenger Tour is the second tier of professional tennis tournaments run by the Association of Tennis Professionals.,0.5830021500587463,0.6241453886032104,-0.04114323854446411,0
TRIPLET_00759,Sport,Tennis in Australia,https://en.wikipedia.org/wiki/Tennis_in_Australia,Highest ranked players > Top 10 Ranked Players,Highest ranked players > Top 10 Ranked Players,Lower Tier Tournaments > ATP Challenger Tour,Tennis_in_Australia_SEC_005_SENT_001,Tennis_in_Australia_SEC_005_SENT_002,Tennis_in_Australia_SEC_002_SENT_001,The lists include Australian players who have had a ranking inside the ATP or WTA top 10.,The rankings were introduced in 1973 (men) and 1975 (women).,The ATP Challenger Tour is the second tier of professional tennis tournaments run by the Association of Tennis Professionals.,0.36358046531677246,0.55621737241745,-0.1926369071006775,0
TRIPLET_00760,Sport,Tennis in Australia,https://en.wikipedia.org/wiki/Tennis_in_Australia,Highest ranked players > Top 10 Ranked Players,Highest ranked players > Top 10 Ranked Players,Lower Tier Tournaments > ITF Tour,Tennis_in_Australia_SEC_005_SENT_001,Tennis_in_Australia_SEC_005_SENT_002,Tennis_in_Australia_SEC_004_SENT_002,The lists include Australian players who have had a ranking inside the ATP or WTA top 10.,The rankings were introduced in 1973 (men) and 1975 (women).,These tournaments serve as entry level events for the ATP and WTA tours and offer points and prize money.,0.36358046531677246,0.6930133104324341,-0.3294328451156616,0
TRIPLET_00761,Sport,Tennis in Australia,https://en.wikipedia.org/wiki/Tennis_in_Australia,Broadcasting > French Open,Broadcasting > French Open,Broadcasting > WTA Tour Events,Tennis_in_Australia_SEC_007_SENT_003,Tennis_in_Australia_SEC_007_SENT_001,Tennis_in_Australia_SEC_011_SENT_001,"Previously, subscription television service Foxtel had the rights to the French Open with SBS Australia simulcasting World-feed coverage from 10:30pm AEST.","Since 2021, the Nine Network is the Australian broadcast holder with coverage on secondary channel 9Gem.","All Women's Tennis Association (WTA) Tour events, with the exception of the Brisbane, Adelaide and Hobart Internationals are televised on BeIN Sports a subscription service available through Amazon Prime Video and through BeIN Sports directly.",0.5915108323097229,0.6224807500839233,-0.03096991777420044,0
TRIPLET_00762,Sport,Tennis in Australia,https://en.wikipedia.org/wiki/Tennis_in_Australia,Lower Tier Tournaments > ITF Tour,Lower Tier Tournaments > ITF Tour,Highest ranked players > Top 10 Ranked Players,Tennis_in_Australia_SEC_004_SENT_002,Tennis_in_Australia_SEC_004_SENT_001,Tennis_in_Australia_SEC_005_SENT_001,These tournaments serve as entry level events for the ATP and WTA tours and offer points and prize money.,The lowest tier of professional tennis tournaments are the ITF Men's World Tennis Tour and the ITF Women's World Tennis Tour run by the International Tennis Federation (ITF).,The lists include Australian players who have had a ranking inside the ATP or WTA top 10.,0.5830021500587463,0.6930133104324341,-0.11001116037368774,0
TRIPLET_00763,Sport,Tennis in Australia,https://en.wikipedia.org/wiki/Tennis_in_Australia,Broadcasting > Wimbledon,Broadcasting > Wimbledon,Broadcasting > WTA Tour Events,Tennis_in_Australia_SEC_008_SENT_001,Tennis_in_Australia_SEC_008_SENT_002,Tennis_in_Australia_SEC_011_SENT_002,The Nine Network broadcast the Wimbledon Championships for over 40 years until losing the rights to rivals Seven Network following the 2010 tournament at the time citing declining ratings.,"While Seven had the Wimbledon rights, there was also an agreement with subscription television service Foxtel who had rights to televise select matches until the quarterfinals with Seven getting first pick at two daily matches they would be able to televise exclusively.","In 2021, BeIN Sports signed a deal with the WTA giving them broadcast rights until 2026.",0.626563310623169,0.43367424607276917,0.19288906455039978,1
TRIPLET_00764,Sport,Tennis in Australia,https://en.wikipedia.org/wiki/Tennis_in_Australia,Lower Tier Tournaments > ATP Challenger Tour,Lower Tier Tournaments > ATP Challenger Tour,Broadcasting > French Open,Tennis_in_Australia_SEC_002_SENT_001,Tennis_in_Australia_SEC_002_SENT_002,Tennis_in_Australia_SEC_007_SENT_002,The ATP Challenger Tour is the second tier of professional tennis tournaments run by the Association of Tennis Professionals.,"These tournaments offer up to 175 rankings points with five Challenger events currently held in Australia, Canberra in the first week of the tour, back-to-back events in Burnie, Tasmania in the fortnight following the Australian Open and in Playford, South Australia then Sydney, New South Wales in the fortnight following the ATP Tour's Asian Swing.","Additional courts are available to stream via Stan Sport, a pay for view streaming service owned by Nine.",0.549782395362854,0.3658716678619385,0.18391072750091553,1
TRIPLET_00765,Sport,Tennis in Australia,https://en.wikipedia.org/wiki/Tennis_in_Australia,Broadcasting > US Open,Broadcasting > US Open,Highest ranked players > Top 10 Ranked Players,Tennis_in_Australia_SEC_009_SENT_001,Tennis_in_Australia_SEC_009_SENT_002,Tennis_in_Australia_SEC_005_SENT_002,The Nine Network is the current broadcast holder of the US Open having gained the rights to the event from 2022 making the Nine Network the home of Australian tennis with all four Grand Slams and Australian Open lead in events as well as all Australian rubbers of the Davis Cup and the Billie Jean King Cup.,"Matches are televised on 9Gem with additional courts able to be stream via Stan Sport, a pay for view streaming service owned by Nine.",The rankings were introduced in 1973 (men) and 1975 (women).,0.6552172303199768,0.3356970548629761,0.31952017545700073,1
TRIPLET_00766,Sport,Tennis in Australia,https://en.wikipedia.org/wiki/Tennis_in_Australia,Broadcasting > French Open,Broadcasting > French Open,Lower Tier Tournaments > ATP Challenger Tour,Tennis_in_Australia_SEC_007_SENT_003,Tennis_in_Australia_SEC_007_SENT_002,Tennis_in_Australia_SEC_002_SENT_001,"Previously, subscription television service Foxtel had the rights to the French Open with SBS Australia simulcasting World-feed coverage from 10:30pm AEST.","Additional courts are available to stream via Stan Sport, a pay for view streaming service owned by Nine.",The ATP Challenger Tour is the second tier of professional tennis tournaments run by the Association of Tennis Professionals.,0.5819823741912842,0.41591858863830566,0.16606378555297852,1
TRIPLET_00767,Sport,Tennis in Australia,https://en.wikipedia.org/wiki/Tennis_in_Australia,Lower Tier Tournaments > WTA 125 Tournaments,Lower Tier Tournaments > WTA 125 Tournaments,Broadcasting > French Open,Tennis_in_Australia_SEC_003_SENT_001,Tennis_in_Australia_SEC_003_SENT_002,Tennis_in_Australia_SEC_007_SENT_001,The WTA 125 Tournaments is the second tier of WTA events with each event worth 125 points.,"There are 20 WTA 125 Tournaments, one of which is held in Canberra, simultaneously with the ATP Challenger event.","Since 2021, the Nine Network is the Australian broadcast holder with coverage on secondary channel 9Gem.",0.6884332895278931,0.2693730890750885,0.41906020045280457,1
TRIPLET_00768,Sport,Tennis in Australia,https://en.wikipedia.org/wiki/Tennis_in_Australia,Broadcasting > Australian Open,Broadcasting > Australian Open,Broadcasting > French Open,Tennis_in_Australia_SEC_006_SENT_004,Tennis_in_Australia_SEC_006_SENT_002,Tennis_in_Australia_SEC_007_SENT_002,In 2022 the Nine Network and Tennis Australia agreed to a further five years with Nine paying $85 million per year to telecast the event from 2025 until 2029.,"In March, 2018 it was announced that rival network, the Nine Network had won the rights to televise the tournament for $60 million per year, for five years between 2020 and 2024.","Additional courts are available to stream via Stan Sport, a pay for view streaming service owned by Nine.",0.8668057918548584,0.42796921730041504,0.43883657455444336,1
TRIPLET_00769,Sport,Tennis in Australia,https://en.wikipedia.org/wiki/Tennis_in_Australia,Broadcasting > French Open,Broadcasting > French Open,Broadcasting > Australian Open,Tennis_in_Australia_SEC_007_SENT_001,Tennis_in_Australia_SEC_007_SENT_002,Tennis_in_Australia_SEC_006_SENT_002,"Since 2021, the Nine Network is the Australian broadcast holder with coverage on secondary channel 9Gem.","Additional courts are available to stream via Stan Sport, a pay for view streaming service owned by Nine.","In March, 2018 it was announced that rival network, the Nine Network had won the rights to televise the tournament for $60 million per year, for five years between 2020 and 2024.",0.411723256111145,0.5481157302856445,-0.1363924741744995,0
TRIPLET_00770,Sport,Tennis in Australia,https://en.wikipedia.org/wiki/Tennis_in_Australia,Broadcasting > Wimbledon,Broadcasting > Wimbledon,Lower Tier Tournaments > ATP Challenger Tour,Tennis_in_Australia_SEC_008_SENT_001,Tennis_in_Australia_SEC_008_SENT_004,Tennis_in_Australia_SEC_002_SENT_001,The Nine Network broadcast the Wimbledon Championships for over 40 years until losing the rights to rivals Seven Network following the 2010 tournament at the time citing declining ratings.,"In addition to what was televised via their terrestrial free-to-air channel (either Channel 9 or secondary channel 9Gem), all matches are able to be streamed via Stan Sport, a pay for view streaming service owned by Nine.",The ATP Challenger Tour is the second tier of professional tennis tournaments run by the Association of Tennis Professionals.,0.3120521605014801,0.5115547776222229,-0.1995026171207428,0
TRIPLET_00771,Sport,Tennis in Australia,https://en.wikipedia.org/wiki/Tennis_in_Australia,Broadcasting > French Open,Broadcasting > French Open,Lower Tier Tournaments > ATP Challenger Tour,Tennis_in_Australia_SEC_007_SENT_003,Tennis_in_Australia_SEC_007_SENT_001,Tennis_in_Australia_SEC_002_SENT_002,"Previously, subscription television service Foxtel had the rights to the French Open with SBS Australia simulcasting World-feed coverage from 10:30pm AEST.","Since 2021, the Nine Network is the Australian broadcast holder with coverage on secondary channel 9Gem.","These tournaments offer up to 175 rankings points with five Challenger events currently held in Australia, Canberra in the first week of the tour, back-to-back events in Burnie, Tasmania in the fortnight following the Australian Open and in Playford, South Australia then Sydney, New South Wales in the fortnight following the ATP Tour's Asian Swing.",0.5915108323097229,0.6109960079193115,-0.019485175609588623,0
TRIPLET_00772,Sport,Tennis in Australia,https://en.wikipedia.org/wiki/Tennis_in_Australia,Broadcasting > Wimbledon,Broadcasting > Wimbledon,Broadcasting > Australian Open,Tennis_in_Australia_SEC_008_SENT_003,Tennis_in_Australia_SEC_008_SENT_001,Tennis_in_Australia_SEC_006_SENT_001,In late 2020 Nine regained exclusive rights to the Championships signing a three-year contract to broadcast the championships until 2023.,The Nine Network broadcast the Wimbledon Championships for over 40 years until losing the rights to rivals Seven Network following the 2010 tournament at the time citing declining ratings.,"From 1973 until 2018, the Australian Open was broadcast in Australia on the Seven Network.",0.5564122200012207,0.4774131774902344,0.07899904251098633,1
TRIPLET_00773,Sport,Tennis in Australia,https://en.wikipedia.org/wiki/Tennis_in_Australia,History,History,Broadcasting > French Open,Tennis_in_Australia_SEC_001_SENT_002,Tennis_in_Australia_SEC_001_SENT_001,Tennis_in_Australia_SEC_007_SENT_002,"Rod Laver has twice achieved the Grand Slam in men's singles, in 1962 and 1969, the only tennis player to have accomplished this feat.","In the 1950s, Australia became a tennis power, and Australian men won the Davis Cup 15 times from 1950 to 1967, led by outstanding players such as Frank Sedgman, Ken Rosewall, Lew Hoad, Roy Emerson, and Ashley Cooper.","Additional courts are available to stream via Stan Sport, a pay for view streaming service owned by Nine.",0.6861104965209961,0.32409921288490295,0.36201128363609314,1
TRIPLET_00774,Sport,Tennis in Australia,https://en.wikipedia.org/wiki/Tennis_in_Australia,Broadcasting > Wimbledon,Broadcasting > Wimbledon,Lower Tier Tournaments > ITF Tour,Tennis_in_Australia_SEC_008_SENT_001,Tennis_in_Australia_SEC_008_SENT_003,Tennis_in_Australia_SEC_004_SENT_002,The Nine Network broadcast the Wimbledon Championships for over 40 years until losing the rights to rivals Seven Network following the 2010 tournament at the time citing declining ratings.,In late 2020 Nine regained exclusive rights to the Championships signing a three-year contract to broadcast the championships until 2023.,These tournaments serve as entry level events for the ATP and WTA tours and offer points and prize money.,0.5564122200012207,0.3857199251651764,0.1706922948360443,1
TRIPLET_00775,Sport,Tennis in Australia,https://en.wikipedia.org/wiki/Tennis_in_Australia,Lower Tier Tournaments > ITF Tour,Lower Tier Tournaments > ITF Tour,Lower Tier Tournaments > ATP Challenger Tour,Tennis_in_Australia_SEC_004_SENT_001,Tennis_in_Australia_SEC_004_SENT_002,Tennis_in_Australia_SEC_002_SENT_001,The lowest tier of professional tennis tournaments are the ITF Men's World Tennis Tour and the ITF Women's World Tennis Tour run by the International Tennis Federation (ITF).,These tournaments serve as entry level events for the ATP and WTA tours and offer points and prize money.,The ATP Challenger Tour is the second tier of professional tennis tournaments run by the Association of Tennis Professionals.,0.5830021500587463,0.8241531848907471,-0.24115103483200073,0
TRIPLET_00776,Sport,Tennis in Australia,https://en.wikipedia.org/wiki/Tennis_in_Australia,Broadcasting > French Open,Broadcasting > French Open,Lower Tier Tournaments > WTA 125 Tournaments,Tennis_in_Australia_SEC_007_SENT_002,Tennis_in_Australia_SEC_007_SENT_003,Tennis_in_Australia_SEC_003_SENT_002,"Additional courts are available to stream via Stan Sport, a pay for view streaming service owned by Nine.","Previously, subscription television service Foxtel had the rights to the French Open with SBS Australia simulcasting World-feed coverage from 10:30pm AEST.","There are 20 WTA 125 Tournaments, one of which is held in Canberra, simultaneously with the ATP Challenger event.",0.5819823741912842,0.37270689010620117,0.209275484085083,1
TRIPLET_00777,Sport,Tennis in Australia,https://en.wikipedia.org/wiki/Tennis_in_Australia,Broadcasting > WTA Tour Events,Broadcasting > WTA Tour Events,Broadcasting > US Open,Tennis_in_Australia_SEC_011_SENT_001,Tennis_in_Australia_SEC_011_SENT_002,Tennis_in_Australia_SEC_009_SENT_003,"All Women's Tennis Association (WTA) Tour events, with the exception of the Brisbane, Adelaide and Hobart Internationals are televised on BeIN Sports a subscription service available through Amazon Prime Video and through BeIN Sports directly.","In 2021, BeIN Sports signed a deal with the WTA giving them broadcast rights until 2026.","Prior to Nine, subscription channel ESPN Australia broadcast the US Open simulcasting coverage from their American counterparts with localised coverage occurring for matches involving Australian players.",0.5618188381195068,0.6784887909889221,-0.11666995286941528,0
TRIPLET_00778,Sport,Tennis in Australia,https://en.wikipedia.org/wiki/Tennis_in_Australia,Broadcasting > US Open,Broadcasting > US Open,Broadcasting > Australian Open,Tennis_in_Australia_SEC_009_SENT_001,Tennis_in_Australia_SEC_009_SENT_004,Tennis_in_Australia_SEC_006_SENT_003,The Nine Network is the current broadcast holder of the US Open having gained the rights to the event from 2022 making the Nine Network the home of Australian tennis with all four Grand Slams and Australian Open lead in events as well as all Australian rubbers of the Davis Cup and the Billie Jean King Cup.,"Additionally, between 2019 and 2021 SBS Australia simulcast coverage of the Quarterfinals onwards using the World Feed.","While the contract was not to begin until 2020, the Nine Network, incumbent rights holders the Seven Network and Tennis Australia negotiated to bring this forward by one year allowing Nine to telecast the Australian Open from 2019.",0.6686628460884094,0.6916652321815491,-0.02300238609313965,0
TRIPLET_00779,Sport,Tennis in Australia,https://en.wikipedia.org/wiki/Tennis_in_Australia,Broadcasting > ATP Tour Events,Broadcasting > ATP Tour Events,Lower Tier Tournaments > WTA 125 Tournaments,Tennis_in_Australia_SEC_010_SENT_002,Tennis_in_Australia_SEC_010_SENT_001,Tennis_in_Australia_SEC_003_SENT_001,"Prior to 2021, ATP Masters 1000 and 500 tournaments were televised on ESPN Australia with non-Australian ATP 250 tournaments on Fox Sports Australia.","Since 2021 all ATP Masters 1000 tournaments and ATP 500 tournaments as well as ATP 250 tournaments with the exception of the Brisbane and Adelaide Internationals, are broadcast on BeIN Sports a subscription service available through Amazon Prime Video and through BeIN Sports directly.",The WTA 125 Tournaments is the second tier of WTA events with each event worth 125 points.,0.7916271686553955,0.5495449900627136,0.24208217859268188,1
TRIPLET_00780,Sport,Tennis in Australia,https://en.wikipedia.org/wiki/Tennis_in_Australia,Lower Tier Tournaments > ATP Challenger Tour,Lower Tier Tournaments > ATP Challenger Tour,Highest ranked players > Top 10 Ranked Players,Tennis_in_Australia_SEC_002_SENT_001,Tennis_in_Australia_SEC_002_SENT_002,Tennis_in_Australia_SEC_005_SENT_002,The ATP Challenger Tour is the second tier of professional tennis tournaments run by the Association of Tennis Professionals.,"These tournaments offer up to 175 rankings points with five Challenger events currently held in Australia, Canberra in the first week of the tour, back-to-back events in Burnie, Tasmania in the fortnight following the Australian Open and in Playford, South Australia then Sydney, New South Wales in the fortnight following the ATP Tour's Asian Swing.",The rankings were introduced in 1973 (men) and 1975 (women).,0.549782395362854,0.2901808023452759,0.2596015930175781,1
TRIPLET_00781,Sport,Tennis in Australia,https://en.wikipedia.org/wiki/Tennis_in_Australia,Lower Tier Tournaments > WTA 125 Tournaments,Lower Tier Tournaments > WTA 125 Tournaments,Broadcasting > WTA Tour Events,Tennis_in_Australia_SEC_003_SENT_001,Tennis_in_Australia_SEC_003_SENT_002,Tennis_in_Australia_SEC_011_SENT_002,The WTA 125 Tournaments is the second tier of WTA events with each event worth 125 points.,"There are 20 WTA 125 Tournaments, one of which is held in Canberra, simultaneously with the ATP Challenger event.","In 2021, BeIN Sports signed a deal with the WTA giving them broadcast rights until 2026.",0.6884332895278931,0.4603291153907776,0.22810417413711548,1
TRIPLET_00782,Sport,Tennis in Australia,https://en.wikipedia.org/wiki/Tennis_in_Australia,Broadcasting > Australian Open,Broadcasting > Australian Open,Broadcasting > WTA Tour Events,Tennis_in_Australia_SEC_006_SENT_003,Tennis_in_Australia_SEC_006_SENT_002,Tennis_in_Australia_SEC_011_SENT_001,"While the contract was not to begin until 2020, the Nine Network, incumbent rights holders the Seven Network and Tennis Australia negotiated to bring this forward by one year allowing Nine to telecast the Australian Open from 2019.","In March, 2018 it was announced that rival network, the Nine Network had won the rights to televise the tournament for $60 million per year, for five years between 2020 and 2024.","All Women's Tennis Association (WTA) Tour events, with the exception of the Brisbane, Adelaide and Hobart Internationals are televised on BeIN Sports a subscription service available through Amazon Prime Video and through BeIN Sports directly.",0.6731603145599365,0.5049780011177063,0.16818231344223022,1
TRIPLET_00783,Sport,Tennis in Australia,https://en.wikipedia.org/wiki/Tennis_in_Australia,Broadcasting > WTA Tour Events,Broadcasting > WTA Tour Events,Lower Tier Tournaments > ITF Tour,Tennis_in_Australia_SEC_011_SENT_001,Tennis_in_Australia_SEC_011_SENT_002,Tennis_in_Australia_SEC_004_SENT_001,"All Women's Tennis Association (WTA) Tour events, with the exception of the Brisbane, Adelaide and Hobart Internationals are televised on BeIN Sports a subscription service available through Amazon Prime Video and through BeIN Sports directly.","In 2021, BeIN Sports signed a deal with the WTA giving them broadcast rights until 2026.",The lowest tier of professional tennis tournaments are the ITF Men's World Tennis Tour and the ITF Women's World Tennis Tour run by the International Tennis Federation (ITF).,0.5618188381195068,0.623277485370636,-0.06145864725112915,0
TRIPLET_00784,Sport,Tennis in Australia,https://en.wikipedia.org/wiki/Tennis_in_Australia,Highest ranked players > Top 10 Ranked Players,Highest ranked players > Top 10 Ranked Players,History,Tennis_in_Australia_SEC_005_SENT_001,Tennis_in_Australia_SEC_005_SENT_002,Tennis_in_Australia_SEC_001_SENT_001,The lists include Australian players who have had a ranking inside the ATP or WTA top 10.,The rankings were introduced in 1973 (men) and 1975 (women).,"In the 1950s, Australia became a tennis power, and Australian men won the Davis Cup 15 times from 1950 to 1967, led by outstanding players such as Frank Sedgman, Ken Rosewall, Lew Hoad, Roy Emerson, and Ashley Cooper.",0.36358046531677246,0.6900640726089478,-0.3264836072921753,0
TRIPLET_00785,Sport,Tennis in Australia,https://en.wikipedia.org/wiki/Tennis_in_Australia,Lower Tier Tournaments > WTA 125 Tournaments,Lower Tier Tournaments > WTA 125 Tournaments,Broadcasting > US Open,Tennis_in_Australia_SEC_003_SENT_002,Tennis_in_Australia_SEC_003_SENT_001,Tennis_in_Australia_SEC_009_SENT_001,"There are 20 WTA 125 Tournaments, one of which is held in Canberra, simultaneously with the ATP Challenger event.",The WTA 125 Tournaments is the second tier of WTA events with each event worth 125 points.,The Nine Network is the current broadcast holder of the US Open having gained the rights to the event from 2022 making the Nine Network the home of Australian tennis with all four Grand Slams and Australian Open lead in events as well as all Australian rubbers of the Davis Cup and the Billie Jean King Cup.,0.6884332895278931,0.7026607394218445,-0.014227449893951416,0
TRIPLET_00786,Sport,Tennis in Australia,https://en.wikipedia.org/wiki/Tennis_in_Australia,Lower Tier Tournaments > WTA 125 Tournaments,Lower Tier Tournaments > WTA 125 Tournaments,Broadcasting > WTA Tour Events,Tennis_in_Australia_SEC_003_SENT_002,Tennis_in_Australia_SEC_003_SENT_001,Tennis_in_Australia_SEC_011_SENT_001,"There are 20 WTA 125 Tournaments, one of which is held in Canberra, simultaneously with the ATP Challenger event.",The WTA 125 Tournaments is the second tier of WTA events with each event worth 125 points.,"All Women's Tennis Association (WTA) Tour events, with the exception of the Brisbane, Adelaide and Hobart Internationals are televised on BeIN Sports a subscription service available through Amazon Prime Video and through BeIN Sports directly.",0.6884332895278931,0.6256976127624512,0.0627356767654419,1
TRIPLET_00787,Sport,Tennis in Australia,https://en.wikipedia.org/wiki/Tennis_in_Australia,Broadcasting > Australian Open,Broadcasting > Australian Open,Broadcasting > WTA Tour Events,Tennis_in_Australia_SEC_006_SENT_005,Tennis_in_Australia_SEC_006_SENT_001,Tennis_in_Australia_SEC_011_SENT_002,"In addition to the Australian Open, Nine have the exclusive rights to televise the Australian-held lead in events including the United Cup, Brisbane International, Adelaide International and formerly the Hopman Cup, ATP Cup Sydney International and temporary Melbourne events held in 2021.","From 1973 until 2018, the Australian Open was broadcast in Australia on the Seven Network.","In 2021, BeIN Sports signed a deal with the WTA giving them broadcast rights until 2026.",0.747663676738739,0.5909464955329895,0.1567171812057495,1
TRIPLET_00788,Sport,Tennis in Australia,https://en.wikipedia.org/wiki/Tennis_in_Australia,Broadcasting > French Open,Broadcasting > French Open,Lower Tier Tournaments > ATP Challenger Tour,Tennis_in_Australia_SEC_007_SENT_002,Tennis_in_Australia_SEC_007_SENT_001,Tennis_in_Australia_SEC_002_SENT_002,"Additional courts are available to stream via Stan Sport, a pay for view streaming service owned by Nine.","Since 2021, the Nine Network is the Australian broadcast holder with coverage on secondary channel 9Gem.","These tournaments offer up to 175 rankings points with five Challenger events currently held in Australia, Canberra in the first week of the tour, back-to-back events in Burnie, Tasmania in the fortnight following the Australian Open and in Playford, South Australia then Sydney, New South Wales in the fortnight following the ATP Tour's Asian Swing.",0.411723256111145,0.39663684368133545,0.01508641242980957,1
TRIPLET_00789,Sport,Tennis in Australia,https://en.wikipedia.org/wiki/Tennis_in_Australia,Broadcasting > Wimbledon,Broadcasting > Wimbledon,Broadcasting > ATP Tour Events,Tennis_in_Australia_SEC_008_SENT_004,Tennis_in_Australia_SEC_008_SENT_001,Tennis_in_Australia_SEC_010_SENT_002,"In addition to what was televised via their terrestrial free-to-air channel (either Channel 9 or secondary channel 9Gem), all matches are able to be streamed via Stan Sport, a pay for view streaming service owned by Nine.",The Nine Network broadcast the Wimbledon Championships for over 40 years until losing the rights to rivals Seven Network following the 2010 tournament at the time citing declining ratings.,"Prior to 2021, ATP Masters 1000 and 500 tournaments were televised on ESPN Australia with non-Australian ATP 250 tournaments on Fox Sports Australia.",0.3120521605014801,0.5613491535186768,-0.24929699301719666,0
TRIPLET_00790,Sport,Tennis in Australia,https://en.wikipedia.org/wiki/Tennis_in_Australia,Broadcasting > ATP Tour Events,Broadcasting > ATP Tour Events,Lower Tier Tournaments > ATP Challenger Tour,Tennis_in_Australia_SEC_010_SENT_002,Tennis_in_Australia_SEC_010_SENT_001,Tennis_in_Australia_SEC_002_SENT_002,"Prior to 2021, ATP Masters 1000 and 500 tournaments were televised on ESPN Australia with non-Australian ATP 250 tournaments on Fox Sports Australia.","Since 2021 all ATP Masters 1000 tournaments and ATP 500 tournaments as well as ATP 250 tournaments with the exception of the Brisbane and Adelaide Internationals, are broadcast on BeIN Sports a subscription service available through Amazon Prime Video and through BeIN Sports directly.","These tournaments offer up to 175 rankings points with five Challenger events currently held in Australia, Canberra in the first week of the tour, back-to-back events in Burnie, Tasmania in the fortnight following the Australian Open and in Playford, South Australia then Sydney, New South Wales in the fortnight following the ATP Tour's Asian Swing.",0.7916271686553955,0.6783910393714905,0.11323612928390503,1
TRIPLET_00791,Sport,Tennis in Australia,https://en.wikipedia.org/wiki/Tennis_in_Australia,Broadcasting > Australian Open,Broadcasting > Australian Open,Lower Tier Tournaments > ATP Challenger Tour,Tennis_in_Australia_SEC_006_SENT_001,Tennis_in_Australia_SEC_006_SENT_008,Tennis_in_Australia_SEC_002_SENT_002,"From 1973 until 2018, the Australian Open was broadcast in Australia on the Seven Network.","Furthermore, all matches, on all courts are available to stream for free through Nine's live stream, video on demand and catch-up TV service 9Now with matches also available without commercials and on demand through Nine's subscription sports streaming service Stan Sport.","These tournaments offer up to 175 rankings points with five Challenger events currently held in Australia, Canberra in the first week of the tour, back-to-back events in Burnie, Tasmania in the fortnight following the Australian Open and in Playford, South Australia then Sydney, New South Wales in the fortnight following the ATP Tour's Asian Swing.",0.3645419776439667,0.6462183594703674,-0.28167638182640076,0
TRIPLET_00792,Sport,Tennis in Australia,https://en.wikipedia.org/wiki/Tennis_in_Australia,Broadcasting > WTA Tour Events,Broadcasting > WTA Tour Events,Broadcasting > French Open,Tennis_in_Australia_SEC_011_SENT_002,Tennis_in_Australia_SEC_011_SENT_001,Tennis_in_Australia_SEC_007_SENT_003,"In 2021, BeIN Sports signed a deal with the WTA giving them broadcast rights until 2026.","All Women's Tennis Association (WTA) Tour events, with the exception of the Brisbane, Adelaide and Hobart Internationals are televised on BeIN Sports a subscription service available through Amazon Prime Video and through BeIN Sports directly.","Previously, subscription television service Foxtel had the rights to the French Open with SBS Australia simulcasting World-feed coverage from 10:30pm AEST.",0.5618188381195068,0.5175958871841431,0.04422295093536377,1
TRIPLET_00793,Sport,Tennis in Australia,https://en.wikipedia.org/wiki/Tennis_in_Australia,Broadcasting > Australian Open,Broadcasting > Australian Open,History,Tennis_in_Australia_SEC_006_SENT_005,Tennis_in_Australia_SEC_006_SENT_007,Tennis_in_Australia_SEC_001_SENT_001,"In addition to the Australian Open, Nine have the exclusive rights to televise the Australian-held lead in events including the United Cup, Brisbane International, Adelaide International and formerly the Hopman Cup, ATP Cup Sydney International and temporary Melbourne events held in 2021.",during the hour long Nine News bulletin between 6pm and 7pm.,"In the 1950s, Australia became a tennis power, and Australian men won the Davis Cup 15 times from 1950 to 1967, led by outstanding players such as Frank Sedgman, Ken Rosewall, Lew Hoad, Roy Emerson, and Ashley Cooper.",0.4594825506210327,0.6058632135391235,-0.14638066291809082,0
TRIPLET_00794,Sport,Tennis in Australia,https://en.wikipedia.org/wiki/Tennis_in_Australia,Broadcasting > US Open,Broadcasting > US Open,Broadcasting > Wimbledon,Tennis_in_Australia_SEC_009_SENT_001,Tennis_in_Australia_SEC_009_SENT_004,Tennis_in_Australia_SEC_008_SENT_003,The Nine Network is the current broadcast holder of the US Open having gained the rights to the event from 2022 making the Nine Network the home of Australian tennis with all four Grand Slams and Australian Open lead in events as well as all Australian rubbers of the Davis Cup and the Billie Jean King Cup.,"Additionally, between 2019 and 2021 SBS Australia simulcast coverage of the Quarterfinals onwards using the World Feed.",In late 2020 Nine regained exclusive rights to the Championships signing a three-year contract to broadcast the championships until 2023.,0.6686628460884094,0.6301954984664917,0.038467347621917725,1
TRIPLET_00795,Sport,Tennis in Australia,https://en.wikipedia.org/wiki/Tennis_in_Australia,Highest ranked players > Top 10 Ranked Players,Highest ranked players > Top 10 Ranked Players,Broadcasting > Wimbledon,Tennis_in_Australia_SEC_005_SENT_001,Tennis_in_Australia_SEC_005_SENT_002,Tennis_in_Australia_SEC_008_SENT_004,The lists include Australian players who have had a ranking inside the ATP or WTA top 10.,The rankings were introduced in 1973 (men) and 1975 (women).,"In addition to what was televised via their terrestrial free-to-air channel (either Channel 9 or secondary channel 9Gem), all matches are able to be streamed via Stan Sport, a pay for view streaming service owned by Nine.",0.36358046531677246,0.38738012313842773,-0.023799657821655273,0
TRIPLET_00796,Sport,Tennis in Australia,https://en.wikipedia.org/wiki/Tennis_in_Australia,Lower Tier Tournaments > ITF Tour,Lower Tier Tournaments > ITF Tour,Lower Tier Tournaments > WTA 125 Tournaments,Tennis_in_Australia_SEC_004_SENT_001,Tennis_in_Australia_SEC_004_SENT_002,Tennis_in_Australia_SEC_003_SENT_001,The lowest tier of professional tennis tournaments are the ITF Men's World Tennis Tour and the ITF Women's World Tennis Tour run by the International Tennis Federation (ITF).,These tournaments serve as entry level events for the ATP and WTA tours and offer points and prize money.,The WTA 125 Tournaments is the second tier of WTA events with each event worth 125 points.,0.5830021500587463,0.5893348455429077,-0.006332695484161377,0
TRIPLET_00797,Sport,Tennis in Australia,https://en.wikipedia.org/wiki/Tennis_in_Australia,Broadcasting > ATP Tour Events,Broadcasting > ATP Tour Events,Broadcasting > French Open,Tennis_in_Australia_SEC_010_SENT_001,Tennis_in_Australia_SEC_010_SENT_002,Tennis_in_Australia_SEC_007_SENT_003,"Since 2021 all ATP Masters 1000 tournaments and ATP 500 tournaments as well as ATP 250 tournaments with the exception of the Brisbane and Adelaide Internationals, are broadcast on BeIN Sports a subscription service available through Amazon Prime Video and through BeIN Sports directly.","Prior to 2021, ATP Masters 1000 and 500 tournaments were televised on ESPN Australia with non-Australian ATP 250 tournaments on Fox Sports Australia.","Previously, subscription television service Foxtel had the rights to the French Open with SBS Australia simulcasting World-feed coverage from 10:30pm AEST.",0.7916271686553955,0.6620655059814453,0.1295616626739502,1
TRIPLET_00798,Sport,Tennis in Australia,https://en.wikipedia.org/wiki/Tennis_in_Australia,History,History,Broadcasting > French Open,Tennis_in_Australia_SEC_001_SENT_001,Tennis_in_Australia_SEC_001_SENT_003,Tennis_in_Australia_SEC_007_SENT_001,"In the 1950s, Australia became a tennis power, and Australian men won the Davis Cup 15 times from 1950 to 1967, led by outstanding players such as Frank Sedgman, Ken Rosewall, Lew Hoad, Roy Emerson, and Ashley Cooper.","Fellow Australian tennis player Margaret Smith Court also achieved the Grand Slam in women's singles in 1970, Margaret Court also holds the record for the greatest number of women's singles Grand Slams won and is one of only three players ever to have won a career Grand Slam ""boxed set""","Since 2021, the Nine Network is the Australian broadcast holder with coverage on secondary channel 9Gem.",0.6518762707710266,0.3447725772857666,0.30710369348526,1
TRIPLET_00799,Sport,Tennis in Australia,https://en.wikipedia.org/wiki/Tennis_in_Australia,Broadcasting > US Open,Broadcasting > US Open,Broadcasting > Australian Open,Tennis_in_Australia_SEC_009_SENT_004,Tennis_in_Australia_SEC_009_SENT_001,Tennis_in_Australia_SEC_006_SENT_005,"Additionally, between 2019 and 2021 SBS Australia simulcast coverage of the Quarterfinals onwards using the World Feed.",The Nine Network is the current broadcast holder of the US Open having gained the rights to the event from 2022 making the Nine Network the home of Australian tennis with all four Grand Slams and Australian Open lead in events as well as all Australian rubbers of the Davis Cup and the Billie Jean King Cup.,"In addition to the Australian Open, Nine have the exclusive rights to televise the Australian-held lead in events including the United Cup, Brisbane International, Adelaide International and formerly the Hopman Cup, ATP Cup Sydney International and temporary Melbourne events held in 2021.",0.6686628460884094,0.7236864566802979,-0.05502361059188843,0
TRIPLET_00800,Sport,Tennis in Australia,https://en.wikipedia.org/wiki/Tennis_in_Australia,Broadcasting > WTA Tour Events,Broadcasting > WTA Tour Events,Highest ranked players > Top 10 Ranked Players,Tennis_in_Australia_SEC_011_SENT_001,Tennis_in_Australia_SEC_011_SENT_002,Tennis_in_Australia_SEC_005_SENT_001,"All Women's Tennis Association (WTA) Tour events, with the exception of the Brisbane, Adelaide and Hobart Internationals are televised on BeIN Sports a subscription service available through Amazon Prime Video and through BeIN Sports directly.","In 2021, BeIN Sports signed a deal with the WTA giving them broadcast rights until 2026.",The lists include Australian players who have had a ranking inside the ATP or WTA top 10.,0.5618188381195068,0.5568342804908752,0.004984557628631592,1
TRIPLET_00801,Wildlife,Kangaroo,https://en.wikipedia.org/wiki/Kangaroo,Emblems and popular culture,Emblems and popular culture,Interaction with humans > Collisions with vehicles,Kangaroo_SEC_015_SENT_001,Kangaroo_SEC_015_SENT_012,Kangaroo_SEC_014_SENT_007,The kangaroo is a recognisable symbol of Australia.,"Kangaroos are featured in the Rolf Harris song ""Tie Me Kangaroo Down, Sport"" and several Christmas carols.","As a result, ""kangaroo crossing"" signs are commonplace in Australia.",0.48123711347579956,0.8509061932563782,-0.3696690797805786,0
TRIPLET_00802,Wildlife,Kangaroo,https://en.wikipedia.org/wiki/Kangaroo,Biology and behaviour > Adaptations,Biology and behaviour > Adaptations,Interaction with humans > Meat,Kangaroo_SEC_009_SENT_005,Kangaroo_SEC_009_SENT_007,Kangaroo_SEC_013_SENT_003,"When the joey is born, it is about the size of a lima bean.",It is usually fed by its mother until reaching 18 months.,"Kangaroo meat has a high concentration of conjugated linoleic acid (CLA) compared with other foods, and is a rich source of vitamins and minerals.",0.36283817887306213,0.4259163737297058,-0.06307819485664368,0
TRIPLET_00803,Wildlife,Kangaroo,https://en.wikipedia.org/wiki/Kangaroo,Biology and behaviour > Predators,Biology and behaviour > Predators,Terminology,Kangaroo_SEC_008_SENT_005,Kangaroo_SEC_008_SENT_004,Kangaroo_SEC_001_SENT_006,"Kangaroos and wallabies are adept swimmers, and often flee into waterways if presented with the option.","Along with dingoes, introduced species such as foxes, feral cats, and both domestic and feral dogs, pose a threat to kangaroo populations.","According to this legend, Cook and Banks were exploring the area when they happened upon the animal.",0.5479294061660767,0.4079122543334961,0.14001715183258057,1
TRIPLET_00804,Wildlife,Kangaroo,https://en.wikipedia.org/wiki/Kangaroo,Interaction with humans > Meat,Interaction with humans > Meat,Biology and behaviour > Diet > Absence of digestive methane release,Kangaroo_SEC_013_SENT_005,Kangaroo_SEC_013_SENT_008,Kangaroo_SEC_006_SENT_002,Kangaroo meat is sourced from wild animals and is seen by many as the best source of population control programs as opposed to culling them as pests where carcasses are left in paddocks.,"However, it is not considered biblically kosher by Jews or Adventists.","The hydrogen by-product of fermentation is instead converted into acetate, which is then used to provide further energy.",0.30725863575935364,0.24690356850624084,0.06035506725311279,1
TRIPLET_00805,Wildlife,Kangaroo,https://en.wikipedia.org/wiki/Kangaroo,Interaction with humans,Interaction with humans,Emblems and popular culture,Kangaroo_SEC_012_SENT_014,Kangaroo_SEC_012_SENT_012,Kangaroo_SEC_015_SENT_006,The first attack occurred in New South Wales in 1936 when a hunter was killed as he tried to rescue his two dogs from a heated fray.,"There are very few records of kangaroos attacking humans without provocation; however, several such unprovoked attacks in 2004 spurred fears of a rabies-like disease possibly affecting the marsupials.","The kangaroo appears in Rudyard Kipling's Just So Stories, ""The Sing-Song of Old Man Kangaroo"", while the kangaroo is chased by a dingo, he gives Nqong the Big God's advice, that his legs and tail grew longest before five o'clock.",0.5321803092956543,0.6310302019119263,-0.09884989261627197,0
TRIPLET_00806,Wildlife,Kangaroo,https://en.wikipedia.org/wiki/Kangaroo,Terminology,Terminology,Emblems and popular culture,Kangaroo_SEC_001_SENT_010,Kangaroo_SEC_001_SENT_001,Kangaroo_SEC_015_SENT_005,"However, when Phillip Parker King visited the Endeavour River region in 1819 and 1820, he maintained that the local word was not kangaroo but menuah perhaps referring to a different species of macropod.","The word kangaroo derives from the Guugu Yimithirr word gangurru, referring to eastern grey kangaroos.","Even today, Australia's national airline, Qantas, uses a bounding kangaroo for its logo.",0.5788648724555969,0.45823943614959717,0.12062543630599976,1
TRIPLET_00807,Wildlife,Kangaroo,https://en.wikipedia.org/wiki/Kangaroo,Terminology,Terminology,Biology and behaviour > Diet,Kangaroo_SEC_001_SENT_002,Kangaroo_SEC_001_SENT_005,Kangaroo_SEC_005_SENT_006,"The name was first recorded as ""kanguru"" on 12 July 1770 in an entry in the diary of Sir Joseph Banks; this occurred at the site of modern Cooktown, on the banks of the Endeavour River, where HMS Endeavour under the command of Lieutenant James Cook was beached for almost seven weeks to repair damage sustained on the Great Barrier Reef.","A common myth about the kangaroo's English name is that it was a Guugu Yimithirr phrase for ""I don't know"" or ""I don't understand"".",Smaller species of kangaroos also consume hypogeal fungi.,0.36390528082847595,0.16305571794509888,0.20084956288337708,1
TRIPLET_00808,Wildlife,Kangaroo,https://en.wikipedia.org/wiki/Kangaroo,Biology and behaviour > Predators,Biology and behaviour > Predators,Biology and behaviour > Locomotion,Kangaroo_SEC_008_SENT_001,Kangaroo_SEC_008_SENT_004,Kangaroo_SEC_004_SENT_005,"The thylacine, considered by palaeontologists to have once been a major natural predator of the kangaroo, is now extinct.","Along with dingoes, introduced species such as foxes, feral cats, and both domestic and feral dogs, pose a threat to kangaroo populations.","At slow speeds, it employs pentapedal locomotion, using its tail to form a tripod with its two forelimbs while bringing its hind feet forward.",0.6803231239318848,0.2625299096107483,0.4177932143211365,1
TRIPLET_00809,Wildlife,Kangaroo,https://en.wikipedia.org/wiki/Kangaroo,Biology and behaviour > Blindness,Biology and behaviour > Blindness,Biology and behaviour > Predators,Kangaroo_SEC_010_SENT_001,Kangaroo_SEC_010_SENT_005,Kangaroo_SEC_008_SENT_001,Eye disease is rare but not new among kangaroos.,Australian authorities were concerned the disease could spread to other livestock and possibly humans.,"The thylacine, considered by palaeontologists to have once been a major natural predator of the kangaroo, is now extinct.",0.38975876569747925,0.45067939162254333,-0.06092062592506409,0
TRIPLET_00810,Wildlife,Kangaroo,https://en.wikipedia.org/wiki/Kangaroo,Biology and behaviour > Diet > Absence of digestive methane release,Biology and behaviour > Diet > Absence of digestive methane release,Biology and behaviour > Predators,Kangaroo_SEC_006_SENT_003,Kangaroo_SEC_006_SENT_002,Kangaroo_SEC_008_SENT_007,"Scientists are interested in the possibility of transferring the bacteria responsible for this process from kangaroos to cattle, since the greenhouse gas effect of livestock methane is a significant contributor to anthropogenic climate change.","The hydrogen by-product of fermentation is instead converted into acetate, which is then used to provide further energy.",Another defensive tactic described by witnesses is catching the attacking dog with the forepaws and disembowelling it with the hind legs.,0.5191501975059509,0.5027574300765991,0.016392767429351807,1
TRIPLET_00811,Wildlife,Kangaroo,https://en.wikipedia.org/wiki/Kangaroo,Biology and behaviour > Blindness,Biology and behaviour > Blindness,Biology and behaviour > Adaptations,Kangaroo_SEC_010_SENT_002,Kangaroo_SEC_010_SENT_005,Kangaroo_SEC_009_SENT_007,"The first official report of kangaroo blindness took place in 1994, in central New South Wales.",Australian authorities were concerned the disease could spread to other livestock and possibly humans.,It is usually fed by its mother until reaching 18 months.,0.35788655281066895,0.36824697256088257,-0.010360419750213623,0
TRIPLET_00812,Wildlife,Kangaroo,https://en.wikipedia.org/wiki/Kangaroo,Taxonomy and description,Taxonomy and description,Terminology,Kangaroo_SEC_002_SENT_036,Kangaroo_SEC_002_SENT_023,Kangaroo_SEC_001_SENT_012,The first glimpse of a kangaroo for many 18th-century Britons was a painting by George Stubbs.,"This ancestor was likely arboreal and lived in the canopies of the extensive forests that covered most of Australia at that time, when the climate was much wetter, and fed on leaves and stems.","Kangaroos are often colloquially referred to as ""roos"".",0.35325387120246887,0.4318104386329651,-0.07855656743049622,0
TRIPLET_00813,Wildlife,Kangaroo,https://en.wikipedia.org/wiki/Kangaroo,Taxonomy and description > Comparison with wallabies,Taxonomy and description > Comparison with wallabies,Biology and behaviour > Social and sexual behaviour,Kangaroo_SEC_003_SENT_001,Kangaroo_SEC_003_SENT_002,Kangaroo_SEC_007_SENT_015,"Kangaroos and wallabies belong to the same taxonomic family (Macropodidae) and often the same genera, but kangaroos are specifically categorised into the four largest species of the family.",The term wallaby is an informal designation generally used for any macropod that is smaller than a kangaroo or a wallaroo that has not been designated otherwise.,Oestrous females roam widely and attract the attention of males with conspicuous signals.,0.612464964389801,0.285200297832489,0.327264666557312,1
TRIPLET_00814,Wildlife,Kangaroo,https://en.wikipedia.org/wiki/Kangaroo,Interaction with humans,Interaction with humans,Biology and behaviour > Reproduction and life cycle,Kangaroo_SEC_012_SENT_013,Kangaroo_SEC_012_SENT_006,Kangaroo_SEC_011_SENT_004,Only two reliably documented cases of a fatality from a kangaroo attack have occurred in Australia.,"European settlers cut down forests to create vast grasslands for sheep and cattle grazing, added stock watering points in arid areas, and have substantially reduced the number of dingoes.","Even in the largest kangaroo species (the red kangaroo), the neonate emerges after only 33 days.",0.29529061913490295,0.6154477596282959,-0.32015714049339294,0
TRIPLET_00815,Wildlife,Kangaroo,https://en.wikipedia.org/wiki/Kangaroo,Emblems and popular culture,Emblems and popular culture,Biology and behaviour > Predators,Kangaroo_SEC_015_SENT_009,Kangaroo_SEC_015_SENT_005,Kangaroo_SEC_008_SENT_007,"In a nation-wide competition held in 1978 for the XII Commonwealth Games by the Games Australia Foundation Limited in 1982, Hugh Edwards' design was chosen; a simplified form of six thick stripes arranged in pairs extending from along the edges of a triangular centre represent both the kangaroo in full flight, and a stylised ""A"" for Australia.","Even today, Australia's national airline, Qantas, uses a bounding kangaroo for its logo.",Another defensive tactic described by witnesses is catching the attacking dog with the forepaws and disembowelling it with the hind legs.,0.7035070657730103,0.34242451190948486,0.3610825538635254,1
TRIPLET_00816,Wildlife,Kangaroo,https://en.wikipedia.org/wiki/Kangaroo,Biology and behaviour > Blindness,Biology and behaviour > Blindness,Biology and behaviour > Adaptations,Kangaroo_SEC_010_SENT_001,Kangaroo_SEC_010_SENT_002,Kangaroo_SEC_009_SENT_027,Eye disease is rare but not new among kangaroos.,"The first official report of kangaroo blindness took place in 1994, in central New South Wales.",The dairy industry could also benefit from this project.,0.34324055910110474,0.3493656516075134,-0.006125092506408691,0
TRIPLET_00817,Wildlife,Kangaroo,https://en.wikipedia.org/wiki/Kangaroo,Biology and behaviour > Locomotion,Biology and behaviour > Locomotion,Biology and behaviour > Adaptations,Kangaroo_SEC_004_SENT_006,Kangaroo_SEC_004_SENT_005,Kangaroo_SEC_009_SENT_024,Both pentapedal walking and fast hopping are energetically costly.,"At slow speeds, it employs pentapedal locomotion, using its tail to form a tripod with its two forelimbs while bringing its hind feet forward.",It was a collaboration between Australia (mainly funded by the State of Victoria) and the National Institutes of Health in the US.,0.4091678559780121,0.175802543759346,0.23336531221866608,1
TRIPLET_00818,Wildlife,Kangaroo,https://en.wikipedia.org/wiki/Kangaroo,Biology and behaviour > Diet > Absence of digestive methane release,Biology and behaviour > Diet > Absence of digestive methane release,Biology and behaviour > Adaptations,Kangaroo_SEC_006_SENT_001,Kangaroo_SEC_006_SENT_003,Kangaroo_SEC_009_SENT_016,"Despite having herbivorous diets similar to ruminants such as cattle, which release large quantities of digestive methane through exhaling and eructation (burping), kangaroos release virtually none.","Scientists are interested in the possibility of transferring the bacteria responsible for this process from kangaroos to cattle, since the greenhouse gas effect of livestock methane is a significant contributor to anthropogenic climate change.","They store elastic strain energy in the tendons of their large hind legs, providing most of the energy required for each hop by the spring action of the tendons rather than by any muscular effort.",0.5185614824295044,0.5060092210769653,0.012552261352539062,1
TRIPLET_00819,Wildlife,Kangaroo,https://en.wikipedia.org/wiki/Kangaroo,Biology and behaviour > Adaptations,Biology and behaviour > Adaptations,Biology and behaviour > Diet,Kangaroo_SEC_009_SENT_001,Kangaroo_SEC_009_SENT_007,Kangaroo_SEC_005_SENT_006,"Kangaroos have developed a number of adaptations to a dry, infertile country and highly variable climate.",It is usually fed by its mother until reaching 18 months.,Smaller species of kangaroos also consume hypogeal fungi.,0.20785591006278992,0.5843071937561035,-0.3764512836933136,0
TRIPLET_00820,Wildlife,Kangaroo,https://en.wikipedia.org/wiki/Kangaroo,Terminology,Terminology,Biology and behaviour > Locomotion,Kangaroo_SEC_001_SENT_011,Kangaroo_SEC_001_SENT_013,Kangaroo_SEC_004_SENT_004,"There are similar, more credible stories of naming confusion, such as with the Yucatán Peninsula.","Male kangaroos are called bucks, boomers, jacks, or old men; females are does, flyers, or jills; and the young ones are joeys.",Seventy percent of potential energy is stored in the elastic tendons.,0.3693646788597107,0.18982848525047302,0.17953619360923767,1
TRIPLET_00821,Wildlife,Kangaroo,https://en.wikipedia.org/wiki/Kangaroo,Biology and behaviour > Locomotion,Biology and behaviour > Locomotion,Taxonomy and description,Kangaroo_SEC_004_SENT_001,Kangaroo_SEC_004_SENT_005,Kangaroo_SEC_002_SENT_022,Kangaroos are the only large mammals to use hopping on two legs as their primary means of locomotion.,"At slow speeds, it employs pentapedal locomotion, using its tail to form a tripod with its two forelimbs while bringing its hind feet forward.",Kangaroos and other macropods share a common ancestor with the Phalangeridae from the Middle Miocene.,0.5210858583450317,0.4505676031112671,0.07051825523376465,1
TRIPLET_00822,Wildlife,Kangaroo,https://en.wikipedia.org/wiki/Kangaroo,Biology and behaviour > Locomotion,Biology and behaviour > Locomotion,Biology and behaviour > Reproduction and life cycle,Kangaroo_SEC_004_SENT_007,Kangaroo_SEC_004_SENT_005,Kangaroo_SEC_011_SENT_012,"Hopping at moderate speeds is the most energy efficient, and a kangaroo moving above 15 km/h (9.3 mph) maintains energy consistency more than similarly sized animals running at the same speed.","At slow speeds, it employs pentapedal locomotion, using its tail to form a tripod with its two forelimbs while bringing its hind feet forward.","Meanwhile, the neonate in the pouch grows rapidly.",0.49821242690086365,0.4333159327507019,0.06489649415016174,1
TRIPLET_00823,Wildlife,Kangaroo,https://en.wikipedia.org/wiki/Kangaroo,Interaction with humans,Interaction with humans,Biology and behaviour > Blindness,Kangaroo_SEC_012_SENT_007,Kangaroo_SEC_012_SENT_010,Kangaroo_SEC_010_SENT_005,This overabundance has led to the view that the kangaroo is a pest animal as well as requiring regular culling and other forms of management.,"In 2003, Lulu, an eastern grey which had been hand-reared, saved a farmer's life by alerting family members to his location when he was injured by a falling tree branch.",Australian authorities were concerned the disease could spread to other livestock and possibly humans.,0.4036470651626587,0.6710837483406067,-0.267436683177948,0
TRIPLET_00824,Wildlife,Kangaroo,https://en.wikipedia.org/wiki/Kangaroo,Biology and behaviour > Predators,Biology and behaviour > Predators,Biology and behaviour > Reproduction and life cycle,Kangaroo_SEC_008_SENT_005,Kangaroo_SEC_008_SENT_001,Kangaroo_SEC_011_SENT_013,"Kangaroos and wallabies are adept swimmers, and often flee into waterways if presented with the option.","The thylacine, considered by palaeontologists to have once been a major natural predator of the kangaroo, is now extinct.","After about 190 days, the baby (joey) is sufficiently large and developed to make its full emergence out of the pouch, after sticking its head out for a few weeks until it eventually feels safe enough to fully emerge.",0.4452490210533142,0.30656856298446655,0.13868045806884766,1
TRIPLET_00825,Wildlife,Kangaroo,https://en.wikipedia.org/wiki/Kangaroo,Interaction with humans > Collisions with vehicles,Interaction with humans > Collisions with vehicles,Taxonomy and description,Kangaroo_SEC_014_SENT_012,Kangaroo_SEC_014_SENT_009,Kangaroo_SEC_002_SENT_019,"In New South Wales, rehabilitation of kangaroos is carried out by volunteers from WIRES.","Bonnet-mounted devices, designed to scare wildlife off the road with ultrasound and other methods, have been devised and marketed, but are ineffective.","Characteristically, the noses of males swell behind the nostrils.",0.38761407136917114,0.12761914730072021,0.2599949240684509,1
TRIPLET_00826,Wildlife,Kangaroo,https://en.wikipedia.org/wiki/Kangaroo,Biology and behaviour > Predators,Biology and behaviour > Predators,Interaction with humans > Collisions with vehicles,Kangaroo_SEC_008_SENT_005,Kangaroo_SEC_008_SENT_003,Kangaroo_SEC_014_SENT_012,"Kangaroos and wallabies are adept swimmers, and often flee into waterways if presented with the option.","However, with the arrival of humans in Australia at least 50,000 years ago and the introduction of the dingo about 5,000 years ago, kangaroos have had to adapt.","In New South Wales, rehabilitation of kangaroos is carried out by volunteers from WIRES.",0.4132910966873169,0.4962797164916992,-0.08298861980438232,0
TRIPLET_00827,Wildlife,Kangaroo,https://en.wikipedia.org/wiki/Kangaroo,Biology and behaviour > Diet > Absence of digestive methane release,Biology and behaviour > Diet > Absence of digestive methane release,Biology and behaviour > Predators,Kangaroo_SEC_006_SENT_002,Kangaroo_SEC_006_SENT_001,Kangaroo_SEC_008_SENT_003,"The hydrogen by-product of fermentation is instead converted into acetate, which is then used to provide further energy.","Despite having herbivorous diets similar to ruminants such as cattle, which release large quantities of digestive methane through exhaling and eructation (burping), kangaroos release virtually none.","However, with the arrival of humans in Australia at least 50,000 years ago and the introduction of the dingo about 5,000 years ago, kangaroos have had to adapt.",0.33364129066467285,0.30643534660339355,0.027205944061279297,1
TRIPLET_00828,Wildlife,Kangaroo,https://en.wikipedia.org/wiki/Kangaroo,Biology and behaviour > Locomotion,Biology and behaviour > Locomotion,Biology and behaviour > Diet > Absence of digestive methane release,Kangaroo_SEC_004_SENT_004,Kangaroo_SEC_004_SENT_003,Kangaroo_SEC_006_SENT_001,Seventy percent of potential energy is stored in the elastic tendons.,"During a hop, the powerful gastrocnemius muscles lift the body off the ground while the smaller plantaris muscle, which attaches near the large fourth toe, is used for push-off.","Despite having herbivorous diets similar to ruminants such as cattle, which release large quantities of digestive methane through exhaling and eructation (burping), kangaroos release virtually none.",0.3679530620574951,0.2917932868003845,0.0761597752571106,1
TRIPLET_00829,Wildlife,Kangaroo,https://en.wikipedia.org/wiki/Kangaroo,Biology and behaviour > Diet > Absence of digestive methane release,Biology and behaviour > Diet > Absence of digestive methane release,Biology and behaviour > Diet,Kangaroo_SEC_006_SENT_003,Kangaroo_SEC_006_SENT_001,Kangaroo_SEC_005_SENT_007,"Scientists are interested in the possibility of transferring the bacteria responsible for this process from kangaroos to cattle, since the greenhouse gas effect of livestock methane is a significant contributor to anthropogenic climate change.","Despite having herbivorous diets similar to ruminants such as cattle, which release large quantities of digestive methane through exhaling and eructation (burping), kangaroos release virtually none.","Many species are nocturnal, and crepuscular, usually spending the hot days resting in shade, and the cool evenings, nights and mornings moving about and feeding.",0.5185614824295044,0.2926759123802185,0.2258855700492859,1
TRIPLET_00830,Wildlife,Kangaroo,https://en.wikipedia.org/wiki/Kangaroo,Biology and behaviour > Locomotion,Biology and behaviour > Locomotion,Biology and behaviour > Diet,Kangaroo_SEC_004_SENT_003,Kangaroo_SEC_004_SENT_001,Kangaroo_SEC_005_SENT_001,"During a hop, the powerful gastrocnemius muscles lift the body off the ground while the smaller plantaris muscle, which attaches near the large fourth toe, is used for push-off.",Kangaroos are the only large mammals to use hopping on two legs as their primary means of locomotion.,"Kangaroos have single-chambered stomachs quite unlike those of cattle and sheep, which have four compartments.",0.4783036708831787,0.30754709243774414,0.17075657844543457,1
TRIPLET_00831,Wildlife,Kangaroo,https://en.wikipedia.org/wiki/Kangaroo,Interaction with humans > Collisions with vehicles,Interaction with humans > Collisions with vehicles,Biology and behaviour > Diet,Kangaroo_SEC_014_SENT_009,Kangaroo_SEC_014_SENT_008,Kangaroo_SEC_005_SENT_004,"Bonnet-mounted devices, designed to scare wildlife off the road with ultrasound and other methods, have been devised and marketed, but are ineffective.","Vehicles that frequent isolated roads, where roadside assistance may be scarce, are often fitted with ""roo bars"" to minimise damage caused by collision.","Different species of kangaroos have different diets, although all are strict herbivores.",0.622844934463501,0.4525737166404724,0.17027121782302856,1
TRIPLET_00832,Wildlife,Kangaroo,https://en.wikipedia.org/wiki/Kangaroo,Interaction with humans > Collisions with vehicles,Interaction with humans > Collisions with vehicles,Biology and behaviour > Locomotion,Kangaroo_SEC_014_SENT_007,Kangaroo_SEC_014_SENT_006,Kangaroo_SEC_004_SENT_008,"As a result, ""kangaroo crossing"" signs are commonplace in Australia.",The risk of harm or death to vehicle occupants is greatly increased if the windscreen is the point of impact.,"Kangaroos can attain considerable height when jumping, according to Guinness the highest recorded jump for a red kangaroo is about 10 feet (3.0 m), whereas for the eastern grey kangaroo it is 8 feet (2.4 m).",0.3955186605453491,0.5589516162872314,-0.16343295574188232,0
TRIPLET_00833,Wildlife,Kangaroo,https://en.wikipedia.org/wiki/Kangaroo,Biology and behaviour > Blindness,Biology and behaviour > Blindness,Interaction with humans > Meat,Kangaroo_SEC_010_SENT_005,Kangaroo_SEC_010_SENT_006,Kangaroo_SEC_013_SENT_001,Australian authorities were concerned the disease could spread to other livestock and possibly humans.,"Researchers at the Australian Animal Health Laboratories in Geelong detected a virus called the Wallal virus in two species of midges, believed to have been the carriers.",The kangaroo has been a source of food for indigenous Australians for tens of thousands of years.,0.6266940832138062,0.3284110426902771,0.29828304052352905,1
TRIPLET_00834,Wildlife,Kangaroo,https://en.wikipedia.org/wiki/Kangaroo,Biology and behaviour > Social and sexual behaviour,Biology and behaviour > Social and sexual behaviour,Emblems and popular culture,Kangaroo_SEC_007_SENT_034,Kangaroo_SEC_007_SENT_036,Kangaroo_SEC_015_SENT_011,"During fighting, the combatants adopt a high standing posture and paw at each other's heads, shoulders and chests.","Brief fights are similar, except there is no forearm locking.",Skippy the Bush Kangaroo was a popular 1960s Australian children's television series about a fictional pet kangaroo.,0.1937096118927002,0.17956307530403137,0.014146536588668823,1
TRIPLET_00835,Wildlife,Kangaroo,https://en.wikipedia.org/wiki/Kangaroo,Biology and behaviour > Diet > Absence of digestive methane release,Biology and behaviour > Diet > Absence of digestive methane release,Biology and behaviour > Social and sexual behaviour,Kangaroo_SEC_006_SENT_001,Kangaroo_SEC_006_SENT_002,Kangaroo_SEC_007_SENT_016,"Despite having herbivorous diets similar to ruminants such as cattle, which release large quantities of digestive methane through exhaling and eructation (burping), kangaroos release virtually none.","The hydrogen by-product of fermentation is instead converted into acetate, which is then used to provide further energy.",A male will monitor a female and follow her every movement.,0.33364129066467285,0.020792832598090172,0.3128484580665827,1
TRIPLET_00836,Wildlife,Kangaroo,https://en.wikipedia.org/wiki/Kangaroo,Interaction with humans > Collisions with vehicles,Interaction with humans > Collisions with vehicles,Biology and behaviour > Diet > Absence of digestive methane release,Kangaroo_SEC_014_SENT_010,Kangaroo_SEC_014_SENT_006,Kangaroo_SEC_006_SENT_002,"If a female is the victim of a collision, animal welfare groups ask that her pouch be checked for any surviving joey, in which case it may be removed to a wildlife sanctuary or veterinary surgeon for rehabilitation.",The risk of harm or death to vehicle occupants is greatly increased if the windscreen is the point of impact.,"The hydrogen by-product of fermentation is instead converted into acetate, which is then used to provide further energy.",0.3310457468032837,0.21381986141204834,0.11722588539123535,1
TRIPLET_00837,Wildlife,Kangaroo,https://en.wikipedia.org/wiki/Kangaroo,Terminology,Terminology,Emblems and popular culture,Kangaroo_SEC_001_SENT_003,Kangaroo_SEC_001_SENT_014,Kangaroo_SEC_015_SENT_008,Cook first referred to kangaroos in his diary entry of 4 August.,"The collective noun for a group of kangaroos is a mob, court, or troupe.",Examples include the Australian national rugby league team (the Kangaroos) and the Australian national rugby union team (the Wallabies).,0.4193858504295349,0.3698946237564087,0.04949122667312622,1
TRIPLET_00838,Wildlife,Kangaroo,https://en.wikipedia.org/wiki/Kangaroo,Interaction with humans > Collisions with vehicles,Interaction with humans > Collisions with vehicles,Terminology,Kangaroo_SEC_014_SENT_002,Kangaroo_SEC_014_SENT_009,Kangaroo_SEC_001_SENT_001,A collision with a vehicle is capable of killing a kangaroo.,"Bonnet-mounted devices, designed to scare wildlife off the road with ultrasound and other methods, have been devised and marketed, but are ineffective.","The word kangaroo derives from the Guugu Yimithirr word gangurru, referring to eastern grey kangaroos.",0.41550734639167786,0.5288704633712769,-0.113363116979599,0
TRIPLET_00839,Wildlife,Kangaroo,https://en.wikipedia.org/wiki/Kangaroo,Biology and behaviour > Diet,Biology and behaviour > Diet,Biology and behaviour > Predators,Kangaroo_SEC_005_SENT_004,Kangaroo_SEC_005_SENT_006,Kangaroo_SEC_008_SENT_005,"Different species of kangaroos have different diets, although all are strict herbivores.",Smaller species of kangaroos also consume hypogeal fungi.,"Kangaroos and wallabies are adept swimmers, and often flee into waterways if presented with the option.",0.6426358222961426,0.5309689044952393,0.11166691780090332,1
TRIPLET_00840,Wildlife,Kangaroo,https://en.wikipedia.org/wiki/Kangaroo,Taxonomy and description,Taxonomy and description,Emblems and popular culture,Kangaroo_SEC_002_SENT_025,Kangaroo_SEC_002_SENT_031,Kangaroo_SEC_015_SENT_010,"At this time, there was a radiation of macropodids characterised by enlarged body size and adaptation to the low quality grass diet with the development of foregut fermentation.","In addition, their ankle bones had an articulation that would have prohibited much lateral movements, an adaptation for bipedal hopping.","Kangaroos are well represented in films, television, books, toys and souvenirs around the world.",0.4373070299625397,0.3461783528327942,0.09112867712974548,1
TRIPLET_00841,Wildlife,Kangaroo,https://en.wikipedia.org/wiki/Kangaroo,Interaction with humans > Meat,Interaction with humans > Meat,Biology and behaviour > Diet,Kangaroo_SEC_013_SENT_001,Kangaroo_SEC_013_SENT_003,Kangaroo_SEC_005_SENT_004,The kangaroo has been a source of food for indigenous Australians for tens of thousands of years.,"Kangaroo meat has a high concentration of conjugated linoleic acid (CLA) compared with other foods, and is a rich source of vitamins and minerals.","Different species of kangaroos have different diets, although all are strict herbivores.",0.5267819762229919,0.4886658787727356,0.03811609745025635,1
TRIPLET_00842,Wildlife,Kangaroo,https://en.wikipedia.org/wiki/Kangaroo,Taxonomy and description > Comparison with wallabies,Taxonomy and description > Comparison with wallabies,Biology and behaviour > Reproduction and life cycle,Kangaroo_SEC_003_SENT_001,Kangaroo_SEC_003_SENT_002,Kangaroo_SEC_011_SENT_016,"Kangaroos and wallabies belong to the same taxonomic family (Macropodidae) and often the same genera, but kangaroos are specifically categorised into the four largest species of the family.",The term wallaby is an informal designation generally used for any macropod that is smaller than a kangaroo or a wallaroo that has not been designated otherwise.,"Most individuals, however, do not reach maturity in the wild.",0.612464964389801,0.31208157539367676,0.30038338899612427,1
TRIPLET_00843,Wildlife,Kangaroo,https://en.wikipedia.org/wiki/Kangaroo,Interaction with humans,Interaction with humans,Interaction with humans > Meat,Kangaroo_SEC_012_SENT_009,Kangaroo_SEC_012_SENT_019,Kangaroo_SEC_013_SENT_005,"Kangaroos are shy and retiring by nature, and in normal circumstances present no threat to humans.","Kangaroos, even those that are not domesticated, were observed using their gaze to communicate with humans, alternately looking at researchers and at a box of food, similarly to domestic dogs.",Kangaroo meat is sourced from wild animals and is seen by many as the best source of population control programs as opposed to culling them as pests where carcasses are left in paddocks.,0.3454735577106476,0.5356242656707764,-0.19015070796012878,0
TRIPLET_00844,Wildlife,Kangaroo,https://en.wikipedia.org/wiki/Kangaroo,Biology and behaviour > Diet,Biology and behaviour > Diet,Terminology,Kangaroo_SEC_005_SENT_004,Kangaroo_SEC_005_SENT_001,Kangaroo_SEC_001_SENT_003,"Different species of kangaroos have different diets, although all are strict herbivores.","Kangaroos have single-chambered stomachs quite unlike those of cattle and sheep, which have four compartments.",Cook first referred to kangaroos in his diary entry of 4 August.,0.6917888522148132,0.314103901386261,0.37768495082855225,1
TRIPLET_00845,Wildlife,Kangaroo,https://en.wikipedia.org/wiki/Kangaroo,Interaction with humans > Meat,Interaction with humans > Meat,Terminology,Kangaroo_SEC_013_SENT_005,Kangaroo_SEC_013_SENT_007,Kangaroo_SEC_001_SENT_005,Kangaroo meat is sourced from wild animals and is seen by many as the best source of population control programs as opposed to culling them as pests where carcasses are left in paddocks.,Kangaroo meat is exported to many countries around the world.,"A common myth about the kangaroo's English name is that it was a Guugu Yimithirr phrase for ""I don't know"" or ""I don't understand"".",0.5142945051193237,0.5288434028625488,-0.014548897743225098,0
TRIPLET_00846,Wildlife,Kangaroo,https://en.wikipedia.org/wiki/Kangaroo,Biology and behaviour > Adaptations,Biology and behaviour > Adaptations,Interaction with humans > Meat,Kangaroo_SEC_009_SENT_013,Kangaroo_SEC_009_SENT_019,Kangaroo_SEC_013_SENT_008,The male has numerous sweat glands on the scrotum and a strong cremaster muscle that retracts the testes toward the body wall in order to regulate their temperature.,"Studies of kangaroos and wallabies have demonstrated, beyond the minimum energy expenditure required to hop at all, increased speed requires very little extra effort (much less than the same speed increase in, say, a horse, dog or human), and the extra energy is required to carry extra weight.","However, it is not considered biblically kosher by Jews or Adventists.",0.288743257522583,0.12470010668039322,0.1640431508421898,1
TRIPLET_00847,Wildlife,Kangaroo,https://en.wikipedia.org/wiki/Kangaroo,Biology and behaviour > Social and sexual behaviour,Biology and behaviour > Social and sexual behaviour,Terminology,Kangaroo_SEC_007_SENT_015,Kangaroo_SEC_007_SENT_035,Kangaroo_SEC_001_SENT_008,Oestrous females roam widely and attract the attention of males with conspicuous signals.,They will also lock forearms and wrestle and push each other as well as balance on their tails to kick each other in the abdomen.,"The local responded ""kangaroo"", said to mean ""I don't know/understand"", which Cook then took to be the name of the creature.",0.4141145646572113,0.1926451325416565,0.2214694321155548,1
TRIPLET_00848,Wildlife,Kangaroo,https://en.wikipedia.org/wiki/Kangaroo,Interaction with humans > Meat,Interaction with humans > Meat,Biology and behaviour > Locomotion,Kangaroo_SEC_013_SENT_005,Kangaroo_SEC_013_SENT_001,Kangaroo_SEC_004_SENT_007,Kangaroo meat is sourced from wild animals and is seen by many as the best source of population control programs as opposed to culling them as pests where carcasses are left in paddocks.,The kangaroo has been a source of food for indigenous Australians for tens of thousands of years.,"Hopping at moderate speeds is the most energy efficient, and a kangaroo moving above 15 km/h (9.3 mph) maintains energy consistency more than similarly sized animals running at the same speed.",0.5132602453231812,0.5693478584289551,-0.056087613105773926,0
TRIPLET_00849,Wildlife,Kangaroo,https://en.wikipedia.org/wiki/Kangaroo,Biology and behaviour > Diet,Biology and behaviour > Diet,Interaction with humans > Meat,Kangaroo_SEC_005_SENT_003,Kangaroo_SEC_005_SENT_007,Kangaroo_SEC_013_SENT_001,"However, this is a different, more strenuous, activity than it is in ruminants, and does not take place as frequently.","Many species are nocturnal, and crepuscular, usually spending the hot days resting in shade, and the cool evenings, nights and mornings moving about and feeding.",The kangaroo has been a source of food for indigenous Australians for tens of thousands of years.,0.3346274197101593,0.1599559187889099,0.1746715009212494,1
TRIPLET_00850,Wildlife,Kangaroo,https://en.wikipedia.org/wiki/Kangaroo,Taxonomy and description,Taxonomy and description,Interaction with humans > Collisions with vehicles,Kangaroo_SEC_002_SENT_023,Kangaroo_SEC_002_SENT_011,Kangaroo_SEC_014_SENT_010,"This ancestor was likely arboreal and lived in the canopies of the extensive forests that covered most of Australia at that time, when the climate was much wetter, and fed on leaves and stems.","It is found in the southern part of Western Australia, South Australia near the coast, and the Murray–Darling basin.","If a female is the victim of a collision, animal welfare groups ask that her pouch be checked for any surviving joey, in which case it may be removed to a wildlife sanctuary or veterinary surgeon for rehabilitation.",0.3565232753753662,0.19690686464309692,0.1596164107322693,1
TRIPLET_00851,Wildlife,Koala,https://en.wikipedia.org/wiki/Koala,Conservation,Conservation,Behaviour and ecology > Social life,Koala_SEC_014_SENT_016,Koala_SEC_014_SENT_013,Koala_SEC_008_SENT_022,One of the biggest anthropogenic threats to the koala is habitat destruction and fragmentation.,"Koala furs were used to make rugs, coat linings, muffs, and on women's garment trimmings.",Agonistic behaviour typically consists of quarrels between individuals who are trying to pass each other on a tree.,0.24357987940311432,0.5112282037734985,-0.2676483243703842,0
TRIPLET_00852,Wildlife,Koala,https://en.wikipedia.org/wiki/Koala,Relation to humans > Cultural significance,Relation to humans > Cultural significance,Behaviour and ecology > Reproduction and development,Koala_SEC_012_SENT_019,Koala_SEC_012_SENT_027,Koala_SEC_009_SENT_014,"Artist Norman Lindsay depicted a more anthropomorphic koala in The Bulletin cartoons, starting in 1904.",Dadswells Bridge in Victoria features a tourist complex shaped like a giant koala and the Queensland Reds rugby team has a koala as its icon.,The joey latches on to one of the female's two teats and suckles it.,0.7105988264083862,0.2780389189720154,0.43255990743637085,1
TRIPLET_00853,Wildlife,Koala,https://en.wikipedia.org/wiki/Koala,Characteristics,Characteristics,Relation to humans > Cultural significance,Koala_SEC_005_SENT_033,Koala_SEC_005_SENT_039,Koala_SEC_012_SENT_015,"The partially worn molars of koalas in their prime are optimal for breaking leaves into small particles, resulting in more efficient stomach digestion and nutrient absorption in the small intestine, which digests the eucalyptus leaves to provide most of the animal's energy.","While the hindgut is relatively large, only 10% of the animal's energy is obtained from digestion in this chamber.","The animal is depicted in rock carvings, though less so than some other species.",0.4741368889808655,0.32126134634017944,0.15287554264068604,1
TRIPLET_00854,Wildlife,Koala,https://en.wikipedia.org/wiki/Koala,Relation to humans > History,Relation to humans > History,Characteristics,Koala_SEC_011_SENT_002,Koala_SEC_011_SENT_010,Koala_SEC_005_SENT_013,"Price encountered the ""cullawine"" on 26 January 1798, during an expedition to the Blue Mountains, but his remarks would first be published in Historical Records of Australia, nearly a century later.","Brown's work remained unpublished and largely unnoticed, however; his field books and notes remained in his possession until his death, when they were bequeathed to the British Museum in London.","On the hind paws, the second and third digits are fused, a typical condition for members of the Diprotodontia, and the attached claws (which are still separate) function like a comb.",0.35168391466140747,0.2127624750137329,0.13892143964767456,1
TRIPLET_00855,Wildlife,Koala,https://en.wikipedia.org/wiki/Koala,Relation to humans > Koala diplomacy,Relation to humans > Koala diplomacy,Taxonomy,Koala_SEC_013_SENT_002,Koala_SEC_013_SENT_001,Koala_SEC_002_SENT_001,"The term also includes the loan of koalas by the Australian government to overseas zoos in countries such as Singapore and Japan, as a form of ""soft power diplomacy"", like the ""panda diplomacy"" practised by China.","The event gave rise to the term ""koala diplomacy"", which became the Oxford Word of the Month for December 2016.","The generic name Phascolarctos was given in 1816 by French zoologist Henri Marie Ducrotay de Blainville, who did not give it a specific name until further review.",0.4234948754310608,0.4650275707244873,-0.041532695293426514,0
TRIPLET_00856,Wildlife,Koala,https://en.wikipedia.org/wiki/Koala,Relation to humans > History,Relation to humans > History,Behaviour and ecology > Social life,Koala_SEC_011_SENT_014,Koala_SEC_011_SENT_001,Koala_SEC_008_SENT_007,George Perry officially published the first image of the koala in his 1810 natural history work Arcana.,"The first written reference to the koala was recorded by John Price, servant of John Hunter, the Governor of New South Wales.","As a male climbs a new tree, he rubs his chest against it and sometimes dribbles urine.",0.7695678472518921,0.2160385549068451,0.553529292345047,1
TRIPLET_00857,Wildlife,Koala,https://en.wikipedia.org/wiki/Koala,Relation to humans > Koala diplomacy,Relation to humans > Koala diplomacy,Behaviour and ecology > Foraging and activities,Koala_SEC_013_SENT_002,Koala_SEC_013_SENT_001,Koala_SEC_007_SENT_009,"The term also includes the loan of koalas by the Australian government to overseas zoos in countries such as Singapore and Japan, as a form of ""soft power diplomacy"", like the ""panda diplomacy"" practised by China.","The event gave rise to the term ""koala diplomacy"", which became the Oxford Word of the Month for December 2016.","Each day, koalas eat up to 400 grams (14 oz) of leaves, spread over four to six feeding periods.",0.4234948754310608,0.42531973123550415,-0.0018248558044433594,0
TRIPLET_00858,Wildlife,Koala,https://en.wikipedia.org/wiki/Koala,Relation to humans > Cultural significance,Relation to humans > Cultural significance,Distribution and habitat,Koala_SEC_012_SENT_023,Koala_SEC_012_SENT_004,Koala_SEC_006_SENT_001,The koala first appeared on an Australian stamp in 1930.,"Its international popularly rose after World War II, when tourism increased and the animals were exported to zoos overseas.","The koala's range covers roughly 1,000,000 km2 (390,000 sq mi), and 30 ecoregions.",0.42492228746414185,0.5862504839897156,-0.16132819652557373,0
TRIPLET_00859,Wildlife,Koala,https://en.wikipedia.org/wiki/Koala,Conservation,Conservation,Behaviour and ecology > Health and mortality,Koala_SEC_014_SENT_015,Koala_SEC_014_SENT_012,Koala_SEC_010_SENT_011,Its owner Noel Burnet created the first successful breeding program.,Between 1888 and 1927 roughly 8 million koalas were hunted for their pelts.,"Koalas can be subject to pathogens such as Chlamydiaceae bacteria, which can cause keratoconjunctivitis, urinary tract infection, and reproductive tract infection.",0.3454521596431732,0.2535163164138794,0.09193584322929382,1
TRIPLET_00860,Wildlife,Koala,https://en.wikipedia.org/wiki/Koala,Behaviour and ecology > Foraging and activities,Behaviour and ecology > Foraging and activities,Taxonomy > Genetics and variations,Koala_SEC_007_SENT_006,Koala_SEC_007_SENT_016,Koala_SEC_004_SENT_004,"The koala does not need to drink often as it can get enough water from the leaves, though larger males may additionally drink water found on the ground or in tree hollows.","It resorts to a lower, thicker, branch during high winds.","The Victorian koala is the largest, with shaggier, brown fur and a wider skull.",0.2633731961250305,0.38931411504745483,-0.12594091892242432,0
TRIPLET_00861,Wildlife,Koala,https://en.wikipedia.org/wiki/Koala,Behaviour and ecology > Health and mortality,Behaviour and ecology > Health and mortality,Relation to humans > Koala diplomacy,Koala_SEC_010_SENT_005,Koala_SEC_010_SENT_010,Koala_SEC_013_SENT_001,"Dingos, large pythons and some birds of prey may take them.","In a three-year study of almost 600 koalas taken to the Australia Zoo Wildlife Hospital in Queensland, 73.8% of the animals were infected with parasitic protozoal genus Trypanosoma, the most frequent of which was T. irwini.","The event gave rise to the term ""koala diplomacy"", which became the Oxford Word of the Month for December 2016.",0.428918719291687,0.20791234076023102,0.221006378531456,1
TRIPLET_00862,Wildlife,Koala,https://en.wikipedia.org/wiki/Koala,Behaviour and ecology > Foraging and activities,Behaviour and ecology > Foraging and activities,Behaviour and ecology > Reproduction and development,Koala_SEC_007_SENT_003,Koala_SEC_007_SENT_006,Koala_SEC_009_SENT_007,They prefer plant matter with higher protein than fibre and lignin.,"The koala does not need to drink often as it can get enough water from the leaves, though larger males may additionally drink water found on the ground or in tree hollows.",A female may learn who is more dominant during these fights.,0.5446100234985352,0.3514377474784851,0.19317227602005005,1
TRIPLET_00863,Wildlife,Koala,https://en.wikipedia.org/wiki/Koala,Behaviour and ecology > Social life,Behaviour and ecology > Social life,Distribution and habitat,Koala_SEC_008_SENT_013,Koala_SEC_008_SENT_011,Koala_SEC_006_SENT_002,They also bellow to advertise their presence when they change trees.,"Because of their low frequency, these bellows can travel far through the forest.",They can be found in both tropical and temperate habitats ranging from dense woodlands to more spaced-out forests.,0.47655320167541504,0.4143531918525696,0.06220000982284546,1
TRIPLET_00864,Wildlife,Koala,https://en.wikipedia.org/wiki/Koala,Distribution and habitat,Distribution and habitat,Etymology,Koala_SEC_006_SENT_005,Koala_SEC_006_SENT_002,Koala_SEC_001_SENT_002,The koala was introduced to several nearby islands.,They can be found in both tropical and temperate habitats ranging from dense woodlands to more spaced-out forests.,"Although the vowel ""u"" was originally written in the English orthography as ""oo"" (in spellings such as coola or koolah—two syllables), the spelling for that sound later became ""oa""; the word is now pronounced in three syllables (ko-a-la) possibly in error based on that new spelling.",0.3842669725418091,0.35447484254837036,0.02979212999343872,1
TRIPLET_00865,Wildlife,Koala,https://en.wikipedia.org/wiki/Koala,Taxonomy,Taxonomy,Etymology,Koala_SEC_002_SENT_001,Koala_SEC_002_SENT_003,Koala_SEC_001_SENT_004,"The generic name Phascolarctos was given in 1816 by French zoologist Henri Marie Ducrotay de Blainville, who did not give it a specific name until further review.","Because Phascolarctos was published first, according to the International Code of Zoological Nomenclature, it has priority as the official genus name.","Adopted by white settlers, the word ""koala"" became one of hundreds of Aboriginal loan words in Australian English, where it was also commonly referred to as ""native bear"", later ""koala bear"", for its resemblance to a bear.",0.5781553387641907,0.4008762240409851,0.17727911472320557,1
TRIPLET_00866,Wildlife,Koala,https://en.wikipedia.org/wiki/Koala,Behaviour and ecology > Health and mortality,Behaviour and ecology > Health and mortality,Etymology,Koala_SEC_010_SENT_001,Koala_SEC_010_SENT_015,Koala_SEC_001_SENT_006,Koalas live from 13 to 18 years in the wild although males may die sooner because of their more risky lives.,"Prevalence of KoRV in koala populations suggests it spread from north to south, for only southern populations have virus-free individuals.","The koala's generic name, Phascolarctos, is derived from the Greek words φάσκωλος (phaskolos) 'pouch' and ἄρκτος (arktos) 'bear'.",0.5628335475921631,0.38104355335235596,0.18178999423980713,1
TRIPLET_00867,Wildlife,Koala,https://en.wikipedia.org/wiki/Koala,Etymology,Etymology,Relation to humans > Koala diplomacy,Koala_SEC_001_SENT_005,Koala_SEC_001_SENT_003,Koala_SEC_013_SENT_002,"It is one of several Aboriginal words that made it into International English alongside words like ""didgeridoo"" and ""kangaroo"".","Another hypothesis is that ""koala"" was an Aboriginal name from the Hawkesbury River district near Sydney.","The term also includes the loan of koalas by the Australian government to overseas zoos in countries such as Singapore and Japan, as a form of ""soft power diplomacy"", like the ""panda diplomacy"" practised by China.",0.6411792635917664,0.5156327486038208,0.12554651498794556,1
TRIPLET_00868,Wildlife,Koala,https://en.wikipedia.org/wiki/Koala,Taxonomy > Evolution,Taxonomy > Evolution,Taxonomy,Koala_SEC_003_SENT_007,Koala_SEC_003_SENT_001,Koala_SEC_002_SENT_005,"Like the modern species, prehistoric koalas had well developed ear structures, which suggests that they also made long-distance vocalisations and had a relatively inactive lifestyle.","The koala is classified with wombats (family Vombatidae) and several extinct families (including marsupial tapirs, marsupial lions and giant wombats) in the suborder Vombatiformes within the order Diprotodontia.","Other names suggested by European authors included Marodactylus cinereus by Goldfuss in 1820, P. flindersii by René Primevère Lesson in 1827, and P. koala by John Edward Gray in 1827.",0.5967755317687988,0.39829158782958984,0.19848394393920898,1
TRIPLET_00869,Wildlife,Koala,https://en.wikipedia.org/wiki/Koala,Relation to humans > History,Relation to humans > History,Conservation,Koala_SEC_011_SENT_001,Koala_SEC_011_SENT_005,Koala_SEC_014_SENT_008,"The first written reference to the koala was recorded by John Price, servant of John Hunter, the Governor of New South Wales.","Similar to Price, Barrallier's notes were not published until 1897.","The CSIRO's National Koala Monitoring Program has since used improved detection methods to give the dramatically higher estimate of 729,000–918,000 koalas in 2025.",0.484180748462677,0.4803975820541382,0.0037831664085388184,1
TRIPLET_00870,Wildlife,Koala,https://en.wikipedia.org/wiki/Koala,Taxonomy > Genetics and variations,Taxonomy > Genetics and variations,Behaviour and ecology > Health and mortality,Koala_SEC_004_SENT_008,Koala_SEC_004_SENT_005,Koala_SEC_010_SENT_008,Other studies have found that koala populations are highly inbred with low genetic variation.,"The geographic limits of these variations are based on state borders, and their status as subspecies is disputed.",Internal parasites are few and have little effect.,0.4967993497848511,0.46393129229545593,0.03286805748939514,1
TRIPLET_00871,Wildlife,Koala,https://en.wikipedia.org/wiki/Koala,Behaviour and ecology > Health and mortality,Behaviour and ecology > Health and mortality,Conservation,Koala_SEC_010_SENT_006,Koala_SEC_010_SENT_017,Koala_SEC_014_SENT_014,Koalas are generally not subject to external parasites other than ticks around the coast.,The findings may inform captive breeding programs.,The first successful efforts at conserving the species were initiated by the establishment of Brisbane's Lone Pine Koala Sanctuary and Sydney's Koala Park Sanctuary in the 1920s and 1930s.,0.25851970911026,0.39551106095314026,-0.13699135184288025,0
TRIPLET_00872,Wildlife,Koala,https://en.wikipedia.org/wiki/Koala,Behaviour and ecology > Health and mortality,Behaviour and ecology > Health and mortality,Relation to humans > History,Koala_SEC_010_SENT_019,Koala_SEC_010_SENT_017,Koala_SEC_011_SENT_002,The koala instinctively seeks refuge in the higher branches where it is vulnerable to heat and fire.,The findings may inform captive breeding programs.,"Price encountered the ""cullawine"" on 26 January 1798, during an expedition to the Blue Mountains, but his remarks would first be published in Historical Records of Australia, nearly a century later.",0.38152363896369934,0.23270314931869507,0.14882048964500427,1
TRIPLET_00873,Wildlife,Koala,https://en.wikipedia.org/wiki/Koala,Relation to humans > History,Relation to humans > History,Behaviour and ecology > Health and mortality,Koala_SEC_011_SENT_015,Koala_SEC_011_SENT_013,Koala_SEC_010_SENT_007,"Comparative anatomist Richard Owen, in a series of publications on the physiology and anatomy of Australian mammals, presented a paper on the anatomy of the koala to the Zoological Society of London.","Home, who in 1808 published his report, coined the scientific name Didelphis coola.","The mite Sarcoptes scabiei gives koalas mange, while the bacterium Mycobacterium ulcerans skin ulcers, but these are uncommon.",0.507349967956543,0.4874577522277832,0.019892215728759766,1
TRIPLET_00874,Wildlife,Koala,https://en.wikipedia.org/wiki/Koala,Distribution and habitat,Distribution and habitat,Taxonomy > Evolution,Koala_SEC_006_SENT_001,Koala_SEC_006_SENT_007,Koala_SEC_003_SENT_003,"The koala's range covers roughly 1,000,000 km2 (390,000 sq mi), and 30 ecoregions.",Fossil evidence shows that the koala's range stretched as far west as southwestern Western Australia during the late Pleistocene.,The koala's lineage possibly branched off around 40 million years ago during the Eocene.,0.6655321717262268,0.6483315229415894,0.01720064878463745,1
TRIPLET_00875,Wildlife,Koala,https://en.wikipedia.org/wiki/Koala,Behaviour and ecology > Reproduction and development,Behaviour and ecology > Reproduction and development,Taxonomy,Koala_SEC_009_SENT_014,Koala_SEC_009_SENT_005,Koala_SEC_002_SENT_001,The joey latches on to one of the female's two teats and suckles it.,A female may scream and vigorously fight off her suitors but will accede to one that is dominant or familiar.,"The generic name Phascolarctos was given in 1816 by French zoologist Henri Marie Ducrotay de Blainville, who did not give it a specific name until further review.",0.363058865070343,0.13256992399692535,0.23048894107341766,1
TRIPLET_00876,Wildlife,Koala,https://en.wikipedia.org/wiki/Koala,Taxonomy > Evolution,Taxonomy > Evolution,Taxonomy > Genetics and variations,Koala_SEC_003_SENT_007,Koala_SEC_003_SENT_008,Koala_SEC_004_SENT_003,"Like the modern species, prehistoric koalas had well developed ear structures, which suggests that they also made long-distance vocalisations and had a relatively inactive lifestyle.","During the Miocene, the Australian continent began drying out, leading to the decline of rainforests and the spread of open Eucalyptus woodlands.","The Queensland koala is the smallest, with silver or grey short hairs and a shorter skull.",0.3273133635520935,0.6030442714691162,-0.2757309079170227,0
TRIPLET_00877,Wildlife,Koala,https://en.wikipedia.org/wiki/Koala,Conservation,Conservation,Distribution and habitat,Koala_SEC_014_SENT_004,Koala_SEC_014_SENT_005,Koala_SEC_006_SENT_007,Australian policymakers declined a 2009 proposal to include the koala in the Environment Protection and Biodiversity Conservation Act 1999.,"A 2017 WWF report found a 53% decline per generation in Queensland, and a 26% decline in New South Wales.",Fossil evidence shows that the koala's range stretched as far west as southwestern Western Australia during the late Pleistocene.,0.4522678256034851,0.3898257315158844,0.06244209408760071,1
TRIPLET_00878,Wildlife,Koala,https://en.wikipedia.org/wiki/Koala,Behaviour and ecology > Reproduction and development,Behaviour and ecology > Reproduction and development,Etymology,Koala_SEC_009_SENT_029,Koala_SEC_009_SENT_018,Koala_SEC_001_SENT_005,"Females become sexually mature at about three years of age; in comparison, males reach sexual maturity at about age four although they can experience spermatogenesis as early as two years.","At 13 weeks, the joey weighs around 50 g (1.8 oz), and its head doubles in size.","It is one of several Aboriginal words that made it into International English alongside words like ""didgeridoo"" and ""kangaroo"".",0.5922236442565918,0.3170311450958252,0.2751924991607666,1
TRIPLET_00879,Wildlife,Koala,https://en.wikipedia.org/wiki/Koala,Distribution and habitat,Distribution and habitat,Taxonomy > Genetics and variations,Koala_SEC_006_SENT_001,Koala_SEC_006_SENT_005,Koala_SEC_004_SENT_002,"The koala's range covers roughly 1,000,000 km2 (390,000 sq mi), and 30 ecoregions.",The koala was introduced to several nearby islands.,"These forms are distinguished by pelage colour and thickness, body size, and skull shape.",0.4241940379142761,0.32605835795402527,0.09813567996025085,1
TRIPLET_00880,Wildlife,Koala,https://en.wikipedia.org/wiki/Koala,Behaviour and ecology > Health and mortality,Behaviour and ecology > Health and mortality,Conservation,Koala_SEC_010_SENT_012,Koala_SEC_010_SENT_011,Koala_SEC_014_SENT_014,"Such infections are common on the mainland, but absent in some island populations.","Koalas can be subject to pathogens such as Chlamydiaceae bacteria, which can cause keratoconjunctivitis, urinary tract infection, and reproductive tract infection.",The first successful efforts at conserving the species were initiated by the establishment of Brisbane's Lone Pine Koala Sanctuary and Sydney's Koala Park Sanctuary in the 1920s and 1930s.,0.38690418004989624,0.3178165555000305,0.06908762454986572,1
TRIPLET_00881,Wildlife,Koala,https://en.wikipedia.org/wiki/Koala,Behaviour and ecology > Reproduction and development,Behaviour and ecology > Reproduction and development,Taxonomy > Genetics and variations,Koala_SEC_009_SENT_014,Koala_SEC_009_SENT_005,Koala_SEC_004_SENT_002,The joey latches on to one of the female's two teats and suckles it.,A female may scream and vigorously fight off her suitors but will accede to one that is dominant or familiar.,"These forms are distinguished by pelage colour and thickness, body size, and skull shape.",0.363058865070343,0.19644871354103088,0.16661015152931213,1
TRIPLET_00882,Wildlife,Koala,https://en.wikipedia.org/wiki/Koala,Relation to humans > Cultural significance,Relation to humans > Cultural significance,Conservation,Koala_SEC_012_SENT_008,Koala_SEC_012_SENT_002,Koala_SEC_014_SENT_006,The koala features in the Dreamtime stories and mythology of Indigenous Australians.,It has been featured in popular culture and as soft toys.,"The Australian Government's Threatened Species Scientific Committee estimated that the 2021 koala population was 92,000, down from 185,000 two decades prior.",0.46169140934944153,0.3897577226161957,0.07193368673324585,1
TRIPLET_00883,Wildlife,Koala,https://en.wikipedia.org/wiki/Koala,Taxonomy > Evolution,Taxonomy > Evolution,Taxonomy > Genetics and variations,Koala_SEC_003_SENT_002,Koala_SEC_003_SENT_008,Koala_SEC_004_SENT_007,The Vombatiformes are a sister group to a clade that includes macropods (kangaroos and wallabies) and possums.,"During the Miocene, the Australian continent began drying out, leading to the decline of rainforests and the spread of open Eucalyptus woodlands.","In 2016, a comprehensive phylogenetic study did not support the recognition of any subspecies.",0.34941184520721436,0.21414344012737274,0.1352684050798416,1
TRIPLET_00884,Wildlife,Koala,https://en.wikipedia.org/wiki/Koala,Behaviour and ecology > Reproduction and development,Behaviour and ecology > Reproduction and development,Behaviour and ecology > Social life,Koala_SEC_009_SENT_011,Koala_SEC_009_SENT_025,Koala_SEC_008_SENT_024,"However, their lips, forelimbs, and shoulders are relatively advanced, and they can breathe, defecate, and urinate.",A nine month old joey has its adult coat colour and weighs 1 kg (2.2 lb).,"Once the individual is driven away, the victor bellows and marks the tree.",0.21234601736068726,0.17035949230194092,0.04198652505874634,1
TRIPLET_00885,Wildlife,Koala,https://en.wikipedia.org/wiki/Koala,Behaviour and ecology > Foraging and activities,Behaviour and ecology > Foraging and activities,Relation to humans > Koala diplomacy,Koala_SEC_007_SENT_002,Koala_SEC_007_SENT_011,Koala_SEC_013_SENT_002,"Though the foliage of over 600 species of Eucalyptus is available, the koala shows a strong preference for around 30.",Their low-energy diet limits their activity and they sleep 20 hours a day.,"The term also includes the loan of koalas by the Australian government to overseas zoos in countries such as Singapore and Japan, as a form of ""soft power diplomacy"", like the ""panda diplomacy"" practised by China.",0.44191133975982666,0.43967893719673157,0.0022324025630950928,1
TRIPLET_00886,Wildlife,Koala,https://en.wikipedia.org/wiki/Koala,Conservation,Conservation,Behaviour and ecology > Foraging and activities,Koala_SEC_014_SENT_034,Koala_SEC_014_SENT_013,Koala_SEC_007_SENT_010,"Koalas are not native to South Australia, having been exported to the Mount Lofty Ranges and KI from French Island in Victoria around 1920.","Koala furs were used to make rugs, coat linings, muffs, and on women's garment trimmings.","Despite their adaptations to a low-energy lifestyle, they have meagre fat reserves.",0.3057102859020233,0.22897730767726898,0.07673297822475433,1
TRIPLET_00887,Wildlife,Koala,https://en.wikipedia.org/wiki/Koala,Taxonomy > Genetics and variations,Taxonomy > Genetics and variations,Relation to humans > Cultural significance,Koala_SEC_004_SENT_006,Koala_SEC_004_SENT_003,Koala_SEC_012_SENT_012,A 1999 genetic study suggests koalas exist as a cline within a single evolutionarily significant unit with limited gene flow between local populations.,"The Queensland koala is the smallest, with silver or grey short hairs and a shorter skull.","In one, a kangaroo cuts it off to punish the koala for uncouth behaviour.",0.6104810237884521,0.39515066146850586,0.2153303623199463,1
TRIPLET_00888,Wildlife,Koala,https://en.wikipedia.org/wiki/Koala,Relation to humans > Koala diplomacy,Relation to humans > Koala diplomacy,Behaviour and ecology > Social life,Koala_SEC_013_SENT_001,Koala_SEC_013_SENT_002,Koala_SEC_008_SENT_009,"The event gave rise to the term ""koala diplomacy"", which became the Oxford Word of the Month for December 2016.","The term also includes the loan of koalas by the Australian government to overseas zoos in countries such as Singapore and Japan, as a form of ""soft power diplomacy"", like the ""panda diplomacy"" practised by China.",Chest gland secretions are complex chemical mixtures—about 40 compounds were identified in one analysis—that vary in composition and concentration across season and age.,0.4234948754310608,0.34248748421669006,0.08100739121437073,1
TRIPLET_00889,Wildlife,Koala,https://en.wikipedia.org/wiki/Koala,Behaviour and ecology > Foraging and activities,Behaviour and ecology > Foraging and activities,Behaviour and ecology > Reproduction and development,Koala_SEC_007_SENT_019,Koala_SEC_007_SENT_007,Koala_SEC_009_SENT_005,"The koala usually grooms itself with its hind paws, with their double claws, but it sometimes uses its forepaws or mouth.","When feeding, a koala reaches out to grab leaves with one forepaw while the other paws hang on to the branch.",A female may scream and vigorously fight off her suitors but will accede to one that is dominant or familiar.,0.718061089515686,0.31663939356803894,0.4014216959476471,1
TRIPLET_00890,Wildlife,Koala,https://en.wikipedia.org/wiki/Koala,Relation to humans > History,Relation to humans > History,Taxonomy > Evolution,Koala_SEC_011_SENT_020,Koala_SEC_011_SENT_022,Koala_SEC_003_SENT_006,"As related by prosecutor to the society, William Alexander Forbes, the animal suffered an accidental demise when the heavy lid of a washstand fell on it and it was unable to free itself.","Scottish embryologist William Caldwell—well known in scientific circles for determining the reproductive mechanism of the platypus—described the uterine development of the koala in 1884, and used this new information to convincingly map out the evolutionary timeline of the koala and the monotremes.","Some species, such as Nimiokoala greystanesi and some species of Perikoala, were around the same size as the modern koala, while others, such as species of Litokoala, were one-half to two-thirds its size.",0.3630593717098236,0.18790030479431152,0.17515906691551208,1
TRIPLET_00891,Wildlife,Koala,https://en.wikipedia.org/wiki/Koala,Taxonomy > Genetics and variations,Taxonomy > Genetics and variations,Conservation,Koala_SEC_004_SENT_006,Koala_SEC_004_SENT_011,Koala_SEC_014_SENT_003,A 1999 genetic study suggests koalas exist as a cline within a single evolutionarily significant unit with limited gene flow between local populations.,"In April 2013, scientists from the Australian Museum and Queensland University of Technology announced they had fully sequenced the koala genome.","The described population was determined in 2012 to be ""a species for the purposes of the EPBC Act 1999"" in Federal legislation.",0.515417218208313,0.5113211870193481,0.004096031188964844,1
TRIPLET_00892,Wildlife,Koala,https://en.wikipedia.org/wiki/Koala,Relation to humans > Koala diplomacy,Relation to humans > Koala diplomacy,Behaviour and ecology > Social life,Koala_SEC_013_SENT_001,Koala_SEC_013_SENT_002,Koala_SEC_008_SENT_004,"The event gave rise to the term ""koala diplomacy"", which became the Oxford Word of the Month for December 2016.","The term also includes the loan of koalas by the Australian government to overseas zoos in countries such as Singapore and Japan, as a form of ""soft power diplomacy"", like the ""panda diplomacy"" practised by China.",Resident males appear to be territorial and dominant.,0.4234948754310608,0.13736006617546082,0.2861348092556,1
TRIPLET_00893,Wildlife,Koala,https://en.wikipedia.org/wiki/Koala,Distribution and habitat,Distribution and habitat,Relation to humans > Koala diplomacy,Koala_SEC_006_SENT_002,Koala_SEC_006_SENT_003,Koala_SEC_013_SENT_001,They can be found in both tropical and temperate habitats ranging from dense woodlands to more spaced-out forests.,"In semi-arid climates, they prefer riparian habitats, where nearby streams and creeks provide refuge during times of drought and extreme heat.","The event gave rise to the term ""koala diplomacy"", which became the Oxford Word of the Month for December 2016.",0.4213249385356903,0.20281322300434113,0.21851171553134918,1
TRIPLET_00894,Wildlife,Koala,https://en.wikipedia.org/wiki/Koala,Behaviour and ecology > Foraging and activities,Behaviour and ecology > Foraging and activities,Distribution and habitat,Koala_SEC_007_SENT_018,Koala_SEC_007_SENT_014,Koala_SEC_006_SENT_001,"Research has shown that their use of the ground is minimal, typically occurring only 2–3 times per night for a total of around 10 minutes — less than 1% of their day.","On warm days, a koala may rest with its back against a branch or lie down with its limbs dangling.","The koala's range covers roughly 1,000,000 km2 (390,000 sq mi), and 30 ecoregions.",0.39909470081329346,0.46010178327560425,-0.06100708246231079,0
TRIPLET_00895,Wildlife,Koala,https://en.wikipedia.org/wiki/Koala,Characteristics,Characteristics,Behaviour and ecology > Foraging and activities,Koala_SEC_005_SENT_004,Koala_SEC_005_SENT_002,Koala_SEC_007_SENT_007,The species is sexually dimorphic: males are 50% larger than females.,"It has a body length of 60–90 cm (24–35 in) and a weight of 4–15 kg (8.8–33.1 lb), making it among the largest arboreal marsupials.","When feeding, a koala reaches out to grab leaves with one forepaw while the other paws hang on to the branch.",0.6474974155426025,0.13691309094429016,0.5105843245983124,1
TRIPLET_00896,Wildlife,Koala,https://en.wikipedia.org/wiki/Koala,Etymology,Etymology,Taxonomy > Evolution,Koala_SEC_001_SENT_001,Koala_SEC_001_SENT_006,Koala_SEC_003_SENT_011,"The word ""koala"" comes from the Dharug word gula, meaning 'no water'.","The koala's generic name, Phascolarctos, is derived from the Greek words φάσκωλος (phaskolos) 'pouch' and ἄρκτος (arktos) 'bear'.",The fossil record of the modern koala extends back at least to the middle Pleistocene.,0.5725013017654419,0.30556607246398926,0.26693522930145264,1
TRIPLET_00897,Wildlife,Koala,https://en.wikipedia.org/wiki/Koala,Relation to humans > Koala diplomacy,Relation to humans > Koala diplomacy,Conservation,Koala_SEC_013_SENT_001,Koala_SEC_013_SENT_002,Koala_SEC_014_SENT_001,"The event gave rise to the term ""koala diplomacy"", which became the Oxford Word of the Month for December 2016.","The term also includes the loan of koalas by the Australian government to overseas zoos in countries such as Singapore and Japan, as a form of ""soft power diplomacy"", like the ""panda diplomacy"" practised by China.","The koala was originally classified as Least Concern on the Red List, and reassessed as Vulnerable in 2014.",0.4234948754310608,0.5731428861618042,-0.1496480107307434,0
TRIPLET_00898,Wildlife,Koala,https://en.wikipedia.org/wiki/Koala,Characteristics,Characteristics,Taxonomy > Genetics and variations,Koala_SEC_005_SENT_021,Koala_SEC_005_SENT_024,Koala_SEC_004_SENT_005,Its small brain limits its ability to perform complex behaviours.,"Its relatively small eyes are unusual among marsupials in that the pupils have vertical slits, an adaptation to living on a more vertical plane.","The geographic limits of these variations are based on state borders, and their status as subspecies is disputed.",0.5911978483200073,0.4630993902683258,0.12809845805168152,1
TRIPLET_00899,Wildlife,Koala,https://en.wikipedia.org/wiki/Koala,Behaviour and ecology > Reproduction and development,Behaviour and ecology > Reproduction and development,Relation to humans > Koala diplomacy,Koala_SEC_009_SENT_012,Koala_SEC_009_SENT_002,Koala_SEC_013_SENT_002,The joey crawls into its mother's pouch to continue its development.,Females in oestrus lean their heads back and shake their bodies.,"The term also includes the loan of koalas by the Australian government to overseas zoos in countries such as Singapore and Japan, as a form of ""soft power diplomacy"", like the ""panda diplomacy"" practised by China.",0.3154101073741913,0.4272911548614502,-0.11188104748725891,0
TRIPLET_00900,Wildlife,Koala,https://en.wikipedia.org/wiki/Koala,Relation to humans > Cultural significance,Relation to humans > Cultural significance,Characteristics,Koala_SEC_012_SENT_016,Koala_SEC_012_SENT_022,Koala_SEC_005_SENT_034,"Early European settlers in Australia considered the koala to be a creeping sloth-like animal with a ""fierce and menacing look"".","Created by Dorothy Wall in 1933, the character appeared in books, films, TV series, merchandise, and a 1986 environmental song by John Williamson.",A koala sometimes regurgitates the food into the mouth to be chewed a second time.,0.2853127717971802,0.4603080749511719,-0.1749953031539917,0
TRIPLET_00901,Wildlife,Platypus,https://en.wikipedia.org/wiki/Platypus,Evolution,Evolution,Description > Senses,Platypus_SEC_008_SENT_018,Platypus_SEC_008_SENT_011,Platypus_SEC_003_SENT_024,"Even its closest relative, Obdurodon, which otherwise closely resembles the platypus, retained this tooth row.","Monotrematum and Patagorhynchus, also fossil relatives of the platypus, are known from the latest Cretaceous (Maastrichtian) and the mid-Paleocene of Argentina, indicating that some monotremes managed to colonize South America from Australia when the two continents were connected via Antarctica.",The olfactory (smelling) systems of the platypus and the echidna independently evolved from an ancestor with less advanced smelling.,0.46521732211112976,0.5377075672149658,-0.07249024510383606,0
TRIPLET_00902,Wildlife,Platypus,https://en.wikipedia.org/wiki/Platypus,Conservation > Sanctuaries and captivity,Conservation > Sanctuaries and captivity,Ecology and behaviour > Reproduction,Platypus_SEC_011_SENT_009,Platypus_SEC_011_SENT_008,Platypus_SEC_007_SENT_005,One of the females; Penelope had a false proto-pregnancy.,"Three platypuses were given to the Bronx Zoo in 1947, two females and a male.","The female retreats into a nesting/breeding burrow made of grass, which can be 30 m (98 ft) long, to lay eggs and raise young.",0.3002888560295105,0.3846614956855774,-0.0843726396560669,0
TRIPLET_00903,Wildlife,Platypus,https://en.wikipedia.org/wiki/Platypus,Description > Senses,Description > Senses,Human interactions > Usage,Platypus_SEC_003_SENT_021,Platypus_SEC_003_SENT_003,Platypus_SEC_012_SENT_002,"Within the cochlea, there are rows of inner and outer hair cells.","Digging in the bottom of streams with its bill, its electroreceptors detect tiny electric currents generated by the muscular contractions of its prey.","In addition, European researchers captured and killed platypus or removed their eggs, partly in order to increase scientific knowledge, but also to gain prestige and outcompete rivals from different countries.",0.1619284451007843,0.14904683828353882,0.012881606817245483,1
TRIPLET_00904,Wildlife,Platypus,https://en.wikipedia.org/wiki/Platypus,Evolution,Evolution,Taxonomy and naming,Platypus_SEC_008_SENT_013,Platypus_SEC_008_SENT_004,Platypus_SEC_001_SENT_008,"The closest fossil relative of the platypus is Obdurodon, known from the late Oligocene to the Miocene of Australia.",Both molecular clock and fossil dating suggest that the platypus split from echidnas around 19–48 million years ago.,"The common name ""platypus"" means 'flat-foot', deriving from the Greek word platúpous (πλατύπους), from platús (πλατύς 'broad, wide, flat') and poús (πούς 'foot').",0.6530489325523376,0.33141422271728516,0.3216347098350525,1
TRIPLET_00905,Wildlife,Platypus,https://en.wikipedia.org/wiki/Platypus,Distribution and habitat,Distribution and habitat,Description,Platypus_SEC_005_SENT_004,Platypus_SEC_005_SENT_010,Platypus_SEC_002_SENT_021,In October 2020 a nesting platypus was filmed in the wild after the previously abandoned Sanctuary reopened.,The surrounding terrestrial environment includes tropical rainforests and colder alpine areas.,"The species follows Bergmann's rule, with individuals being larger the farther south they are, due to colder climates; there are local variations, however.",0.2248210310935974,0.26708734035491943,-0.04226630926132202,0
TRIPLET_00906,Wildlife,Platypus,https://en.wikipedia.org/wiki/Platypus,Description,Description,Conservation,Platypus_SEC_002_SENT_018,Platypus_SEC_002_SENT_006,Platypus_SEC_010_SENT_015,"The platypus lacks a functional stomach, due to the lack of genes necessary for creating and secreting pepsin proteases.",The duck-like bill consists of a long snout and lower jaw which is covered in soft skin.,"These predictions suggested that the species would fall under the ""Vulnerable"" classification.",0.30200594663619995,0.11852625757455826,0.1834796890616417,1
TRIPLET_00907,Wildlife,Platypus,https://en.wikipedia.org/wiki/Platypus,Human interactions > Usage,Human interactions > Usage,Description,Platypus_SEC_012_SENT_003,Platypus_SEC_012_SENT_004,Platypus_SEC_002_SENT_003,"During the Second World War, in spite of an export ban, Australia gave live platypuses as diplomatic gifts to Allied nations as part of an initiative to increase military assistance.","One of which was intended as a gift to Winston Churchill died while en route as a result of either erratic temperature changes, malnourishment, or shock from depth charges deployed after a U-boat harassed the ship.","It is one of the most densely furred mammals, behind only otters.",0.47316044569015503,0.1118282675743103,0.3613321781158447,1
TRIPLET_00908,Wildlife,Platypus,https://en.wikipedia.org/wiki/Platypus,Taxonomy and naming,Taxonomy and naming,Ecology and behaviour,Platypus_SEC_001_SENT_001,Platypus_SEC_001_SENT_017,Platypus_SEC_006_SENT_002,Australian Aboriginal people have referred to the platypus in various ways depending on Australian indigenous languages and dialects.,Its species name is derived from Latin anatinus ('duck-like') from anas 'duck'.,"Its swimming style is unique among mammals, propelling itself by alternating strokes of each front foot, while the webbed hind feet and tail are used for steering.",0.4168493151664734,0.28420644998550415,0.13264286518096924,1
TRIPLET_00909,Wildlife,Platypus,https://en.wikipedia.org/wiki/Platypus,Distribution and habitat,Distribution and habitat,Human interactions > Usage,Platypus_SEC_005_SENT_003,Platypus_SEC_005_SENT_010,Platypus_SEC_012_SENT_004,Platypuses were captively bred at Warrawong Sanctuary in 1990-91.,The surrounding terrestrial environment includes tropical rainforests and colder alpine areas.,"One of which was intended as a gift to Winston Churchill died while en route as a result of either erratic temperature changes, malnourishment, or shock from depth charges deployed after a U-boat harassed the ship.",0.3450218439102173,0.25702226161956787,0.08799958229064941,1
TRIPLET_00910,Wildlife,Platypus,https://en.wikipedia.org/wiki/Platypus,Ecology and behaviour > Reproduction,Ecology and behaviour > Reproduction,Ecology and behaviour,Platypus_SEC_007_SENT_005,Platypus_SEC_007_SENT_012,Platypus_SEC_006_SENT_017,"The female retreats into a nesting/breeding burrow made of grass, which can be 30 m (98 ft) long, to lay eggs and raise young.","The female curls around the incubating eggs, as the embryo continues to develop.",The platypus is a common host for the tick species Ixodes ornithorhynchi.,0.6094366908073425,0.37507131695747375,0.23436537384986877,1
TRIPLET_00911,Wildlife,Platypus,https://en.wikipedia.org/wiki/Platypus,Description > Venom,Description > Venom,Conservation > Sanctuaries and captivity,Platypus_SEC_004_SENT_005,Platypus_SEC_004_SENT_003,Platypus_SEC_011_SENT_004,"Starting from the wounded area, the affected limb develops edema (swelling via fluid buildup) which can lead to an excruciating hyperalgesia (heightened sensitivity to pain) that can last as long as months.","Similar spurs are found on many archaic mammal groups, indicating that this was an ancient general characteristic among mammals.","Between 2008 and 2012, platypuses were bred regularly at Healesville, including twins.",0.3279638886451721,0.4446122646331787,-0.11664837598800659,0
TRIPLET_00912,Wildlife,Platypus,https://en.wikipedia.org/wiki/Platypus,Conservation,Conservation,Human interactions > Usage,Platypus_SEC_010_SENT_006,Platypus_SEC_010_SENT_012,Platypus_SEC_012_SENT_003,"The platypus was listed as endangered is South Australia, under the National Parks and Wildlife Act 1972.","In January 2020, researchers from the University of New South Wales presented evidence that the platypus is at risk of extinction, due to factors such as water extraction, land clearing, climate change, and invasive species.","During the Second World War, in spite of an export ban, Australia gave live platypuses as diplomatic gifts to Allied nations as part of an initiative to increase military assistance.",0.6125468611717224,0.4910118281841278,0.1215350329875946,1
TRIPLET_00913,Wildlife,Platypus,https://en.wikipedia.org/wiki/Platypus,Evolution > Genome,Evolution > Genome,Evolution,Platypus_SEC_009_SENT_006,Platypus_SEC_009_SENT_005,Platypus_SEC_008_SENT_007,"Though the platypus lacks the mammalian sex-determining gene SRY, a study found that the mechanism of sex determination is the AMH gene on the oldest Y chromosome.",The platypus genome also has both reptilian and mammalian genes associated with egg fertilisation.,"The remains of Steropodon were discovered in New South Wales, composed of an opalised lower jawbone with three molar teeth (whereas the adult contemporary platypus is toothless).",0.46121394634246826,0.5807339549064636,-0.11952000856399536,0
TRIPLET_00914,Wildlife,Platypus,https://en.wikipedia.org/wiki/Platypus,Conservation > Sanctuaries and captivity,Conservation > Sanctuaries and captivity,Description > Senses,Platypus_SEC_011_SENT_005,Platypus_SEC_011_SENT_001,Platypus_SEC_003_SENT_008,"In 1990-91, there was successful breeding of platypuses at Warrawong Sanctuary.",Few platypuses have been successfully raised and bred by humans.,"The platypus can feel the direction of an electric source, perhaps by comparing differences in signal strength across the array of electroreceptors, enhanced by the characteristic side-to-side motion of the animal's head while hunting.",0.43086516857147217,0.33712607622146606,0.0937390923500061,1
TRIPLET_00915,Wildlife,Platypus,https://en.wikipedia.org/wiki/Platypus,Description > Venom,Description > Venom,Conservation > Sanctuaries and captivity,Platypus_SEC_004_SENT_001,Platypus_SEC_004_SENT_007,Platypus_SEC_011_SENT_007,Male platypuses are born with back ankle spurs.,It is produced in kidney-shaped alveolar glands located in each of the thighs of the hind limbs and connected to the spur.,"As of 2019, the only platypuses in captivity outside of Australia are in the San Diego Zoo Safari Park in the U.S. state of California.",0.5848897695541382,0.2649860680103302,0.319903701543808,1
TRIPLET_00916,Wildlife,Platypus,https://en.wikipedia.org/wiki/Platypus,Conservation > Sanctuaries and captivity,Conservation > Sanctuaries and captivity,Evolution > Genome,Platypus_SEC_011_SENT_006,Platypus_SEC_011_SENT_003,Platypus_SEC_009_SENT_009,"Taronga Zoo in Sydney bred twins in 2003, and the facility has since bred more platypuses to be released into the wild in NSW.",More platypuses were successfully bred and raised in 1998 and again in 2000 using a stream tank.,"An updated genome, the most complete on record, was published in 2021, together with the genome of the short-beaked echidna.",0.6562991142272949,0.5004451274871826,0.1558539867401123,1
TRIPLET_00917,Wildlife,Platypus,https://en.wikipedia.org/wiki/Platypus,Distribution and habitat,Distribution and habitat,Human interactions > Cultural references,Platypus_SEC_005_SENT_008,Platypus_SEC_005_SENT_001,Platypus_SEC_013_SENT_006,"The platypus has almost disappeared from the Murray–Darling Basin, possibly due to poor water management.","The platypus is native to the freshwaters of eastern Australia, from Queensland to Tasmania (including King Island but not the Furneaux Group).","The platypus is also featured as a totem for some Aboriginal peoples, which is to them ""a natural object, plant or animal that is inherited by members of a clan or family as their spiritual emblem"", and the animal holds special meaning for the Wadi Wadi people at the Murray River.",0.498471736907959,0.49916988611221313,-0.0006981492042541504,0
TRIPLET_00918,Wildlife,Platypus,https://en.wikipedia.org/wiki/Platypus,Taxonomy and naming,Taxonomy and naming,Ecology and behaviour,Platypus_SEC_001_SENT_002,Platypus_SEC_001_SENT_011,Platypus_SEC_006_SENT_002,The name chosen and approved in Palawa kani (reconstructed Tasmanian language) is larila.,"Various dictionaries list ""platypuses"" or simply ""platypus"" as the plural.","Its swimming style is unique among mammals, propelling itself by alternating strokes of each front foot, while the webbed hind feet and tail are used for steering.",0.46589791774749756,0.24985140562057495,0.2160465121269226,1
TRIPLET_00919,Wildlife,Platypus,https://en.wikipedia.org/wiki/Platypus,Description > Venom,Description > Venom,Ecology and behaviour,Platypus_SEC_004_SENT_004,Platypus_SEC_004_SENT_008,Platypus_SEC_006_SENT_017,"The spurs of the male inject venom, which is powerful enough to inflict pain in humans.",The venomous spurs of male platypuses serve as weapons in battles with other males for breeding.,The platypus is a common host for the tick species Ixodes ornithorhynchi.,0.7755601406097412,0.4880153238773346,0.2875448167324066,1
TRIPLET_00920,Wildlife,Platypus,https://en.wikipedia.org/wiki/Platypus,Conservation,Conservation,Description,Platypus_SEC_010_SENT_006,Platypus_SEC_010_SENT_001,Platypus_SEC_002_SENT_013,"The platypus was listed as endangered is South Australia, under the National Parks and Wildlife Act 1972.","The International Union for Conservation of Nature categorised the platypus as ""near threatened"" in 2016, based on estimates that numbers had fallen by about thirty percent on average since European settlement.","As in many other aquatic and semiaquatic vertebrates, the bones show osteosclerosis, increasing their density to reduce buoyancy.",0.565009593963623,0.31879276037216187,0.24621683359146118,1
TRIPLET_00921,Wildlife,Platypus,https://en.wikipedia.org/wiki/Platypus,Ecology and behaviour,Ecology and behaviour,Human interactions > Cultural references,Platypus_SEC_006_SENT_011,Platypus_SEC_006_SENT_010,Platypus_SEC_013_SENT_008,"It feeds on insect larvae, annelid worms, shrimp, crayfish, bivalves, tadpoles and fish eggs.",The platypus is a carnivore and forages by probing along the bottom.,The platypus has often represented Australia's cultural identity and its image has also been used for stamps and currency and as a mascot in the 2000 Summer Olympics in Sydney.,0.6029213666915894,0.32690495252609253,0.2760164141654968,1
TRIPLET_00922,Wildlife,Platypus,https://en.wikipedia.org/wiki/Platypus,Human interactions > Cultural references,Human interactions > Cultural references,Description,Platypus_SEC_013_SENT_008,Platypus_SEC_013_SENT_004,Platypus_SEC_002_SENT_016,The platypus has often represented Australia's cultural identity and its image has also been used for stamps and currency and as a mascot in the 2000 Summer Olympics in Sydney.,They were all exiled and went to live in the mountains.,"The first upper and third lower cheek teeth have only one major cusp, while the rest have two.",0.09865876287221909,0.09695491194725037,0.0017038509249687195,1
TRIPLET_00923,Wildlife,Platypus,https://en.wikipedia.org/wiki/Platypus,Conservation,Conservation,Conservation > Sanctuaries and captivity,Platypus_SEC_010_SENT_011,Platypus_SEC_010_SENT_016,Platypus_SEC_011_SENT_004,Droughts and the demands for water for human use are also considered threats.,"The authors stressed the need for national conservation efforts to ensure healthy platypus habitat, which may include conducting more surveys and tracking trends, as well as better river management while reducing threats.","Between 2008 and 2012, platypuses were bred regularly at Healesville, including twins.",0.5929739475250244,0.24956364929676056,0.34341029822826385,1
TRIPLET_00924,Wildlife,Platypus,https://en.wikipedia.org/wiki/Platypus,Evolution > Genome,Evolution > Genome,Description > Venom,Platypus_SEC_009_SENT_002,Platypus_SEC_009_SENT_006,Platypus_SEC_004_SENT_004,"In 2004, researchers at the Australian National University discovered that the platypus has ten sex chromosomes, compared with two (XY) in most other mammals.","Though the platypus lacks the mammalian sex-determining gene SRY, a study found that the mechanism of sex determination is the AMH gene on the oldest Y chromosome.","The spurs of the male inject venom, which is powerful enough to inflict pain in humans.",0.6427842378616333,0.18577492237091064,0.45700931549072266,1
TRIPLET_00925,Wildlife,Platypus,https://en.wikipedia.org/wiki/Platypus,Ecology and behaviour,Ecology and behaviour,Taxonomy and naming,Platypus_SEC_006_SENT_004,Platypus_SEC_006_SENT_016,Platypus_SEC_001_SENT_013,"In one study, dives lasted on average thirty-five seconds, with surfacing intervals averaging thirteen seconds.","Externally, platypuses may carry fleas, mites, and ticks, the latter being more prominent in young.","Early European settlers called it by many names, such as ""watermole"", ""duckbill"", and ""duckmole"".",0.17830128967761993,0.34944871068000793,-0.171147421002388,0
TRIPLET_00926,Wildlife,Platypus,https://en.wikipedia.org/wiki/Platypus,Ecology and behaviour,Ecology and behaviour,Conservation,Platypus_SEC_006_SENT_014,Platypus_SEC_006_SENT_011,Platypus_SEC_010_SENT_006,"They are preyed upon by goannas, Murray cod, carpet snakes, eagles, saltwater crocodiles, red foxes, and possibly eels.","It feeds on insect larvae, annelid worms, shrimp, crayfish, bivalves, tadpoles and fish eggs.","The platypus was listed as endangered is South Australia, under the National Parks and Wildlife Act 1972.",0.6982518434524536,0.4536136984825134,0.24463814496994019,1
TRIPLET_00927,Wildlife,Platypus,https://en.wikipedia.org/wiki/Platypus,Distribution and habitat,Distribution and habitat,Evolution,Platypus_SEC_005_SENT_009,Platypus_SEC_005_SENT_008,Platypus_SEC_008_SENT_012,"Platypuses can be found in a variety of freshwater habitats including rivers, streams, lakes and lagoon-like pools.","The platypus has almost disappeared from the Murray–Darling Basin, possibly due to poor water management.",These are also considered potential members of the platypus Ornithorhynchidae.,0.3776508569717407,0.46182870864868164,-0.08417785167694092,0
TRIPLET_00928,Wildlife,Platypus,https://en.wikipedia.org/wiki/Platypus,Ecology and behaviour > Reproduction,Ecology and behaviour > Reproduction,Human interactions > Usage,Platypus_SEC_007_SENT_015,Platypus_SEC_007_SENT_017,Platypus_SEC_012_SENT_001,The offspring are milk-fed for around four months; a minority of young are weaned after they exit the burrow but usually within five days.,"During incubation and weaning, the mother initially leaves the burrow only for short periods to forage.","Aboriginal Australians hunted and ate platypuses, particularly for their fatty nutritious tails, while, after colonisation, Europeans killed them for fur from the late 19th century until 1912, when it was prohibited by law.",0.7115126848220825,0.3509913384914398,0.3605213463306427,1
TRIPLET_00929,Wildlife,Platypus,https://en.wikipedia.org/wiki/Platypus,Conservation,Conservation,Human interactions > Cultural references,Platypus_SEC_010_SENT_001,Platypus_SEC_010_SENT_005,Platypus_SEC_013_SENT_008,"The International Union for Conservation of Nature categorised the platypus as ""near threatened"" in 2016, based on estimates that numbers had fallen by about thirty percent on average since European settlement.","The use of ""opera house traps"" by recreational fishers for catching yabbies is banned in the ACT, South Australia, Tasmania and Victoria, and restricted in NSW and Queensland, due to the traps drowning non-targeted species including platypuses.",The platypus has often represented Australia's cultural identity and its image has also been used for stamps and currency and as a mascot in the 2000 Summer Olympics in Sydney.,0.5210962891578674,0.29275110363960266,0.22834518551826477,1
TRIPLET_00930,Wildlife,Platypus,https://en.wikipedia.org/wiki/Platypus,Human interactions > Usage,Human interactions > Usage,Ecology and behaviour > Reproduction,Platypus_SEC_012_SENT_002,Platypus_SEC_012_SENT_003,Platypus_SEC_007_SENT_003,"In addition, European researchers captured and killed platypus or removed their eggs, partly in order to increase scientific knowledge, but also to gain prestige and outcompete rivals from different countries.","During the Second World War, in spite of an export ban, Australia gave live platypuses as diplomatic gifts to Allied nations as part of an initiative to increase military assistance.",Females are believed to become sexually mature at two years of age and continue to breed beyond nine years.,0.5722823143005371,0.3466203808784485,0.22566193342208862,1
TRIPLET_00931,Wildlife,Platypus,https://en.wikipedia.org/wiki/Platypus,Evolution > Genome,Evolution > Genome,Human interactions > Cultural references,Platypus_SEC_009_SENT_006,Platypus_SEC_009_SENT_007,Platypus_SEC_013_SENT_008,"Though the platypus lacks the mammalian sex-determining gene SRY, a study found that the mechanism of sex determination is the AMH gene on the oldest Y chromosome.","A draft version of the platypus genome sequence was published in Nature in May 2008, revealing both reptilian and mammalian elements, as well as two genes previously found only in non-mammalian vertebrates.",The platypus has often represented Australia's cultural identity and its image has also been used for stamps and currency and as a mascot in the 2000 Summer Olympics in Sydney.,0.6297540664672852,0.3381776213645935,0.29157644510269165,1
TRIPLET_00932,Wildlife,Platypus,https://en.wikipedia.org/wiki/Platypus,Description > Venom,Description > Venom,Conservation,Platypus_SEC_004_SENT_003,Platypus_SEC_004_SENT_002,Platypus_SEC_010_SENT_009,"Similar spurs are found on many archaic mammal groups, indicating that this was an ancient general characteristic among mammals.","Females are born with a vestigial spur sheath, but lose these as they mature.",The platypus is not covered under the federal EPBC Act.,0.3156261742115021,0.07304567843675613,0.24258049577474594,1
TRIPLET_00933,Wildlife,Platypus,https://en.wikipedia.org/wiki/Platypus,Conservation > Sanctuaries and captivity,Conservation > Sanctuaries and captivity,Ecology and behaviour,Platypus_SEC_011_SENT_009,Platypus_SEC_011_SENT_005,Platypus_SEC_006_SENT_019,One of the females; Penelope had a false proto-pregnancy.,"In 1990-91, there was successful breeding of platypuses at Warrawong Sanctuary.","The fungus Mucor amphibiorum has been reported in Tasmanian platypuses, which causes the disease mucormycosis, symptoms of which include skin lesions and ulcers along the body.",0.3083154857158661,0.3740866780281067,-0.0657711923122406,0
TRIPLET_00934,Wildlife,Platypus,https://en.wikipedia.org/wiki/Platypus,Ecology and behaviour,Ecology and behaviour,Description > Senses,Platypus_SEC_006_SENT_013,Platypus_SEC_006_SENT_019,Platypus_SEC_003_SENT_024,"In captivity, platypuses have survived up to thirty years, and wild specimens have been recaptured at twenty-four years old.","The fungus Mucor amphibiorum has been reported in Tasmanian platypuses, which causes the disease mucormycosis, symptoms of which include skin lesions and ulcers along the body.",The olfactory (smelling) systems of the platypus and the echidna independently evolved from an ancestor with less advanced smelling.,0.26705843210220337,0.35141563415527344,-0.08435720205307007,0
TRIPLET_00935,Wildlife,Platypus,https://en.wikipedia.org/wiki/Platypus,Description > Venom,Description > Venom,Evolution > Genome,Platypus_SEC_004_SENT_007,Platypus_SEC_004_SENT_008,Platypus_SEC_009_SENT_001,It is produced in kidney-shaped alveolar glands located in each of the thighs of the hind limbs and connected to the spur.,The venomous spurs of male platypuses serve as weapons in battles with other males for breeding.,"Because of the early divergence from the therian mammals and the low numbers of extant monotreme species, the platypus is a frequent subject of research in evolutionary biology.",0.4011753797531128,0.2988009750843048,0.10237440466880798,1
TRIPLET_00936,Wildlife,Platypus,https://en.wikipedia.org/wiki/Platypus,Conservation > Sanctuaries and captivity,Conservation > Sanctuaries and captivity,Evolution,Platypus_SEC_011_SENT_009,Platypus_SEC_011_SENT_002,Platypus_SEC_008_SENT_013,One of the females; Penelope had a false proto-pregnancy.,"One notable example is at Healesville Sanctuary in Victoria under David Fleay, where breeding was successful in 1943.","The closest fossil relative of the platypus is Obdurodon, known from the late Oligocene to the Miocene of Australia.",0.2306205928325653,0.2521074712276459,-0.021486878395080566,0
TRIPLET_00937,Wildlife,Platypus,https://en.wikipedia.org/wiki/Platypus,Distribution and habitat,Distribution and habitat,Taxonomy and naming,Platypus_SEC_005_SENT_002,Platypus_SEC_005_SENT_005,Platypus_SEC_001_SENT_011,"It was believed to be extinct on the South Australian mainland, with the last sighting recorded at Renmark in 1975.","There is a population on Kangaroo Island introduced in the 1920s, said to stand at 150 individuals in the Rocky River region of Flinders Chase National Park.","Various dictionaries list ""platypuses"" or simply ""platypus"" as the plural.",0.4275507926940918,0.15770262479782104,0.26984816789627075,1
TRIPLET_00938,Wildlife,Platypus,https://en.wikipedia.org/wiki/Platypus,Evolution,Evolution,Ecology and behaviour,Platypus_SEC_008_SENT_011,Platypus_SEC_008_SENT_013,Platypus_SEC_006_SENT_016,"Monotrematum and Patagorhynchus, also fossil relatives of the platypus, are known from the latest Cretaceous (Maastrichtian) and the mid-Paleocene of Argentina, indicating that some monotremes managed to colonize South America from Australia when the two continents were connected via Antarctica.","The closest fossil relative of the platypus is Obdurodon, known from the late Oligocene to the Miocene of Australia.","Externally, platypuses may carry fleas, mites, and ticks, the latter being more prominent in young.",0.6853112578392029,0.34387871623039246,0.3414325416088104,1
TRIPLET_00939,Wildlife,Platypus,https://en.wikipedia.org/wiki/Platypus,Taxonomy and naming,Taxonomy and naming,Description,Platypus_SEC_001_SENT_017,Platypus_SEC_001_SENT_003,Platypus_SEC_002_SENT_003,Its species name is derived from Latin anatinus ('duck-like') from anas 'duck'.,"When the platypus was first encountered by Europeans in 1798, a pelt and sketch were sent back to Great Britain by Captain John Hunter, the second Governor of New South Wales.","It is one of the most densely furred mammals, behind only otters.",0.4936685860157013,0.316281259059906,0.1773873269557953,1
TRIPLET_00940,Wildlife,Platypus,https://en.wikipedia.org/wiki/Platypus,Conservation,Conservation,Conservation > Sanctuaries and captivity,Platypus_SEC_010_SENT_005,Platypus_SEC_010_SENT_007,Platypus_SEC_011_SENT_003,"The use of ""opera house traps"" by recreational fishers for catching yabbies is banned in the ACT, South Australia, Tasmania and Victoria, and restricted in NSW and Queensland, due to the traps drowning non-targeted species including platypuses.",In November 2020 a recommendation was made to list the platypus as a vulnerable species across all states.,More platypuses were successfully bred and raised in 1998 and again in 2000 using a stream tank.,0.47028324007987976,0.2576245963573456,0.21265864372253418,1
TRIPLET_00941,Wildlife,Platypus,https://en.wikipedia.org/wiki/Platypus,Description > Venom,Description > Venom,Taxonomy and naming,Platypus_SEC_004_SENT_002,Platypus_SEC_004_SENT_007,Platypus_SEC_001_SENT_002,"Females are born with a vestigial spur sheath, but lose these as they mature.",It is produced in kidney-shaped alveolar glands located in each of the thighs of the hind limbs and connected to the spur.,The name chosen and approved in Palawa kani (reconstructed Tasmanian language) is larila.,0.33950868248939514,0.2507525086402893,0.08875617384910583,1
TRIPLET_00942,Wildlife,Platypus,https://en.wikipedia.org/wiki/Platypus,Description > Senses,Description > Senses,Ecology and behaviour > Reproduction,Platypus_SEC_003_SENT_015,Platypus_SEC_003_SENT_007,Platypus_SEC_007_SENT_004,"A temporal (ear side) concentration of retinal ganglion cells, important for binocular vision, indicates a vestigial role in predation, though the actual visual acuity is insufficient for such activities.","These receptors in the bill dominate the somatotopic map of the platypus brain, in the same way human hands dominate the Penfield homunculus map.","During copulation, the male swims behind the female and grabs the tail with his bill, positioning his own tail under her from the side, then grips her neck or shoulder.",0.4717629551887512,0.2044239342212677,0.2673390209674835,1
TRIPLET_00943,Wildlife,Platypus,https://en.wikipedia.org/wiki/Platypus,Human interactions > Cultural references,Human interactions > Cultural references,Distribution and habitat,Platypus_SEC_013_SENT_008,Platypus_SEC_013_SENT_007,Platypus_SEC_005_SENT_004,The platypus has often represented Australia's cultural identity and its image has also been used for stamps and currency and as a mascot in the 2000 Summer Olympics in Sydney.,"Because of their cultural significance and importance in connection to country, the platypus is protected and conserved by these Indigenous peoples.",In October 2020 a nesting platypus was filmed in the wild after the previously abandoned Sanctuary reopened.,0.5361605882644653,0.3737340271472931,0.16242656111717224,1
TRIPLET_00944,Wildlife,Platypus,https://en.wikipedia.org/wiki/Platypus,Conservation,Conservation,Description,Platypus_SEC_010_SENT_003,Platypus_SEC_010_SENT_009,Platypus_SEC_002_SENT_024,The species was hunted for its fur until the early years of the 20th century.,The platypus is not covered under the federal EPBC Act.,"The platypus has a single opening, called a cloaca, for both the reproductive and waste systems.",0.2425793707370758,0.22396844625473022,0.01861092448234558,1
TRIPLET_00945,Wildlife,Platypus,https://en.wikipedia.org/wiki/Platypus,Description > Venom,Description > Venom,Taxonomy and naming,Platypus_SEC_004_SENT_001,Platypus_SEC_004_SENT_008,Platypus_SEC_001_SENT_014,Male platypuses are born with back ankle spurs.,The venomous spurs of male platypuses serve as weapons in battles with other males for breeding.,"Occasionally it is specifically called the ""duck-billed platypus"".",0.6062318086624146,0.41969406604766846,0.1865377426147461,1
TRIPLET_00946,Wildlife,Platypus,https://en.wikipedia.org/wiki/Platypus,Human interactions > Usage,Human interactions > Usage,Distribution and habitat,Platypus_SEC_012_SENT_004,Platypus_SEC_012_SENT_003,Platypus_SEC_005_SENT_010,"One of which was intended as a gift to Winston Churchill died while en route as a result of either erratic temperature changes, malnourishment, or shock from depth charges deployed after a U-boat harassed the ship.","During the Second World War, in spite of an export ban, Australia gave live platypuses as diplomatic gifts to Allied nations as part of an initiative to increase military assistance.",The surrounding terrestrial environment includes tropical rainforests and colder alpine areas.,0.47316044569015503,0.1264096349477768,0.34675081074237823,1
TRIPLET_00947,Wildlife,Platypus,https://en.wikipedia.org/wiki/Platypus,Description > Venom,Description > Venom,Evolution,Platypus_SEC_004_SENT_006,Platypus_SEC_004_SENT_007,Platypus_SEC_008_SENT_015,"The venom is composed largely of defensin-like proteins (DLPs) produced by the immune system, some of which are unique to the species.",It is produced in kidney-shaped alveolar glands located in each of the thighs of the hind limbs and connected to the spur.,A fossilised tooth of the giant platypus Obdurodon tharalkooschild was dated 5–15 million years ago.,0.5997136235237122,0.3107551038265228,0.28895851969718933,1
TRIPLET_00948,Wildlife,Platypus,https://en.wikipedia.org/wiki/Platypus,Description > Venom,Description > Venom,Conservation > Sanctuaries and captivity,Platypus_SEC_004_SENT_001,Platypus_SEC_004_SENT_006,Platypus_SEC_011_SENT_008,Male platypuses are born with back ankle spurs.,"The venom is composed largely of defensin-like proteins (DLPs) produced by the immune system, some of which are unique to the species.","Three platypuses were given to the Bronx Zoo in 1947, two females and a male.",0.42328551411628723,0.35258954763412476,0.07069596648216248,1
TRIPLET_00949,Wildlife,Platypus,https://en.wikipedia.org/wiki/Platypus,Conservation > Sanctuaries and captivity,Conservation > Sanctuaries and captivity,Ecology and behaviour,Platypus_SEC_011_SENT_004,Platypus_SEC_011_SENT_009,Platypus_SEC_006_SENT_006,"Between 2008 and 2012, platypuses were bred regularly at Healesville, including twins.",One of the females; Penelope had a false proto-pregnancy.,"A platypus may spend half the day in water and then retreat into its burrow, which is constructed by digging into the bank.",0.34994977712631226,0.42537203431129456,-0.0754222571849823,0
TRIPLET_00950,Wildlife,Platypus,https://en.wikipedia.org/wiki/Platypus,Ecology and behaviour > Reproduction,Ecology and behaviour > Reproduction,Description > Senses,Platypus_SEC_007_SENT_003,Platypus_SEC_007_SENT_002,Platypus_SEC_003_SENT_006,Females are believed to become sexually mature at two years of age and continue to breed beyond nine years.,"Research has found both resident and transient platypuses, and suggest a polygynous mating system.","The electrosensory area of the cerebral cortex is in the tactile somatosensory area, and some cortical cells receive input from both electroreceptors and mechanoreceptors, suggesting the platypus feels electric fields as touches.",0.4358733594417572,0.2294357419013977,0.2064376175403595,1
TRIPLET_00951,Wildlife,Tasmanian devil,https://en.wikipedia.org/wiki/Tasmanian_devil,Conservation status > Culling,Conservation status > Culling,Taxonomy,Tasmanian_devil_SEC_010_SENT_013,Tasmanian_devil_SEC_010_SENT_016,Tasmanian_devil_SEC_001_SENT_022,"The following year, Trichinella spiralis, a parasite which kills animals and can infect humans, was found in devils and minor panic broke out before scientists assured the public that 30% of devils had it but that they could not transmit it to other species.","Approximately 10,000 devils were killed per year in the mid-1990s.","Richard Owen argued for the latter hypothesis in the 19th century, based on fossils found in 1877 in New South Wales.",0.6263031959533691,0.36417222023010254,0.2621309757232666,1
TRIPLET_00952,Wildlife,Tasmanian devil,https://en.wikipedia.org/wiki/Tasmanian_devil,Relationship with humans > In popular culture,Relationship with humans > In popular culture,Conservation status > Devil facial tumour disease,Tasmanian_devil_SEC_015_SENT_011,Tasmanian_devil_SEC_015_SENT_009,Tasmanian_devil_SEC_012_SENT_014,"Little known at the time, the loud hyperactive cartoon character has little in common with the real life animal.","Devils began to be used as ecotourism in the 1970s, when studies showed that the animals were often the only things known about Tasmania overseas, and suggested that they should therefore be the centrepiece of marketing efforts, resulting in some devils being taken on promotional tours.","In March 2017, scientists at the University of Tasmania presented an apparent first report of having successfully treated Tasmanian devils with the disease.",0.36815425753593445,0.17367956042289734,0.1944746971130371,1
TRIPLET_00953,Wildlife,Tasmanian devil,https://en.wikipedia.org/wiki/Tasmanian_devil,Relationship with humans > In captivity,Relationship with humans > In captivity,Conservation status > Population declines,Tasmanian_devil_SEC_014_SENT_016,Tasmanian_devil_SEC_014_SENT_007,Tasmanian_devil_SEC_009_SENT_003,"In the United States, four additional zoos have since been selected as part of the Australian government's Save the Tasmanian Devil program, the zoos selected were: the Fort Wayne Children's Zoo, the Los Angeles Zoo, the Saint Louis Zoo, and the Toledo Zoo.","In a study on the growth of young devils in captivity, some developmental stages were very different from those reported by Guiler.",It is difficult to estimate the size of the devil population.,0.45822858810424805,0.21678347885608673,0.24144510924816132,1
TRIPLET_00954,Wildlife,Tasmanian devil,https://en.wikipedia.org/wiki/Tasmanian_devil,Taxonomy > Genetics,Taxonomy > Genetics,Description,Tasmanian_devil_SEC_002_SENT_015,Tasmanian_devil_SEC_002_SENT_022,Tasmanian_devil_SEC_003_SENT_008,"Of the 25 MHC types, 40% are exclusive to the western devils.",There was an average of 10.11 MHC types per site in the west.,"Devils have five long toes on their forefeet, four pointing to the front and one coming out from the side, which gives the devil the ability to hold food.",0.5864452719688416,0.4143294394016266,0.17211583256721497,1
TRIPLET_00955,Wildlife,Tasmanian devil,https://en.wikipedia.org/wiki/Tasmanian_devil,Conservation status > Culling,Conservation status > Culling,Ecology and behaviour > Feeding,Tasmanian_devil_SEC_010_SENT_011,Tasmanian_devil_SEC_010_SENT_008,Tasmanian_devil_SEC_006_SENT_006,"Numbers may have peaked in the early 1970s after a population boom; in 1975 they were reported to be lower, possibly due to overpopulation and consequent lack of food.","In the 1950s, with reports of increasing numbers, some permits to capture devils were granted after complaints of livestock damage.",They are known to hunt water rats by the sea and forage on dead fish that have been washed ashore.,0.5442425012588501,0.2618999481201172,0.2823425531387329,1
TRIPLET_00956,Wildlife,Tasmanian devil,https://en.wikipedia.org/wiki/Tasmanian_devil,Relationship with humans > In popular culture,Relationship with humans > In popular culture,Ecology and behaviour > Feeding,Tasmanian_devil_SEC_015_SENT_015,Tasmanian_devil_SEC_015_SENT_003,Tasmanian_devil_SEC_006_SENT_034,"An annual fee would be paid to Warner Bros. in return for the Government of Tasmania being able to use the image of Taz for ""marketing purposes"".",The Hobart Devils were once part of the National Basketball League.,"Not all of these animals were caught while they were in trees, but this high figure for females, which is higher than for male spotted-tailed quolls during the same season, is unusual, as the devil has inferior tree climbing skills.",0.485917866230011,0.26252657175064087,0.22339129447937012,1
TRIPLET_00957,Wildlife,Tasmanian devil,https://en.wikipedia.org/wiki/Tasmanian_devil,Conservation status > Road mortality,Conservation status > Road mortality,Ecology and behaviour > Reproduction,Tasmanian_devil_SEC_011_SENT_018,Tasmanian_devil_SEC_011_SENT_014,Tasmanian_devil_SEC_007_SENT_022,"On 25 September 2015, 20 immunised devils were microchipped and released in Narawntapu National Park.",Devils have often been victims of roadkill when they are retrieving other roadkill.,"Despite the large litter at birth, the female has only four nipples, so there are never more than four babies nursing in the pouch, and the older a female devil gets, the smaller her litters will become.",0.4556649923324585,0.42561277747154236,0.030052214860916138,1
TRIPLET_00958,Wildlife,Tasmanian devil,https://en.wikipedia.org/wiki/Tasmanian_devil,Conservation status > Population declines,Conservation status > Population declines,Conservation status > Devil facial tumour disease,Tasmanian_devil_SEC_009_SENT_009,Tasmanian_devil_SEC_009_SENT_005,Tasmanian_devil_SEC_012_SENT_002,Appropriate wildlife refuges such as Savage River National Park in North West Tasmania provide hope for their survival.,"The Tasmanian devil's population has been calculated in 2008 by Tasmania's Department of Primary Industries and Water as being in the range of 10,000 to 100,000 individuals, with 20,000 to 50,000 mature individuals being likely.",The state's west coast area and far north-west are the only places where devils are tumour free.,0.3538116216659546,0.41271883249282837,-0.05890721082687378,0
TRIPLET_00959,Wildlife,Tasmanian devil,https://en.wikipedia.org/wiki/Tasmanian_devil,Relationship with humans,Relationship with humans,Ecology and behaviour > Reproduction,Tasmanian_devil_SEC_013_SENT_018,Tasmanian_devil_SEC_013_SENT_016,Tasmanian_devil_SEC_007_SENT_047,This is seen as the start of modern scientific study of it.,"Theodore Thomson Flynn was the first professor of biology in Tasmania, and carried out some research during the period around World War I.","When the mother is hunting they can stay inside a shelter or come along, often riding on their mother's back.",0.44001302123069763,0.08309631794691086,0.3569167032837868,1
TRIPLET_00960,Wildlife,Tasmanian devil,https://en.wikipedia.org/wiki/Tasmanian_devil,Description,Description,Ecology and behaviour,Tasmanian_devil_SEC_003_SENT_032,Tasmanian_devil_SEC_003_SENT_025,Tasmanian_devil_SEC_005_SENT_042,The teeth and claw strength allow the devil to attack wombats up to 30 kg (66 lb) in weight.,Dasyurid teeth resemble those of primitive marsupials.,"The standard metabolic rate of a Tasmanian devil is 141 kJ/kg (15.3 kcal/lb) per day, many times lower than smaller marsupials.",0.45341983437538147,0.4786470830440521,-0.025227248668670654,0
TRIPLET_00961,Wildlife,Tasmanian devil,https://en.wikipedia.org/wiki/Tasmanian_devil,Taxonomy > Genetics,Taxonomy > Genetics,Taxonomy,Tasmanian_devil_SEC_002_SENT_002,Tasmanian_devil_SEC_002_SENT_005,Tasmanian_devil_SEC_001_SENT_016,"Like all dasyurids, the devil has 14 chromosomes.","According to a study by Menna Jones, ""gene flow appears extensive up to 50 km (31 mi)"", meaning a high assignment rate to source or close neighbour populations ""in agreement with movement data.","As most of their prey died of the cold, only a few carnivores survived, including the ancestors of the quoll and thylacine.",0.20554305613040924,0.3814102113246918,-0.17586715519428253,0
TRIPLET_00962,Wildlife,Tasmanian devil,https://en.wikipedia.org/wiki/Tasmanian_devil,Taxonomy > Genetics,Taxonomy > Genetics,Relationship with humans > In captivity,Tasmanian_devil_SEC_002_SENT_022,Tasmanian_devil_SEC_002_SENT_011,Tasmanian_devil_SEC_014_SENT_017,There was an average of 10.11 MHC types per site in the west.,"A sub-population of devils in the north-west of the state is genetically distinct from other devils, but there is some exchange between the two groups.","Captive devils are usually forced to stay awake during the day to cater to visitors, rather than following their natural nocturnal style.",0.3247702121734619,0.19504313170909882,0.1297270804643631,1
TRIPLET_00963,Wildlife,Tasmanian devil,https://en.wikipedia.org/wiki/Tasmanian_devil,Conservation status,Conservation status,Relationship with humans > In captivity,Tasmanian_devil_SEC_008_SENT_002,Tasmanian_devil_SEC_008_SENT_003,Tasmanian_devil_SEC_014_SENT_013,"However, whether it was direct hunting by people, competition with dingoes, changes brought about by the increasing human population, who by 3000 years ago were using all habitat types across the continent, or a combination of all three, is unknown; devils had coexisted with dingoes on the mainland for around 3000 years.","Brown has also proposed that the El Niño–Southern Oscillation (ENSO) grew stronger during the Holocene, and that the devil, as a scavenger with a short life span, was highly sensitive to this.","Due to restrictions on their export by the Australian government, at the time these were the only devils known to be living outside Australia.",0.582981526851654,0.4772052764892578,0.10577625036239624,1
TRIPLET_00964,Wildlife,Tasmanian devil,https://en.wikipedia.org/wiki/Tasmanian_devil,Distribution and habitat,Distribution and habitat,Relationship with humans > In popular culture,Tasmanian_devil_SEC_004_SENT_001,Tasmanian_devil_SEC_004_SENT_010,Tasmanian_devil_SEC_015_SENT_007,"The Tasmanian devil was formerly present across mainland Australia, but became extinct there 3,500 years ago, co-incident with the extinction of the thylacine from the region.","In September 2015, 20 immunised captive-bred devils were released into Narawntapu National Park, Tasmania.","Tasmanian devils are popular with tourists, and the director of the Tasmanian Devil Conservation Park has described their possible extinction as ""a really significant blow for Australian and Tasmanian tourism"".",0.597535252571106,0.5912079811096191,0.006327271461486816,1
TRIPLET_00965,Wildlife,Tasmanian devil,https://en.wikipedia.org/wiki/Tasmanian_devil,Taxonomy,Taxonomy,Ecology and behaviour > Feeding,Tasmanian_devil_SEC_001_SENT_007,Tasmanian_devil_SEC_001_SENT_023,Tasmanian_devil_SEC_006_SENT_050,"However, this was not accepted by the taxonomic community at large; the name S. harrisii has been retained and S. laniarius relegated to a fossil species.","Large bones attributed to S. moornaensis have been found in New South Wales, and it has been conjectured that these two extinct larger species may have hunted and scavenged.","A study of feeding devils identified twenty physical postures, including their characteristic vicious yawn, and eleven different vocal sounds, including clicks, shrieks and various types of growls, that devils use to communicate as they feed.",0.43583524227142334,0.22270654141902924,0.2131287008523941,1
TRIPLET_00966,Wildlife,Tasmanian devil,https://en.wikipedia.org/wiki/Tasmanian_devil,Ecology and behaviour > Feeding,Ecology and behaviour > Feeding,Ecology and behaviour,Tasmanian_devil_SEC_006_SENT_035,Tasmanian_devil_SEC_006_SENT_036,Tasmanian_devil_SEC_005_SENT_029,"Although they hunt alone, there have been unsubstantiated claims of communal hunting, where one devil drives prey out of its habitat and an accomplice attacks.",Eating is a social event for the Tasmanian devil.,"They choose to travel through lowlands, saddles and along the banks of creeks, particularly preferring carved-out tracks and livestock paths and eschewing steep slopes and rocky terrain.",0.6027017831802368,0.3955605626106262,0.2071412205696106,1
TRIPLET_00967,Wildlife,Tasmanian devil,https://en.wikipedia.org/wiki/Tasmanian_devil,Ecology and behaviour,Ecology and behaviour,Relationship with humans,Tasmanian_devil_SEC_005_SENT_028,Tasmanian_devil_SEC_005_SENT_036,Tasmanian_devil_SEC_013_SENT_015,"However, there are also reports that an upper bound can be 50 km (31 mi) per night.","In ambient temperatures between 5 and 30 °C (41 and 86 °F), the devil was able to maintain a body temperature between 37.4 and 38 °C (99.3 and 100.4 °F).","At the start of the 20th century, Hobart zoo operator Mary Roberts, who was not a trained scientist, was credited for changing people's attitudes and encouraging scientific interest in native animals such as the devil that were seen as fearsome and abhorrent, and the human perception of the animal changed.",0.5188689231872559,0.21983246505260468,0.2990364581346512,1
TRIPLET_00968,Wildlife,Tasmanian devil,https://en.wikipedia.org/wiki/Tasmanian_devil,Conservation status > Culling,Conservation status > Culling,Ecology and behaviour > Reproduction,Tasmanian_devil_SEC_010_SENT_011,Tasmanian_devil_SEC_010_SENT_010,Tasmanian_devil_SEC_007_SENT_004,"Numbers may have peaked in the early 1970s after a population boom; in 1975 they were reported to be lower, possibly due to overpopulation and consequent lack of food.","During this time environmentalists also became more outspoken, particularly as scientific studies provided new data suggesting the threat of devils to livestock had been vastly exaggerated.","Occurring in March, mating takes places in sheltered locations during both day and night.",0.5019115209579468,0.34544825553894043,0.15646326541900635,1
TRIPLET_00969,Wildlife,Tasmanian devil,https://en.wikipedia.org/wiki/Tasmanian_devil,Conservation status > Population declines,Conservation status > Population declines,Conservation status > Culling,Tasmanian_devil_SEC_009_SENT_009,Tasmanian_devil_SEC_009_SENT_008,Tasmanian_devil_SEC_010_SENT_007,Appropriate wildlife refuges such as Savage River National Park in North West Tasmania provide hope for their survival.,"The IUCN classified the Tasmanian devil in the lower risk/least concern category in 1996, but in 2009 they reclassified it as endangered.","After the death of the last thylacine in 1936, the Tasmanian devil was protected by law in June 1941 and the population slowly recovered.",0.45159855484962463,0.3877650499343872,0.06383350491523743,1
TRIPLET_00970,Wildlife,Tasmanian devil,https://en.wikipedia.org/wiki/Tasmanian_devil,Relationship with humans,Relationship with humans,Conservation status > Culling,Tasmanian_devil_SEC_013_SENT_003,Tasmanian_devil_SEC_013_SENT_013,Tasmanian_devil_SEC_010_SENT_016,Archaeologist Josephine Flood believes the devil was hunted for its teeth and that this contributed to its extinction on mainland Australia.,"Although they can be tamed, they are asocial and are not considered appropriate as pets; they have an unpleasant odour, and neither demonstrate nor respond to affection.","Approximately 10,000 devils were killed per year in the mid-1990s.",0.511041522026062,0.4659668207168579,0.0450747013092041,1
TRIPLET_00971,Wildlife,Tasmanian devil,https://en.wikipedia.org/wiki/Tasmanian_devil,Taxonomy,Taxonomy,Taxonomy > Genetics,Tasmanian_devil_SEC_001_SENT_025,Tasmanian_devil_SEC_001_SENT_004,Tasmanian_devil_SEC_002_SENT_014,"As the devil and thylacine are similar, the extinction of the co-existing thylacine genera has been cited as evidence for an analogous history for the devils.","In 1838, a specimen was named Dasyurus laniarius by Richard Owen, but by 1877 he had relegated it to Sarcophilus.","Seven of every ten devils in the east are of type A, D, G or 1, which are linked to DFTD; whereas only 55% of the western devils fall into these MHC categories.",0.4780581593513489,0.2993645668029785,0.17869359254837036,1
TRIPLET_00972,Wildlife,Tasmanian devil,https://en.wikipedia.org/wiki/Tasmanian_devil,Ecology and behaviour > Reproduction,Ecology and behaviour > Reproduction,Taxonomy > Genetics,Tasmanian_devil_SEC_007_SENT_031,Tasmanian_devil_SEC_007_SENT_039,Tasmanian_devil_SEC_002_SENT_013,"Eyelids are apparent at 16 days, whiskers at 17 days, and the lips at 20 days.","Subsequently, the infraorbital, interramal, supraorbital and submental vibrissae form.","Those devils in the east of the state have less MHC diversity; 30% are of the same type as the tumour (type 1), and 24% are of type A.",0.4605697691440582,0.3324600160121918,0.12810975313186646,1
TRIPLET_00973,Wildlife,Tasmanian devil,https://en.wikipedia.org/wiki/Tasmanian_devil,Conservation status > Devil facial tumour disease,Conservation status > Devil facial tumour disease,Ecology and behaviour > Reproduction,Tasmanian_devil_SEC_012_SENT_011,Tasmanian_devil_SEC_012_SENT_001,Tasmanian_devil_SEC_007_SENT_035,"Long-term monitoring at replicated sites will be essential to assess whether these effects remain, or whether populations can recover.","First seen in 1996 in Mount William in northeastern Tasmania, devil facial tumour disease (DFTD) has ravaged Tasmania's wild devils, and estimates of the impact range from 20% to as much as an 80% decline in the devil population, with over 65% of the state affected.","The fur growing process starts at the snout and proceeds back through the body, although the tail attains fur before the rump, which is the last part of the body to become covered.",0.09964600205421448,0.38768717646598816,-0.2880411744117737,0
TRIPLET_00974,Wildlife,Tasmanian devil,https://en.wikipedia.org/wiki/Tasmanian_devil,Conservation status,Conservation status,Ecology and behaviour > Reproduction,Tasmanian_devil_SEC_008_SENT_009,Tasmanian_devil_SEC_008_SENT_004,Tasmanian_devil_SEC_007_SENT_002,"In 2008, high levels of potentially carcinogenic flame retardant chemicals were found in Tasmanian devils.","In dingo-free Tasmania, carnivorous marsupials were still active when Europeans arrived.","At this point, they become fertile once a year, producing multiple ova while in heat.",0.4030614495277405,0.3280086815357208,0.07505276799201965,1
TRIPLET_00975,Wildlife,Tasmanian devil,https://en.wikipedia.org/wiki/Tasmanian_devil,Taxonomy > Genetics,Taxonomy > Genetics,Relationship with humans > In captivity,Tasmanian_devil_SEC_002_SENT_023,Tasmanian_devil_SEC_002_SENT_021,Tasmanian_devil_SEC_014_SENT_009,Recent research has suggested that the wild population of devils are rapidly evolving a resistance to DFTD.,"In contrast, in the west, Cape Sorell yielded three types, and Togari North-Christmas Hills yielded six, but the other seven sites all had at least eight MHC types, and West Pencil Pine had 15 types.","In general, females tend to retain more stress after being taken into captivity than males.",0.3617703318595886,0.4464800953865051,-0.0847097635269165,0
TRIPLET_00976,Wildlife,Tasmanian devil,https://en.wikipedia.org/wiki/Tasmanian_devil,Conservation status > Road mortality,Conservation status > Road mortality,Relationship with humans > In captivity,Tasmanian_devil_SEC_011_SENT_008,Tasmanian_devil_SEC_011_SENT_001,Tasmanian_devil_SEC_014_SENT_014,"At the same time, there was a large increase in deaths caused by vehicles along the new road; there had been none in the preceding six months.","Motor vehicles are a threat to localised populations of non-abundant Tasmanian mammals, and a 2010 study showed that devils were particularly vulnerable.","In June 2013, due to the successes of the insurance population program, it was planned to send devils to other zoos around the world in a pilot program.",0.5056644678115845,0.4307929575443268,0.07487151026725769,1
TRIPLET_00977,Wildlife,Tasmanian devil,https://en.wikipedia.org/wiki/Tasmanian_devil,Relationship with humans > In popular culture,Relationship with humans > In popular culture,Ecology and behaviour,Tasmanian_devil_SEC_015_SENT_013,Tasmanian_devil_SEC_015_SENT_006,Tasmanian_devil_SEC_005_SENT_012,"In 1997, a newspaper report noted that Warner Bros. had ""trademarked the character and registered the name Tasmanian Devil"", and that this trademark ""was policed"", including an eight-year legal case to allow a Tasmanian company to call a fishing lure ""Tasmanian Devil"".","In 2015, the Tasmanian devil was chosen as Tasmania's state emblem.",Tasmanian devils in Narawntapu National Park were fitted with proximity sensing radio collars which recorded their interactions with other devils over several months from February to June 2006.,0.598196268081665,0.703789234161377,-0.10559296607971191,0
TRIPLET_00978,Wildlife,Tasmanian devil,https://en.wikipedia.org/wiki/Tasmanian_devil,Ecology and behaviour,Ecology and behaviour,Ecology and behaviour > Reproduction,Tasmanian_devil_SEC_005_SENT_005,Tasmanian_devil_SEC_005_SENT_028,Tasmanian_devil_SEC_007_SENT_050,"Devils can scale trees of trunk diameter larger than 40 cm (16 in), which tend to have no small side branches to hang onto, up to a height of around 2.5–3 m (8 ft 2 in – 9 ft 10 in).","However, there are also reports that an upper bound can be 50 km (31 mi) per night.",The milk contains a higher amount of iron than the milk of placental mammals.,0.3902677297592163,0.48211774230003357,-0.09185001254081726,0
TRIPLET_00979,Wildlife,Tasmanian devil,https://en.wikipedia.org/wiki/Tasmanian_devil,Conservation status > Culling,Conservation status > Culling,Relationship with humans,Tasmanian_devil_SEC_010_SENT_012,Tasmanian_devil_SEC_010_SENT_011,Tasmanian_devil_SEC_013_SENT_018,Another report of overpopulation and livestock damage was reported in 1987.,"Numbers may have peaked in the early 1970s after a population boom; in 1975 they were reported to be lower, possibly due to overpopulation and consequent lack of food.",This is seen as the start of modern scientific study of it.,0.4854065477848053,0.312735378742218,0.17267116904258728,1
TRIPLET_00980,Wildlife,Tasmanian devil,https://en.wikipedia.org/wiki/Tasmanian_devil,Relationship with humans > In popular culture,Relationship with humans > In popular culture,Description,Tasmanian_devil_SEC_015_SENT_011,Tasmanian_devil_SEC_015_SENT_015,Tasmanian_devil_SEC_003_SENT_008,"Little known at the time, the loud hyperactive cartoon character has little in common with the real life animal.","An annual fee would be paid to Warner Bros. in return for the Government of Tasmania being able to use the image of Taz for ""marketing purposes"".","Devils have five long toes on their forefeet, four pointing to the front and one coming out from the side, which gives the devil the ability to hold food.",0.2210499346256256,0.2990543842315674,-0.07800444960594177,0
TRIPLET_00981,Wildlife,Tasmanian devil,https://en.wikipedia.org/wiki/Tasmanian_devil,Ecology and behaviour > Reproduction,Ecology and behaviour > Reproduction,Relationship with humans,Tasmanian_devil_SEC_007_SENT_054,Tasmanian_devil_SEC_007_SENT_024,Tasmanian_devil_SEC_013_SENT_020,"As juveniles are more crepuscular than adults, their appearance in the open during summer gives the impression to humans of a population boom.","On average, more females survive than males, and up to 60% of young do not survive to maturity.",The first doctorate awarded for research into the devil came in 1991.,0.4209327697753906,0.14822721481323242,0.2727055549621582,1
TRIPLET_00982,Wildlife,Tasmanian devil,https://en.wikipedia.org/wiki/Tasmanian_devil,Conservation status > Road mortality,Conservation status > Road mortality,Relationship with humans,Tasmanian_devil_SEC_011_SENT_011,Tasmanian_devil_SEC_011_SENT_004,Tasmanian_devil_SEC_013_SENT_010,The devil and quoll are especially vulnerable as they often try to retrieve roadkill for food and travel along the road.,This requires a 20% reduction in speed for a motorist to avoid the devil.,"While they are known to eat dead bodies, there are prevalent myths that they eat living humans who wander into the bush.",0.4324672818183899,0.6612966060638428,-0.22882932424545288,0
TRIPLET_00983,Wildlife,Tasmanian devil,https://en.wikipedia.org/wiki/Tasmanian_devil,Conservation status > Devil facial tumour disease,Conservation status > Devil facial tumour disease,Relationship with humans,Tasmanian_devil_SEC_012_SENT_010,Tasmanian_devil_SEC_012_SENT_002,Tasmanian_devil_SEC_013_SENT_006,"So far, it has been established that the short-term effects of the disease in an area can be severe.",The state's west coast area and far north-west are the only places where devils are tumour free.,"In Tasmania, local Indigenous Australians and devils sheltered in the same caves.",0.25797438621520996,0.25774699449539185,0.00022739171981811523,1
TRIPLET_00984,Wildlife,Tasmanian devil,https://en.wikipedia.org/wiki/Tasmanian_devil,Conservation status > Road mortality,Conservation status > Road mortality,Relationship with humans > In captivity,Tasmanian_devil_SEC_011_SENT_017,Tasmanian_devil_SEC_011_SENT_005,Tasmanian_devil_SEC_014_SENT_013,"In 2009, the Save the Tasmanian Devil group launched the ""Roadkill Project"", which allowed members of the public to report sightings of devils which had been killed on the road.","For low beam, the devils had the second shortest detection distance, 16% below the median.","Due to restrictions on their export by the Australian government, at the time these were the only devils known to be living outside Australia.",0.36347806453704834,0.512908935546875,-0.14943087100982666,0
TRIPLET_00985,Wildlife,Tasmanian devil,https://en.wikipedia.org/wiki/Tasmanian_devil,Distribution and habitat,Distribution and habitat,Ecology and behaviour,Tasmanian_devil_SEC_004_SENT_002,Tasmanian_devil_SEC_004_SENT_014,Tasmanian_devil_SEC_005_SENT_010,"A number of causal factors for the extinction have been proposed, including the introduction of the dingo, intensification of human activity, as well as climatic change.","Devils prefer open forest to tall forest, and dry rather than wet forests.","Classically considered as solitary animals, their social interactions were poorly understood.",0.2570606470108032,0.2429671436548233,0.01409350335597992,1
TRIPLET_00986,Wildlife,Tasmanian devil,https://en.wikipedia.org/wiki/Tasmanian_devil,Ecology and behaviour > Feeding,Ecology and behaviour > Feeding,Conservation status > Road mortality,Tasmanian_devil_SEC_006_SENT_061,Tasmanian_devil_SEC_006_SENT_042,Tasmanian_devil_SEC_011_SENT_018,"Owen and Pemberton believe that the relationship between Tasmanian devils and thylacines was ""close and complex"", as they competed directly for prey and probably also for shelter.","Juveniles are active at dusk, so they tend to reach the source before the adults.","On 25 September 2015, 20 immunised devils were microchipped and released in Narawntapu National Park.",0.4380122721195221,0.3994104862213135,0.03860178589820862,1
TRIPLET_00987,Wildlife,Tasmanian devil,https://en.wikipedia.org/wiki/Tasmanian_devil,Ecology and behaviour > Reproduction,Ecology and behaviour > Reproduction,Relationship with humans > In popular culture,Tasmanian_devil_SEC_007_SENT_001,Tasmanian_devil_SEC_007_SENT_018,Tasmanian_devil_SEC_015_SENT_005,"Females start to breed when they reach sexual maturity, typically in their second year.","Tasmanian devil young are variously called ""pups"", ""joeys"", or ""imps"".",Cascade Brewery in Tasmania sells a ginger beer with a Tasmanian devil on the label.,0.2606133222579956,0.22393211722373962,0.03668120503425598,1
TRIPLET_00988,Wildlife,Tasmanian devil,https://en.wikipedia.org/wiki/Tasmanian_devil,Conservation status > Road mortality,Conservation status > Road mortality,Ecology and behaviour > Reproduction,Tasmanian_devil_SEC_011_SENT_001,Tasmanian_devil_SEC_011_SENT_021,Tasmanian_devil_SEC_007_SENT_041,"Motor vehicles are a threat to localised populations of non-abundant Tasmanian mammals, and a 2010 study showed that devils were particularly vulnerable.",The trial ran for 18 months and the trial area had two-thirds less deaths than the control.,Their eyes open shortly after their fur coat develops—between 87 and 93 days—and their mouths can relax their hold of the nipple at 100 days.,0.33309274911880493,0.2199474275112152,0.11314532160758972,1
TRIPLET_00989,Wildlife,Tasmanian devil,https://en.wikipedia.org/wiki/Tasmanian_devil,Relationship with humans,Relationship with humans,Conservation status > Culling,Tasmanian_devil_SEC_013_SENT_016,Tasmanian_devil_SEC_013_SENT_017,Tasmanian_devil_SEC_010_SENT_010,"Theodore Thomson Flynn was the first professor of biology in Tasmania, and carried out some research during the period around World War I.","In the mid-1960s, Professor Guiler assembled a team of researchers and started a decade of systematic fieldwork on the devil.","During this time environmentalists also became more outspoken, particularly as scientific studies provided new data suggesting the threat of devils to livestock had been vastly exaggerated.",0.5442314147949219,0.40299010276794434,0.14124131202697754,1
TRIPLET_00990,Wildlife,Tasmanian devil,https://en.wikipedia.org/wiki/Tasmanian_devil,Distribution and habitat,Distribution and habitat,Relationship with humans > In popular culture,Tasmanian_devil_SEC_004_SENT_002,Tasmanian_devil_SEC_004_SENT_004,Tasmanian_devil_SEC_015_SENT_014,"A number of causal factors for the extinction have been proposed, including the introduction of the dingo, intensification of human activity, as well as climatic change.",The north-western population is located west of the Forth River and as far south as Macquarie Heads.,"Debate followed, and a delegation from the Tasmanian government met with Warner Bros. Ray Groom, the Tourism Minister, later announced that a ""verbal agreement"" had been reached.",0.3171679377555847,0.3741476535797119,-0.0569797158241272,0
TRIPLET_00991,Wildlife,Tasmanian devil,https://en.wikipedia.org/wiki/Tasmanian_devil,Ecology and behaviour > Feeding,Ecology and behaviour > Feeding,Taxonomy > Genetics,Tasmanian_devil_SEC_006_SENT_030,Tasmanian_devil_SEC_006_SENT_021,Tasmanian_devil_SEC_002_SENT_018,Juveniles have also been observed climbing into nests and capturing birds.,"In this respect, devils have earned the gratitude of Tasmanian farmers, as the speed at which they clean a carcass helps prevent the spread of insects that might otherwise harm livestock.","Of the fifteen different regions in Tasmania surveyed in this research, six were in the eastern half of the island.",0.36317044496536255,0.19799010455608368,0.16518034040927887,1
TRIPLET_00992,Wildlife,Tasmanian devil,https://en.wikipedia.org/wiki/Tasmanian_devil,Conservation status > Devil facial tumour disease,Conservation status > Devil facial tumour disease,Conservation status > Culling,Tasmanian_devil_SEC_012_SENT_010,Tasmanian_devil_SEC_012_SENT_005,Tasmanian_devil_SEC_010_SENT_017,"So far, it has been established that the short-term effects of the disease in an area can be severe.",This tumour is able to pass between hosts without inducing a response from the host's immune system.,"A selective culling program has taken place to remove individuals affected with DFTD, and has been shown to not slow the rate of disease progression or reduced the number of animals dying.",0.3476507067680359,0.47230759263038635,-0.12465688586235046,0
TRIPLET_00993,Wildlife,Tasmanian devil,https://en.wikipedia.org/wiki/Tasmanian_devil,Conservation status > Devil facial tumour disease,Conservation status > Devil facial tumour disease,Description,Tasmanian_devil_SEC_012_SENT_002,Tasmanian_devil_SEC_012_SENT_006,Tasmanian_devil_SEC_003_SENT_029,The state's west coast area and far north-west are the only places where devils are tumour free.,Dominant devils who engage in more biting behaviour are more exposed to the disease.,"Like dogs, it has 42 teeth, however, unlike dogs, its teeth are not replaced after birth but grow continuously throughout life at a slow rate.",0.23161092400550842,0.43786340951919556,-0.20625248551368713,0
TRIPLET_00994,Wildlife,Tasmanian devil,https://en.wikipedia.org/wiki/Tasmanian_devil,Ecology and behaviour > Feeding,Ecology and behaviour > Feeding,Conservation status > Culling,Tasmanian_devil_SEC_006_SENT_035,Tasmanian_devil_SEC_006_SENT_042,Tasmanian_devil_SEC_010_SENT_001,"Although they hunt alone, there have been unsubstantiated claims of communal hunting, where one devil drives prey out of its habitat and an accomplice attacks.","Juveniles are active at dusk, so they tend to reach the source before the adults.","The first European Tasmanian settlers ate Tasmanian devil, which they described as tasting like veal.",0.35506099462509155,0.5574169754981995,-0.2023559808731079,0
TRIPLET_00995,Wildlife,Tasmanian devil,https://en.wikipedia.org/wiki/Tasmanian_devil,Relationship with humans > In captivity,Relationship with humans > In captivity,Conservation status > Road mortality,Tasmanian_devil_SEC_014_SENT_012,Tasmanian_devil_SEC_014_SENT_010,Tasmanian_devil_SEC_011_SENT_014,"In October 2005 the Tasmanian government sent four devils, two male and two female, to the Copenhagen Zoo, following the birth of the first son of King Frederik X of Denmark and his Tasmanian-born wife Mary.",Tasmanian devils were displayed in various zoos around the world from the 1850s onwards.,Devils have often been victims of roadkill when they are retrieving other roadkill.,0.6431972980499268,0.36499905586242676,0.2781982421875,1
TRIPLET_00996,Wildlife,Tasmanian devil,https://en.wikipedia.org/wiki/Tasmanian_devil,Taxonomy,Taxonomy,Relationship with humans,Tasmanian_devil_SEC_001_SENT_021,Tasmanian_devil_SEC_001_SENT_014,Tasmanian_devil_SEC_013_SENT_009,"It is not clear whether the modern devil evolved from S. laniarius, or whether they coexisted at the time.",He speculated that these adaptations may have caused the contemporary devil's peculiar gait.,It is a common belief that devils will eat humans.,0.6223961114883423,0.3758191764354706,0.2465769350528717,1
TRIPLET_00997,Wildlife,Tasmanian devil,https://en.wikipedia.org/wiki/Tasmanian_devil,Conservation status > Devil facial tumour disease,Conservation status > Devil facial tumour disease,Ecology and behaviour > Feeding,Tasmanian_devil_SEC_012_SENT_010,Tasmanian_devil_SEC_012_SENT_014,Tasmanian_devil_SEC_006_SENT_019,"So far, it has been established that the short-term effects of the disease in an area can be severe.","In March 2017, scientists at the University of Tasmania presented an apparent first report of having successfully treated Tasmanian devils with the disease.",This has led to a belief that such eating habits became possible due to the lack of a predator to attack such bloated individuals.,0.16719317436218262,0.4029257297515869,-0.2357325553894043,0
TRIPLET_00998,Wildlife,Tasmanian devil,https://en.wikipedia.org/wiki/Tasmanian_devil,Conservation status > Population declines,Conservation status > Population declines,Distribution and habitat,Tasmanian_devil_SEC_009_SENT_003,Tasmanian_devil_SEC_009_SENT_009,Tasmanian_devil_SEC_004_SENT_009,It is difficult to estimate the size of the devil population.,Appropriate wildlife refuges such as Savage River National Park in North West Tasmania provide hope for their survival.,"It is proposed that devils would have fewer impacts on both livestock and native fauna than dingoes, and that the mainland population could act as an additional insurance population.",0.225494384765625,0.4376586377620697,-0.2121642529964447,0
TRIPLET_00999,Wildlife,Tasmanian devil,https://en.wikipedia.org/wiki/Tasmanian_devil,Conservation status > Culling,Conservation status > Culling,Taxonomy,Tasmanian_devil_SEC_010_SENT_017,Tasmanian_devil_SEC_010_SENT_002,Tasmanian_devil_SEC_001_SENT_001,"A selective culling program has taken place to remove individuals affected with DFTD, and has been shown to not slow the rate of disease progression or reduced the number of animals dying.","As it was believed devils would hunt and kill livestock, possibly due to strong imagery of packs of devils eating weak sheep, a bounty scheme to remove the devil from rural properties was introduced as early as 1830.","Believing it to be a type of opossum, naturalist George Harris wrote the first published description of the Tasmanian devil in 1807, naming it Didelphis ursina, due to its bearlike characteristics such as the round ear.",0.5169898271560669,0.38397377729415894,0.13301604986190796,1
TRIPLET_01000,Wildlife,Tasmanian devil,https://en.wikipedia.org/wiki/Tasmanian_devil,Taxonomy > Genetics,Taxonomy > Genetics,Conservation status,Tasmanian_devil_SEC_002_SENT_007,Tasmanian_devil_SEC_002_SENT_003,Tasmanian_devil_SEC_008_SENT_004,Island effects may also have contributed to their low genetic diversity.,Devils have a low genetic diversity compared to other Australian marsupials and placental carnivores; this is consistent with a founder effect as allelic size ranges were low and nearly continuous throughout all subpopulations measured.,"In dingo-free Tasmania, carnivorous marsupials were still active when Europeans arrived.",0.5759220719337463,0.29879143834114075,0.2771306335926056,1
TRIPLET_01001,History,History of Australia,https://en.wikipedia.org/wiki/History_of_Australia,Colonisation > Plans for colonisation before 1788,Colonisation > Plans for colonisation before 1788,Post-war boom > Alliances (1950–1972),History_of_Australia_SEC_004_SENT_012,History_of_Australia_SEC_004_SENT_020,History_of_Australia_SEC_041_SENT_020,"Under Banks's guidance, the American Loyalist James Matra, who had also travelled with Cook, produced a new plan for colonising New South Wales in 1783.","The plan was dropped, however, when an investigation of the site in 1786 found it to be unsuitable.","Carl Bridge, however, points out that Australia had been ""hedging its British bets"" for some time.",0.45722582936286926,0.5666009783744812,-0.10937514901161194,0
TRIPLET_01002,History,History of Australia,https://en.wikipedia.org/wiki/History_of_Australia,World War II > War,World War II > War,Australia in a globalised world (1996–2022) > Howard government (1996–2007),History_of_Australia_SEC_035_SENT_011,History_of_Australia_SEC_035_SENT_050,History_of_Australia_SEC_046_SENT_027,"In January 1941, Menzies flew to Britain to discuss the weakness of Singapore's defences.","On 14 May 1943, the Australian Hospital Ship Centaur, though clearly marked as a medical vessel, was sunk by Japanese raiders off the Queensland coast, killing 268, including all but one of the nursing staff, further enraging popular opinion against Japan.","After initial cuts, the immigration intake increased steadily, with a bias towards skilled workers to meet the needs of a rapidly growing economy.",0.5466833710670471,0.36048460006713867,0.18619877099990845,1
TRIPLET_01003,History,History of Australia,https://en.wikipedia.org/wiki/History_of_Australia,Reform and reaction (1972–1996) > Labor governments (1983–1996),Reform and reaction (1972–1996) > Labor governments (1983–1996),World War II > Defence policy in the 1930s,History_of_Australia_SEC_045_SENT_030,History_of_Australia_SEC_045_SENT_013,History_of_Australia_SEC_034_SENT_006,The government also introduced family payments and a superannuation guarantee with compulsory employer contributions.,The government took other initiatives aimed at fostering national unity.,"In the period 1921–1936 totalled £40 million on the Royal Australian Navy, £20 million on the Australian Army and £6 million on the Royal Australian Air Force (established in 1921, the ""youngest"" of the three services).",0.5834139585494995,0.3682910203933716,0.21512293815612793,1
TRIPLET_01004,History,History of Australia,https://en.wikipedia.org/wiki/History_of_Australia,Indigenous prehistory,Indigenous prehistory,Society and culture (1960s–present) > Arts and culture,History_of_Australia_SEC_001_SENT_023,History_of_Australia_SEC_001_SENT_025,History_of_Australia_SEC_056_SENT_012,"By 2,500 years ago more of the islands were occupied and a distinctive Torres Strait Islander maritime culture emerged.","Aboriginal society consisted of family groups organised into bands and clans averaging about 25 people, each with a defined territory for foraging.",By the end of the 1970s new Australian plays were a feature of small and large theatre companies in most states.,0.5374988913536072,0.5414161682128906,-0.003917276859283447,0
TRIPLET_01005,History,History of Australia,https://en.wikipedia.org/wiki/History_of_Australia,Inter-war years > Indigenous policy,Inter-war years > Indigenous policy,Colonisation > Convicts and colonial society > Convicts and emancipists,History_of_Australia_SEC_033_SENT_010,History_of_Australia_SEC_033_SENT_009,History_of_Australia_SEC_009_SENT_002,During the Great Depression more Aboriginal people moved to reserves and missions for food and shelter.,The majority lived in camps on the fringes of country towns and a small percentage lived in cities.,"The literacy rate of convicts was above average and they brought a range of useful skills to the new colony including building, farming, sailing, fishing and hunting.",0.505382776260376,0.4706214666366577,0.03476130962371826,1
TRIPLET_01006,History,History of Australia,https://en.wikipedia.org/wiki/History_of_Australia,World War II > Defence policy in the 1930s,World War II > Defence policy in the 1930s,Colonisation > Plans for colonisation before 1788,History_of_Australia_SEC_034_SENT_009,History_of_Australia_SEC_034_SENT_003,History_of_Australia_SEC_004_SENT_008,"Gavin Long argues that the Labor opposition urged greater national self-reliance through a build-up of manufacturing and more emphasis on the Army and RAAF, as Chief of the General Staff, John Lavarack also advocated.","The United Australia Party government emphasised co-operation with Britain in ""a policy of imperial defence"".","Britain had transported about 50,000 convicts to the New World from 1718 to 1775 and was now searching for an alternative.",0.7183444499969482,0.39880961179733276,0.3195348381996155,1
TRIPLET_01007,History,History of Australia,https://en.wikipedia.org/wiki/History_of_Australia,Colonisation > Impact of British settlement on Indigenous population > Disease,Colonisation > Impact of British settlement on Indigenous population > Disease,Colonisation > Convicts and colonial society > Convicts and emancipists,History_of_Australia_SEC_015_SENT_002,History_of_Australia_SEC_015_SENT_006,History_of_Australia_SEC_009_SENT_016,An outbreak of smallpox in April 1789 killed about half the Aboriginal population of the Sydney region.,"Other introduced diseases such as measles, influenza, typhoid and tuberculosis also resulted in high death rates in Aboriginal communities.","More convicts were assigned to rural work gangs, bureaucratic control and surveillance of convicts was made more systematic, isolated penal settlements were established as places of secondary punishment, the rules for tickets of leave were tightened, and land grants were skewed to favour free settlers with large capital.",0.6200664043426514,0.41883623600006104,0.20123016834259033,1
TRIPLET_01008,History,History of Australia,https://en.wikipedia.org/wiki/History_of_Australia,Society and culture (1960s–present) > Social developments > Indigenous Australians,Society and culture (1960s–present) > Social developments > Indigenous Australians,Colonisation > Convicts and colonial society > Women,History_of_Australia_SEC_053_SENT_003,History_of_Australia_SEC_053_SENT_041,History_of_Australia_SEC_011_SENT_008,"In most states Aboriginal Australians were banned from drinking alcohol and their freedom of association, movement and control of property was restricted.","From 1971 to 2006, indicators for Indigenous employment, median incomes, home ownership, education and life expectancy all improved, although they remained well below the level for those who were not indigenous.",Between 1830 and 1850 the female proportion of the Australian settler population increased from 24 per cent to 41 per cent.,0.32361921668052673,0.1329243779182434,0.19069483876228333,1
TRIPLET_01009,History,History of Australia,https://en.wikipedia.org/wiki/History_of_Australia,Colonisation > Impact of British settlement on Indigenous population > Disease,Colonisation > Impact of British settlement on Indigenous population > Disease,From autonomy to federation > Colonial self-government and the gold rushes > Towards representative government,History_of_Australia_SEC_015_SENT_002,History_of_Australia_SEC_015_SENT_010,History_of_Australia_SEC_018_SENT_006,An outbreak of smallpox in April 1789 killed about half the Aboriginal population of the Sydney region.,"Venereal diseases were also a factor in Indigenous depopulation, reducing Aboriginal fertility rates in south-eastern Australia by an estimated 40 per cent by 1855.",In 1842 Britain granted limited representative government to the colony by reforming the Legislative Council so that two-thirds of its members would be elected by male voters.,0.7871768474578857,0.5386341214179993,0.24854272603988647,1
TRIPLET_01010,History,History of Australia,https://en.wikipedia.org/wiki/History_of_Australia,Post-war boom > Economic growth and suburban living,Post-war boom > Economic growth and suburban living,Australia in a globalised world (1996–2022) > Labor governments (2007–2013),History_of_Australia_SEC_039_SENT_005,History_of_Australia_SEC_039_SENT_023,History_of_Australia_SEC_047_SENT_014,"By the early 1960s, four competitors to Holden had set up Australian factories, employing between 80,000 and 100,000 workers, ""at least four-fifths of them migrants"".","In 1956, dadaist comedian Barry Humphries performed the character of Edna Everage as a parody of a house-proud housewife of staid 1950s Melbourne suburbia (the character only later morphed into a critique of self-obsessed celebrity culture).",The government negotiated an agreement with Malaysia to process some asylum seekers there but the plan was struck down by the High Court.,0.42656320333480835,0.24048206210136414,0.1860811412334442,1
TRIPLET_01011,History,History of Australia,https://en.wikipedia.org/wiki/History_of_Australia,Reform and reaction (1972–1996) > Fraser government (1975–83),Reform and reaction (1972–1996) > Fraser government (1975–83),Post-war boom > Indigenous assimilation and child removal,History_of_Australia_SEC_044_SENT_013,History_of_Australia_SEC_044_SENT_006,History_of_Australia_SEC_040_SENT_007,"An international recession, the collapse of the resources boom and a severe drought in eastern Australia saw unemployment rise.","In foreign policy, the government continued Labor's friendly relations with China and Indonesia, repaired the frayed relationship with the US and opposed white minority rule in South Africa and Rhodesia.","In 1997, the Human Rights and Equal Opportunity Commission estimated that between 10 per cent and one-third of Aboriginal children had been removed from their families from 1910 to 1970.",0.300663560628891,0.593908965587616,-0.293245404958725,0
TRIPLET_01012,History,History of Australia,https://en.wikipedia.org/wiki/History_of_Australia,Inter-war years > Dominion status,Inter-war years > Dominion status,Colonisation > Convicts and colonial society > Religion,History_of_Australia_SEC_031_SENT_001,History_of_Australia_SEC_031_SENT_005,History_of_Australia_SEC_012_SENT_005,"Australia achieved independent Sovereign Nation status after World War I, under the Statute of Westminster.","From 1 February 1927 until 12 June 1931, the Northern Territory was divided up as North Australia and Central Australia at latitude 20°S.",The lack of official recognition of Catholicism was combined with suspicion of Irish convicts which only increased after the Irish-led Castle Hill Rebellion of 1804.,0.5721850991249084,0.26797056198120117,0.3042145371437073,1
TRIPLET_01013,History,History of Australia,https://en.wikipedia.org/wiki/History_of_Australia,From autonomy to federation > The long boom (1860 to 1890),From autonomy to federation > The long boom (1860 to 1890),Inter-war years > Indigenous policy,History_of_Australia_SEC_022_SENT_022,History_of_Australia_SEC_022_SENT_013,History_of_Australia_SEC_033_SENT_003,"From the late 1870s trade unions, Anti-Chinese Leagues and other community groups campaigned against Chinese immigration and low-wage Chinese labour.","Colonial governments spent heavily on infrastructure such as railways, ports, telegraph, schools and urban services.","Reserves were established, ostensibly for the protection of the Aboriginal population who had been dispossessed of their land.",0.4016627073287964,0.5143737196922302,-0.11271101236343384,0
TRIPLET_01014,History,History of Australia,https://en.wikipedia.org/wiki/History_of_Australia,Colonisation > Impact of British settlement on Indigenous population,Colonisation > Impact of British settlement on Indigenous population,Australia in a globalised world (1996–2022) > Howard government (1996–2007),History_of_Australia_SEC_014_SENT_001,History_of_Australia_SEC_014_SENT_002,History_of_Australia_SEC_046_SENT_022,"When the First Fleet arrived in Sydney Cove with some 1,300 colonists in January 1788 the Aboriginal population of the Sydney region is estimated to have been about 3,000 people.","The first governor of New South Wales, Arthur Phillip, arrived with instructions to: endeavour by every possible means to open an intercourse with the natives, and to conciliate their affections, enjoining all our subjects to live in amity and kindness with them.","In foreign affairs, the government advocated a policy of ""Asia first, but not Asia only"", emphasising traditional links to the Commonwealth and the US.",0.36641407012939453,0.2488609403371811,0.11755312979221344,1
TRIPLET_01015,History,History of Australia,https://en.wikipedia.org/wiki/History_of_Australia,Society and culture (1960s–present) > Social developments > Migrants and cultural diversity,Society and culture (1960s–present) > Social developments > Migrants and cultural diversity,Australia in a globalised world (1996–2022) > Labor governments (2007–2013),History_of_Australia_SEC_055_SENT_024,History_of_Australia_SEC_055_SENT_030,History_of_Australia_SEC_047_SENT_003,The proportion of migrants selected for their skills increased from 30 per cent in 1995–96 to 68 per cent in 2006–07.,"By 2020, 30 per cent of the Australian population were born overseas.","Although economic growth slowed in 2008, Australia was one of the few advanced economies in the world to avoid recession.",0.6948875188827515,0.5121535062789917,0.18273401260375977,1
TRIPLET_01016,History,History of Australia,https://en.wikipedia.org/wiki/History_of_Australia,Colonisation > Convicts and colonial society > Religion,Colonisation > Convicts and colonial society > Religion,World War I > Home front,History_of_Australia_SEC_012_SENT_006,History_of_Australia_SEC_012_SENT_017,History_of_Australia_SEC_028_SENT_004,Only two Catholic priests operated temporarily in the colony before Governor Macquarie appointed official Catholic chaplains in New South Wales and Van Diemen's Land in 1820.,"Many religious associations, such as the Sisters of St Joseph, co-founded by Mary MacKillop in 1866, continued their educational activities after the provision of secular state schools grew from the 1850s.",The economy contracted by 10 per cent during the course of hostilities.,0.5253649353981018,0.3852629065513611,0.14010202884674072,1
TRIPLET_01017,History,History of Australia,https://en.wikipedia.org/wiki/History_of_Australia,"Inter-war years > Men, money and markets (1920s)","Inter-war years > Men, money and markets (1920s)",From autonomy to federation > Colonial self-government and the gold rushes > Self-government and democracy,History_of_Australia_SEC_030_SENT_011,History_of_Australia_SEC_030_SENT_020,History_of_Australia_SEC_021_SENT_003,"Other major strikes occurred on the waterfront, in the coalmining and timber industries in the late 1920s.","""The new irrigation areas in Western Australia and the Dawson Valley of Queensland proved disastrous"".","The constitutions for New South Wales, Victoria and Van Diemen's Land (renamed Tasmania in 1856) gained Royal Assent in 1855, that for South Australia in 1856.",0.31865566968917847,0.3533526062965393,-0.03469693660736084,0
TRIPLET_01018,History,History of Australia,https://en.wikipedia.org/wiki/History_of_Australia,Society and culture (1960s–present) > Arts and culture,Society and culture (1960s–present) > Arts and culture,Australia in a globalised world (1996–2022) > Liberal-National Coalition governments (2013–2022) > Abbott government (2013–2015),History_of_Australia_SEC_056_SENT_023,History_of_Australia_SEC_056_SENT_001,History_of_Australia_SEC_049_SENT_005,A National Black Theatre was established in Sydney in the early 1970s.,The 1960s and 1970s saw increased government support for the arts and the flourishing of distinctively Australian artistic works.,"The government's May 2014 Budget proved unpopular, with the perception that it had involved breaking a number of election promises.",0.5123609304428101,0.2508917450904846,0.26146918535232544,1
TRIPLET_01019,History,History of Australia,https://en.wikipedia.org/wiki/History_of_Australia,World War I > Australia at war (1914–18),World War I > Australia at war (1914–18),Colonisation > Colony of New South Wales > Establishment of the colony (1788 to 1792),History_of_Australia_SEC_027_SENT_013,History_of_Australia_SEC_027_SENT_005,History_of_Australia_SEC_005_SENT_027,Australian war correspondents variously emphasised the bravery and fighting qualities of the Australians and the errors of their British commanders.,"The troops left for Egypt on 1 November 1914, one of the escort ships, HMAS Sydney, sinking the German cruiser Emden along the way.","Governor Phillip departed the colony for England on 11 December 1792, with the new settlement having survived near starvation and immense isolation for four years.",0.3854222893714905,0.36170336604118347,0.023718923330307007,1
TRIPLET_01020,History,History of Australia,https://en.wikipedia.org/wiki/History_of_Australia,Colonisation > Impact of British settlement on Indigenous population,Colonisation > Impact of British settlement on Indigenous population,Australia in a globalised world (1996–2022) > Liberal-National Coalition governments (2013–2022) > Morrison government (2018–2022),History_of_Australia_SEC_014_SENT_002,History_of_Australia_SEC_014_SENT_001,History_of_Australia_SEC_051_SENT_002,"The first governor of New South Wales, Arthur Phillip, arrived with instructions to: endeavour by every possible means to open an intercourse with the natives, and to conciliate their affections, enjoining all our subjects to live in amity and kindness with them.","When the First Fleet arrived in Sydney Cove with some 1,300 colonists in January 1788 the Aboriginal population of the Sydney region is estimated to have been about 3,000 people.",In foreign affairs the government signed the Indonesia–Australia Comprehensive Economic Partnership Agreement (IA-CEPA) in March 2019.,0.36641407012939453,0.4413979947566986,-0.07498392462730408,0
TRIPLET_01021,History,History of Australia,https://en.wikipedia.org/wiki/History_of_Australia,Colonisation > Exploration of the continent,Colonisation > Exploration of the continent,Indigenous prehistory,History_of_Australia_SEC_013_SENT_010,History_of_Australia_SEC_013_SENT_025,History_of_Australia_SEC_001_SENT_034,Charles Sturt led an expedition along the Macquarie River in 1828 and discovered the Darling River.,His expedition mapped out the route which was later followed by the Australian Overland Telegraph Line.,The extent to which some groups engaged in agriculture is controversial.,0.6148551106452942,0.19398558139801025,0.42086952924728394,1
TRIPLET_01022,History,History of Australia,https://en.wikipedia.org/wiki/History_of_Australia,Inter-war years > Great Depression,Inter-war years > Great Depression,Post-war boom > Vietnam War,History_of_Australia_SEC_032_SENT_040,History_of_Australia_SEC_032_SENT_044,History_of_Australia_SEC_042_SENT_008,"Between 1929 and 1931 the racehorse Phar Lap dominated Australia's racing industry, at one stage winning fourteen races in a row.",Theories swirled that the champion race horse had been poisoned and a devoted Australian public went into shock.,"""I don't know where people would choose to look for the security of this country were it not for the friendship and strength of the United States.""",0.46210479736328125,0.17663274705410004,0.2854720503091812,1
TRIPLET_01023,History,History of Australia,https://en.wikipedia.org/wiki/History_of_Australia,World War II > Defence policy in the 1930s,World War II > Defence policy in the 1930s,Colonisation > Convicts and colonial society > Convicts and emancipists,History_of_Australia_SEC_034_SENT_013,History_of_Australia_SEC_034_SENT_010,History_of_Australia_SEC_009_SENT_017,"By September 1939 the Australian Army numbered 3,000 regulars.","In November 1936, Labor leader John Curtin said ""The dependence of Australia upon the competence, let alone the readiness, of British statesmen to send forces to our aid is too dangerous a hazard upon which to found Australia's defence policy.""","As a result, convicts who arrived after 1820 were far less likely to become property owners, to marry, and to establish families.",0.3619506359100342,0.31953680515289307,0.04241383075714111,1
TRIPLET_01024,History,History of Australia,https://en.wikipedia.org/wiki/History_of_Australia,Colonisation > Establishment of further colonies,Colonisation > Establishment of further colonies,Post-war boom > Alliances (1950–1972),History_of_Australia_SEC_008_SENT_033,History_of_Australia_SEC_008_SENT_012,History_of_Australia_SEC_041_SENT_005,Frontier violence between settlers and the Indigenous population became severe as pastoralism expanded north of the Tweed River.,The main settlement of Melbourne was established in 1837 as a planned town on the instructions of Governor Bourke.,"Menzies oversaw an effusive welcome to Queen Elizabeth II on the first visit to Australia by a reigning monarch, in 1954.",0.3091012239456177,0.24662408232688904,0.06247714161872864,1
TRIPLET_01025,History,History of Australia,https://en.wikipedia.org/wiki/History_of_Australia,Post-war boom > Economic growth and suburban living,Post-war boom > Economic growth and suburban living,Society and culture (1960s–present) > Social developments > Indigenous Australians,History_of_Australia_SEC_039_SENT_005,History_of_Australia_SEC_039_SENT_007,History_of_Australia_SEC_053_SENT_011,"By the early 1960s, four competitors to Holden had set up Australian factories, employing between 80,000 and 100,000 workers, ""at least four-fifths of them migrants"".",Pressure from business interests and the union movement ensured these remained high.,"In 1965, Charles Perkins, helped organise freedom rides into parts of Australia to expose discrimination and inequality.",0.27959924936294556,0.44649940729141235,-0.1669001579284668,0
TRIPLET_01026,History,History of Australia,https://en.wikipedia.org/wiki/History_of_Australia,Colonisation > Impact of British settlement on Indigenous population > Conflict and dispossession,Colonisation > Impact of British settlement on Indigenous population > Conflict and dispossession,Post-pandemic (2022–present) > Albanese government (2022–present),History_of_Australia_SEC_016_SENT_029,History_of_Australia_SEC_016_SENT_019,History_of_Australia_SEC_052_SENT_007,"A project team at the University of Newcastle, Australia, has reached a preliminary estimate of 8,270 Aboriginal deaths in frontier massacres from 1788 to 1930.",The spread of sheep and cattle grazing after 1850 brought further conflict with Aboriginal tribes more distant from the closely settled areas.,"The Yes23 campaign co-chair Rachel Perkins called for a week of silence ""to grieve this outcome and reflect on its meaning and significance"".",0.5060721635818481,0.4362160861492157,0.06985607743263245,1
TRIPLET_01027,History,History of Australia,https://en.wikipedia.org/wiki/History_of_Australia,Colonisation > Convicts and colonial society > Women,Colonisation > Convicts and colonial society > Women,From autonomy to federation > Growth of nationalism,History_of_Australia_SEC_011_SENT_005,History_of_Australia_SEC_011_SENT_002,History_of_Australia_SEC_024_SENT_011,One-third of the shareholders of the first colonial bank (founded in 1817) were women.,"Due to the shortage of women in the colony they were more likely to marry than men and tended to choose as husbands older, skilled men with property.","Artists of the Heidelberg School such as Arthur Streeton, Frederick McCubbin and Tom Roberts followed the example of the European Impressionists by painting in the open air.",0.41702553629875183,0.10411396622657776,0.3129115700721741,1
TRIPLET_01028,History,History of Australia,https://en.wikipedia.org/wiki/History_of_Australia,From autonomy to federation > Federation movement,From autonomy to federation > Federation movement,Inter-war years > Indigenous policy,History_of_Australia_SEC_025_SENT_012,History_of_Australia_SEC_025_SENT_003,History_of_Australia_SEC_033_SENT_011,All of the colonies except Queensland sent representatives to a constitutional convention which held sessions in 1897 and 1898.,A Federal Council of Australasia was formed in 1885 but it had few powers and New South Wales and South Australia declined to join.,By 1941 almost half of the Aboriginal population of New South Wales lived on reserves.,0.4709092974662781,0.5184040069580078,-0.047494709491729736,0
TRIPLET_01029,History,History of Australia,https://en.wikipedia.org/wiki/History_of_Australia,Reform and reaction (1972–1996) > Fraser government (1975–83),Reform and reaction (1972–1996) > Fraser government (1975–83),World War I > Paris peace conference,History_of_Australia_SEC_044_SENT_015,History_of_Australia_SEC_044_SENT_014,History_of_Australia_SEC_029_SENT_001,At the Federal elections in March 1983 the coalition government was comfortably defeated by Labor under its popular new leader Bob Hawke.,"The government responded with Keynesian deficit spending in its 1982 Budget, but by 1983 both unemployment and annual inflation exceeded 10 per cent.","Hughes attended the Imperial War Conference and Imperial War Cabinet in London from June 1918 where Australia, New Zealand, Canada and South Africa won British support for their separate representation at the eventual peace conference.",0.651523768901825,0.4455907642841339,0.20593300461769104,1
TRIPLET_01030,History,History of Australia,https://en.wikipedia.org/wiki/History_of_Australia,Society and culture (1960s–present) > Social developments > Indigenous Australians,Society and culture (1960s–present) > Social developments > Indigenous Australians,Post-war boom > Menzies and Liberal dominance (1949–72),History_of_Australia_SEC_053_SENT_013,History_of_Australia_SEC_053_SENT_044,History_of_Australia_SEC_037_SENT_020,"In 1966, the Australian government gave Aboriginal people the same rights to social security benefits as other Australians.","However, by 2001 Indigenous incarceration rates and deaths in custody had increased.","When Menzies retired in 1965, he was replaced as Liberal leader and prime minister by Harold Holt.",0.38382652401924133,0.48239001631736755,-0.09856349229812622,0
TRIPLET_01031,History,History of Australia,https://en.wikipedia.org/wiki/History_of_Australia,Society and culture (1960s–present) > Social developments > Migrants and cultural diversity,Society and culture (1960s–present) > Social developments > Migrants and cultural diversity,Colonisation > Colony of New South Wales > Expansion (1821 to 1850),History_of_Australia_SEC_055_SENT_015,History_of_Australia_SEC_055_SENT_029,History_of_Australia_SEC_007_SENT_002,James Walter argues that the Hawke and Keating governments (1983–96) also promoted high migration as a means of improving Australia's competitive advantage in a globalised market.,"The opposition also linked high immigration with low wages growth while the One Nation party continued to oppose high immigration while proclaiming: ""It's okay to be white."".","The settler population was 26,000 on the mainland and 6,000 in Van Diemen's Land.",0.5752270221710205,0.3664488196372986,0.20877820253372192,1
TRIPLET_01032,History,History of Australia,https://en.wikipedia.org/wiki/History_of_Australia,World War II > War,World War II > War,World War I > Home front,History_of_Australia_SEC_035_SENT_034,History_of_Australia_SEC_035_SENT_044,History_of_Australia_SEC_028_SENT_002,"Churchill wanted them diverted to Burma, but Curtin refused, and anxiously awaited their return to Australia.","Between July and November 1942, Australian forces repulsed Japanese attempts on the city by way of the Kokoda Track, in the highlands of New Guinea.","After Billy Hughes replaced Fisher as prime minister in October 1915, regulations under the act were increasingly used to censor publications, penalise public speech and suppress organisations that the government considered detrimental to the war effort.",0.5546327829360962,0.5920382738113403,-0.03740549087524414,0
TRIPLET_01033,History,History of Australia,https://en.wikipedia.org/wiki/History_of_Australia,Colonisation > Impact of British settlement on Indigenous population > Disease,Colonisation > Impact of British settlement on Indigenous population > Disease,World War I > Home front,History_of_Australia_SEC_015_SENT_005,History_of_Australia_SEC_015_SENT_008,History_of_Australia_SEC_028_SENT_011,"According to Josephine Flood, the estimated Aboriginal mortality rate from smallpox was 60 per cent on first exposure, 50 per cent in the tropics, and 25 per cent in the arid interior.","Between 1835 and 1853, the Aboriginal population of Victoria fell from 10,000 to around 2,000.","From August to October 1917 there was a major strike of New South Wales railway, transport, waterside and coal workers which was defeated after the Commonwealth and New South Wales governments arrested strike leaders and organised special constables and non-union labour.",0.6574738621711731,0.5442344546318054,0.11323940753936768,1
TRIPLET_01034,History,History of Australia,https://en.wikipedia.org/wiki/History_of_Australia,Post-war boom > Vietnam War,Post-war boom > Vietnam War,Post-war boom > Economic growth and suburban living,History_of_Australia_SEC_042_SENT_013,History_of_Australia_SEC_042_SENT_002,History_of_Australia_SEC_039_SENT_022,"Despite Holt's sentiments and his government's electoral success in 1966, the war became unpopular in Australia, as it did in the United States.","In parliament, Menzies emphasised the argument that ""our alliances made demands on us"".","Distinguished Architect and designer Robin Boyd, a critic of Australia's built surroundings, described Australia as ""'the constant sponge lying in the Pacific', following the fashions of overseas and lacking confidence in home-produced, original ideas"".",0.44423818588256836,0.6423818469047546,-0.19814366102218628,0
TRIPLET_01035,History,History of Australia,https://en.wikipedia.org/wiki/History_of_Australia,Reform and reaction (1972–1996) > Whitlam government (1972–75),Reform and reaction (1972–1996) > Whitlam government (1972–75),World War II > Australian home front,History_of_Australia_SEC_043_SENT_014,History_of_Australia_SEC_043_SENT_010,History_of_Australia_SEC_036_SENT_017,"After Labor was re-elected with a reduced majority at elections in May 1974, the Senate remained an obstacle to its political agenda.",One of the first acts of the Whitlam government was to establish a Royal Commission into land rights in the Northern Territory under Justice Woodward.,"From having few front line aircraft in 1939, the RAAF had become the fourth largest allied Air force by 1945.",0.2907699644565582,0.5709986686706543,-0.28022870421409607,0
TRIPLET_01036,History,History of Australia,https://en.wikipedia.org/wiki/History_of_Australia,Society and culture (1960s–present) > Social developments > Women,Society and culture (1960s–present) > Social developments > Women,World War I > Australia at war (1914–18),History_of_Australia_SEC_054_SENT_008,History_of_Australia_SEC_054_SENT_003,History_of_Australia_SEC_027_SENT_010,"The Australian government began funding child care with the Child Care Act of 1972, although state, territory and local government were still the main providers of funding.",The fertility rate fell from a post-war high of 3.5 to less than 2 in the 1970s and 1980s.,The Australian and New Zealand position at Anzac Cove was vulnerable to attack and the troops suffered heavy losses in establishing a narrow beachhead.,0.43113651871681213,0.3944792151451111,0.03665730357170105,1
TRIPLET_01037,History,History of Australia,https://en.wikipedia.org/wiki/History_of_Australia,From autonomy to federation > Colonial self-government and the gold rushes > Gold rushes of the 1850s,From autonomy to federation > Colonial self-government and the gold rushes > Gold rushes of the 1850s,Society and culture (1960s–present) > Social developments > Indigenous Australians,History_of_Australia_SEC_019_SENT_008,History_of_Australia_SEC_019_SENT_001,History_of_Australia_SEC_053_SENT_018,Chinese migration was a particular concern for colonial officials due to the widespread belief that it represented a danger to white Australian living standards and morality.,"In February 1851, Edward Hargraves discovered gold near Bathurst, New South Wales.","That same year, artist Albert Namatjira was honoured with a postage stamp.",0.25839948654174805,0.2706589102745056,-0.012259423732757568,0
TRIPLET_01038,History,History of Australia,https://en.wikipedia.org/wiki/History_of_Australia,Australia in a globalised world (1996–2022) > Liberal-National Coalition governments (2013–2022),Australia in a globalised world (1996–2022) > Liberal-National Coalition governments (2013–2022),"Inter-war years > Men, money and markets (1920s)",History_of_Australia_SEC_048_SENT_002,History_of_Australia_SEC_048_SENT_001,History_of_Australia_SEC_030_SENT_029,Prime Minister Tony Abbott's rival Malcolm Turnbull challenged for and won the leadership of the Liberals within Abbott's first term.,The return of the Liberal-National Coalition to power after six years in opposition initially failed to restore stability to the office of prime minister.,"The stage coach company Cobb and Co, established in 1853, finally closed in 1924.",0.6721044182777405,0.3440600633621216,0.3280443549156189,1
TRIPLET_01039,History,History of Australia,https://en.wikipedia.org/wiki/History_of_Australia,From autonomy to federation > Colonial self-government and the gold rushes > Eureka stockade,From autonomy to federation > Colonial self-government and the gold rushes > Eureka stockade,Post-war boom > Menzies and Liberal dominance (1949–72),History_of_Australia_SEC_020_SENT_005,History_of_Australia_SEC_020_SENT_007,History_of_Australia_SEC_037_SENT_014,"On 3 December troops overran the stockade, killing about 20 protesters.","Following a Royal Commission, the monthly licence was replaced with a cheaper annual miner's right which gave holders the right to vote and build a dwelling on the goldfields.",Evatt had served as President of the United Nations General Assembly during 1948–49 and helped draft the United Nations Universal Declaration of Human Rights (1948).,0.4021851122379303,0.3317467272281647,0.07043838500976562,1
TRIPLET_01040,History,History of Australia,https://en.wikipedia.org/wiki/History_of_Australia,Reform and reaction (1972–1996) > Fraser government (1975–83),Reform and reaction (1972–1996) > Fraser government (1975–83),Inter-war years > Dominion status,History_of_Australia_SEC_044_SENT_011,History_of_Australia_SEC_044_SENT_006,History_of_Australia_SEC_031_SENT_005,"However, by the early 1980s economic conditions were deteriorating.","In foreign policy, the government continued Labor's friendly relations with China and Indonesia, repaired the frayed relationship with the US and opposed white minority rule in South Africa and Rhodesia.","From 1 February 1927 until 12 June 1931, the Northern Territory was divided up as North Australia and Central Australia at latitude 20°S.",0.305134654045105,0.29894334077835083,0.00619131326675415,1
TRIPLET_01041,History,History of Australia,https://en.wikipedia.org/wiki/History_of_Australia,From autonomy to federation > Colonial self-government and the gold rushes > Eureka stockade,From autonomy to federation > Colonial self-government and the gold rushes > Eureka stockade,Reform and reaction (1972–1996) > Labor governments (1983–1996),History_of_Australia_SEC_020_SENT_009,History_of_Australia_SEC_020_SENT_001,History_of_Australia_SEC_045_SENT_010,The Eureka rebellion soon became a part of Australian nationalist mythology.,"Faced with increasing competition, Victorian miners increasingly complained about the licence fee, corrupt and heavy-handed officials, and the lack of voting rights for itinerant miners.","The government's environmental interventions included stopping the Franklin Dam in Tasmania, banning new uranium mines at Jabiluka, and proposing Kakadu National park for world heritage listing.",0.3718019127845764,0.4804475009441376,-0.10864558815956116,0
TRIPLET_01042,History,History of Australia,https://en.wikipedia.org/wiki/History_of_Australia,Historiography,Historiography,World War II > Defence policy in the 1930s,History_of_Australia_SEC_057_SENT_008,History_of_Australia_SEC_057_SENT_016,History_of_Australia_SEC_034_SENT_009,Brian Fitzpatrick published a series of histories from 1939 to 1941 which sought to demonstrate the exploitative nature of Britain's economic relationship with Australia and the role of the labour movement in a struggle for social justice and economic independence.,Others explored the history of those marginalised because of their sexuality or ethnicity.,"Gavin Long argues that the Labor opposition urged greater national self-reliance through a build-up of manufacturing and more emphasis on the Army and RAAF, as Chief of the General Staff, John Lavarack also advocated.",0.34686028957366943,0.7195244431495667,-0.3726641535758972,0
TRIPLET_01043,History,History of Australia,https://en.wikipedia.org/wiki/History_of_Australia,Australia in a globalised world (1996–2022) > Liberal-National Coalition governments (2013–2022),Australia in a globalised world (1996–2022) > Liberal-National Coalition governments (2013–2022),Early European exploration > British and French exploration,History_of_Australia_SEC_048_SENT_002,History_of_Australia_SEC_048_SENT_001,History_of_Australia_SEC_003_SENT_002,Prime Minister Tony Abbott's rival Malcolm Turnbull challenged for and won the leadership of the Liberals within Abbott's first term.,The return of the Liberal-National Coalition to power after six years in opposition initially failed to restore stability to the office of prime minister.,"In 1769, Lieutenant James Cook in command of HMS Endeavour, travelled to Tahiti to observe and record the transit of Venus.",0.6721044182777405,0.4146885573863983,0.25741586089134216,1
TRIPLET_01044,History,History of Australia,https://en.wikipedia.org/wiki/History_of_Australia,Australia in a globalised world (1996–2022) > Liberal-National Coalition governments (2013–2022) > Turnbull government (2015–2018),Australia in a globalised world (1996–2022) > Liberal-National Coalition governments (2013–2022) > Turnbull government (2015–2018),From autonomy to federation > Growth of nationalism,History_of_Australia_SEC_050_SENT_003,History_of_Australia_SEC_050_SENT_010,History_of_Australia_SEC_024_SENT_011,"Following a national postal plebiscite, the government legalised same-sex marriage in December 2017.","The controversy harmed the government, which had already lost more than 30 consecutive Newspolls.","Artists of the Heidelberg School such as Arthur Streeton, Frederick McCubbin and Tom Roberts followed the example of the European Impressionists by painting in the open air.",0.4058977961540222,0.3283233642578125,0.07757443189620972,1
TRIPLET_01045,History,History of Australia,https://en.wikipedia.org/wiki/History_of_Australia,From federation to war (1901–1914),From federation to war (1901–1914),Colonisation > Impact of British settlement on Indigenous population > Conflict and dispossession,History_of_Australia_SEC_026_SENT_003,History_of_Australia_SEC_026_SENT_008,History_of_Australia_SEC_016_SENT_024,"Labor declared it would support the party which offered concessions to its program, and Barton's Protectionists formed a government, with Deakin as Attorney-General.","When the British government asked for more troops from Australia in early 1902, the Australian government obliged with a national contingent.",The last recorded massacre of Aboriginal people by settlers was at Coniston in the Northern Territory in 1928 where at least 31 Aboriginal people were killed.,0.680708646774292,0.25667262077331543,0.42403602600097656,1
TRIPLET_01046,History,History of Australia,https://en.wikipedia.org/wiki/History_of_Australia,Reform and reaction (1972–1996) > Labor governments (1983–1996),Reform and reaction (1972–1996) > Labor governments (1983–1996),Colonisation > Impact of British settlement on Indigenous population > Disease,History_of_Australia_SEC_045_SENT_030,History_of_Australia_SEC_045_SENT_033,History_of_Australia_SEC_015_SENT_009,The government also introduced family payments and a superannuation guarantee with compulsory employer contributions.,"With foreign debt, inflation and unemployment still stubbornly high, Keating lost the March 1996 Election to the Liberals' John Howard.","It is estimated that about 60 per cent of these deaths were from introduced diseases, 18 per cent from natural causes and 15 per cent from settler violence.",0.29435235261917114,0.3961160182952881,-0.10176366567611694,0
TRIPLET_01047,History,History of Australia,https://en.wikipedia.org/wiki/History_of_Australia,Australia in a globalised world (1996–2022) > Liberal-National Coalition governments (2013–2022) > Morrison government (2018–2022),Australia in a globalised world (1996–2022) > Liberal-National Coalition governments (2013–2022) > Morrison government (2018–2022),Colonisation > Convicts and colonial society > Convicts and emancipists,History_of_Australia_SEC_051_SENT_005,History_of_Australia_SEC_051_SENT_011,History_of_Australia_SEC_009_SENT_003,"In 2019, the government announced a process to ensure that Indigenous Australians would be heard at all levels of government.","As a result of the COVID-19 recession, the unemployment rate peaked at 7.5 per cent in July 2020 before falling to 5.6 per cent in March 2021.","The small number of free settlers meant that early governors also had to rely on convicts and emancipists for professions such as lawyers, architects, surveyors and teachers.",0.31031763553619385,0.24451462924480438,0.06580300629138947,1
TRIPLET_01048,History,History of Australia,https://en.wikipedia.org/wiki/History_of_Australia,Australia in a globalised world (1996–2022) > Liberal-National Coalition governments (2013–2022) > Abbott government (2013–2015),Australia in a globalised world (1996–2022) > Liberal-National Coalition governments (2013–2022) > Abbott government (2013–2015),Post-pandemic (2022–present) > Albanese government (2022–present),History_of_Australia_SEC_049_SENT_007,History_of_Australia_SEC_049_SENT_008,History_of_Australia_SEC_052_SENT_006,"The prime minister announced a number of decisions – most notably the reintroduction of knighthoods and a knighthood for Prince Philip, Duke of Edinburgh – which had not been approved by cabinet and which were widely criticised in the media.",By September 2015 the government had lost 30 Newspolls in a row and Malcolm Turnbull successfully challenged for the leadership.,A referendum on an Indigenous Voice to Parliament was held on 14 October 2023 and was rejected nationally.,0.5860912799835205,0.6295883059501648,-0.04349702596664429,0
TRIPLET_01049,History,History of Australia,https://en.wikipedia.org/wiki/History_of_Australia,Colonisation > Impact of British settlement on Indigenous population,Colonisation > Impact of British settlement on Indigenous population,Colonisation > Convicts and colonial society > Women,History_of_Australia_SEC_014_SENT_001,History_of_Australia_SEC_014_SENT_002,History_of_Australia_SEC_011_SENT_007,"When the First Fleet arrived in Sydney Cove with some 1,300 colonists in January 1788 the Aboriginal population of the Sydney region is estimated to have been about 3,000 people.","The first governor of New South Wales, Arthur Phillip, arrived with instructions to: endeavour by every possible means to open an intercourse with the natives, and to conciliate their affections, enjoining all our subjects to live in amity and kindness with them.",Caroline Chisholm established a shelter and labour exchange for migrant women in New South Wales in the 1840s and promoted the settlement of single and married women in rural areas.,0.36641407012939453,0.46113350987434387,-0.09471943974494934,0
TRIPLET_01050,History,History of Australia,https://en.wikipedia.org/wiki/History_of_Australia,Society and culture (1960s–present) > Social developments > Women,Society and culture (1960s–present) > Social developments > Women,Post-war boom > Economic growth and suburban living,History_of_Australia_SEC_054_SENT_015,History_of_Australia_SEC_054_SENT_013,History_of_Australia_SEC_039_SENT_014,"However, between 1999 and 2021, Australia has fallen from ninth to 50th in the Inter-Parliamentary Union's ranking of countries by women's representation in national parliaments.","However, 43 per cent of employed women were working part-time, compared with 16 per cent of men, and the average earnings of women working full-time was 14 per cent below that of men.",The great housing boom of the post war period saw rapid growth in the suburbs of the major Australian cities.,0.6227619647979736,0.3367809057235718,0.28598105907440186,1
TRIPLET_01051,History,Federation of Australia,https://en.wikipedia.org/wiki/Federation_of_Australia,Early calls for federation > Early opposition,Early calls for federation > Early opposition,Federation referendums,Federation_of_Australia_SEC_003_SENT_016,Federation_of_Australia_SEC_003_SENT_015,Federation_of_Australia_SEC_010_SENT_001,The federal conventions included no representatives of organised labour.,"On the other hand, labour representatives feared that federation would distract attention from the need for social and industrial reform, and further entrench the power of the conservative forces.",Referendums on the proposed constitution were held in four of the colonies in June 1898.,0.33614107966423035,0.2315593808889389,0.10458169877529144,1
TRIPLET_01052,History,Federation of Australia,https://en.wikipedia.org/wiki/Federation_of_Australia,Early constitutional conventions > The National Australasian Convention of 1891,Early constitutional conventions > The National Australasian Convention of 1891,The economic consequences of federation,Federation_of_Australia_SEC_007_SENT_001,Federation_of_Australia_SEC_007_SENT_004,Federation_of_Australia_SEC_012_SENT_002,The Parliament proposed at the Convention of 1891 was to adopt the nomenclature of the United States Congress; a House of Representatives and a Senate.,Griffith identified with great clarity at the Sydney Convention perhaps the greatest problem of all: how to structure the relationship between the lower and upper houses within the Federal Parliament.,"With respect to the customs union, tariffs were abolished on interstate trade (although this process occurred on a phased basis in Western Australia), while all of the colonies adopted the Commonwealth's common external tariff schedule in October 1901.",0.5266590118408203,0.5266609191894531,-1.9073486328125e-06,0
TRIPLET_01053,History,Federation of Australia,https://en.wikipedia.org/wiki/Federation_of_Australia,Early calls for federation > Federal Council of Australasia,Early calls for federation > Federal Council of Australasia,The economic consequences of federation,Federation_of_Australia_SEC_002_SENT_009,Federation_of_Australia_SEC_002_SENT_008,Federation_of_Australia_SEC_012_SENT_001,The final (and successful) push for a Federal Council came at an Intercolonial Convention in Sydney in November and December 1883.,"The Federation had the potential to ensure that throughout the continent, trade and interstate commerce would be unaffected by protectionism and measurement and transport would be standardised.",Australian federation entailed the creation of both a customs and a fiscal union.,0.447406142950058,0.5708337426185608,-0.12342759966850281,0
TRIPLET_01054,History,Federation of Australia,https://en.wikipedia.org/wiki/Federation_of_Australia,The economic consequences of federation,The economic consequences of federation,Landmarks named after Federation,Federation_of_Australia_SEC_012_SENT_005,Federation_of_Australia_SEC_012_SENT_001,Federation_of_Australia_SEC_013_SENT_002,"With respect to the fiscal union, there was a harmonisation of excise duties at approximately the mid-level of the colonial excise duties.",Australian federation entailed the creation of both a customs and a fiscal union.,"These include: Federal Highway, between Goulburn, New South Wales and Canberra Federation Creek, near Croydon, Queensland Federation Peak, Tasmania Federation Range, on the Royston River, about 90 kilometres (56 mi) east-northeast of Melbourne, Victoria Federation Square, Melbourne, Victoria Federation Trail, Melbourne, Victoria Federation University, Ballarat, Victoria",0.6449964046478271,0.4254714250564575,0.21952497959136963,1
TRIPLET_01055,History,Federation of Australia,https://en.wikipedia.org/wiki/Federation_of_Australia,Early calls for federation,Early calls for federation,Australasian Federal Convention of 1897–98,Federation_of_Australia_SEC_001_SENT_018,Federation_of_Australia_SEC_001_SENT_013,Federation_of_Australia_SEC_009_SENT_015,"While there was in-principle support for a union of the colonies, the matter was ultimately deferred while New South Wales Premier Charles Cowper and Henry Parkes preferred to focus on liberalising Wentworth's squatter-friendly constitution.","Also in 1857, in Britain, Wentworth founded the ""General Association for the Australian Colonies"", the object of which was to obtain a federal assembly for the whole of Australia.","And Barton cited the analysis of federation of Bryce's Oxford colleagues, E.A.",0.4336405396461487,0.3423423767089844,0.0912981629371643,1
TRIPLET_01056,History,Federation of Australia,https://en.wikipedia.org/wiki/Federation_of_Australia,Early constitutional conventions > The National Australasian Convention of 1891,Early constitutional conventions > The National Australasian Convention of 1891,Early calls for federation > Federal Council of Australasia,Federation_of_Australia_SEC_007_SENT_006,Federation_of_Australia_SEC_007_SENT_005,Federation_of_Australia_SEC_002_SENT_010,"Griffith himself recommended that the doctrine of responsible government should be left open, or substantially modified to accord with the Federal structure.","The main division of opinion centred on the contention of Alfred Deakin, that the lower house must be supreme, as opposed to the views of Barton, John Cockburn and others, that a strong Senate with co-ordinate powers was essential.",The trigger was the British rejection of Queensland's unilateral annexation of New Guinea and the British Government wish to see a federalised Australasia.,0.5432224869728088,0.5819811820983887,-0.038758695125579834,0
TRIPLET_01057,History,Federation of Australia,https://en.wikipedia.org/wiki/Federation_of_Australia,Federation referendums,Federation referendums,Australasian Federal Convention of 1897–98,Federation_of_Australia_SEC_010_SENT_005,Federation_of_Australia_SEC_010_SENT_004,Federation_of_Australia_SEC_009_SENT_008,The majority vote was yes in all the colonies.,"In June 1899, referendums on the revised constitution were held again in all the colonies except for Western Australia, where the vote was not held until the following year.","After the Adelaide meeting, the colonial parliaments took the opportunity to debate the emerging bill and to suggest changes.",0.3169037699699402,0.18734319508075714,0.12956057488918304,1
TRIPLET_01058,History,Federation of Australia,https://en.wikipedia.org/wiki/Federation_of_Australia,Early calls for federation,Early calls for federation,Early constitutional conventions > Griffith or Clark?,Federation_of_Australia_SEC_001_SENT_011,Federation_of_Australia_SEC_001_SENT_013,Federation_of_Australia_SEC_008_SENT_016,"In 1857, Deas Thomson moved for a New South Wales Parliamentary Select Committee on the question of Australian federation.","Also in 1857, in Britain, Wentworth founded the ""General Association for the Australian Colonies"", the object of which was to obtain a federal assembly for the whole of Australia.","As Professor John Williams has pointed out: It is easy to point to the document and dismiss it as a mere ""cut and paste"" from known provisions.",0.8695142865180969,0.12481418251991272,0.7447001039981842,1
TRIPLET_01059,History,Federation of Australia,https://en.wikipedia.org/wiki/Federation_of_Australia,Federal Constitution,Federal Constitution,Early calls for federation > Early opposition,Federation_of_Australia_SEC_011_SENT_006,Federation_of_Australia_SEC_011_SENT_004,Federation_of_Australia_SEC_003_SENT_005,"The Constitution also provided for the establishment of a High Court, and divided the powers of government between the states and the new Commonwealth government.","The new constitution established a bicameral Parliament, containing a Senate and a House of Representatives.","Smaller colonies also worried about the abolition of tariffs, which would deprive them of a large proportion of their revenue, and leave their commerce at the mercy of the larger states.",0.6295382976531982,0.5503710508346558,0.07916724681854248,1
TRIPLET_01060,History,Federation of Australia,https://en.wikipedia.org/wiki/Federation_of_Australia,Landmarks named after Federation,Landmarks named after Federation,The economic consequences of federation,Federation_of_Australia_SEC_013_SENT_001,Federation_of_Australia_SEC_013_SENT_002,Federation_of_Australia_SEC_012_SENT_005,"The significance of Federation for Australia is such that a number of landmarks, natural and man-made, have been named after it.","These include: Federal Highway, between Goulburn, New South Wales and Canberra Federation Creek, near Croydon, Queensland Federation Peak, Tasmania Federation Range, on the Royston River, about 90 kilometres (56 mi) east-northeast of Melbourne, Victoria Federation Square, Melbourne, Victoria Federation Trail, Melbourne, Victoria Federation University, Ballarat, Victoria","With respect to the fiscal union, there was a harmonisation of excise duties at approximately the mid-level of the colonial excise duties.",0.5678412914276123,0.3948361277580261,0.17300516366958618,1
TRIPLET_01061,History,Federation of Australia,https://en.wikipedia.org/wiki/Federation_of_Australia,Early constitutional conventions > Griffith or Clark?,Early constitutional conventions > Griffith or Clark?,Landmarks named after Federation,Federation_of_Australia_SEC_008_SENT_020,Federation_of_Australia_SEC_008_SENT_010,Federation_of_Australia_SEC_013_SENT_001,"Issues of the respective legislative powers, the role of the states, the power of amendment and financial questions were the detail of the debate that the framers were about to address in 1891.","Parkes received it with reservations, suggesting that ""the structure should be evolved bit by bit"".","The significance of Federation for Australia is such that a number of landmarks, natural and man-made, have been named after it.",0.4074377417564392,0.4715164601802826,-0.06407871842384338,0
TRIPLET_01062,History,Federation of Australia,https://en.wikipedia.org/wiki/Federation_of_Australia,Early constitutional conventions > Griffith or Clark?,Early constitutional conventions > Griffith or Clark?,Early constitutional conventions,Federation_of_Australia_SEC_008_SENT_009,Federation_of_Australia_SEC_008_SENT_020,Federation_of_Australia_SEC_004_SENT_001,"This was practically a transcript of relevant provisions from the British North American Act, the United States Constitution and the Federal Council Act, arranged systematically, but it was to be of great use to the drafting committee at the convention.","Issues of the respective legislative powers, the role of the states, the power of amendment and financial questions were the detail of the debate that the framers were about to address in 1891.","In the early 1890s, two meetings established the need for federation and set the framework for this to occur.",0.5593457818031311,0.4588874578475952,0.10045832395553589,1
TRIPLET_01063,History,Federation of Australia,https://en.wikipedia.org/wiki/Federation_of_Australia,Early constitutional conventions > The National Australasian Convention of 1891,Early constitutional conventions > The National Australasian Convention of 1891,Early calls for federation,Federation_of_Australia_SEC_007_SENT_005,Federation_of_Australia_SEC_007_SENT_006,Federation_of_Australia_SEC_001_SENT_006,"The main division of opinion centred on the contention of Alfred Deakin, that the lower house must be supreme, as opposed to the views of Barton, John Cockburn and others, that a strong Senate with co-ordinate powers was essential.","Griffith himself recommended that the doctrine of responsible government should be left open, or substantially modified to accord with the Federal structure.","In 1847, the Secretary of State for the Colonies Earl Grey drew up a plan for a ""General Assembly"" of the colonies.",0.5432224869728088,0.38642311096191406,0.15679937601089478,1
TRIPLET_01064,History,Federation of Australia,https://en.wikipedia.org/wiki/Federation_of_Australia,Early calls for federation,Early calls for federation,Early constitutional conventions > Australasian Federal Conference of 1890,Federation_of_Australia_SEC_001_SENT_011,Federation_of_Australia_SEC_001_SENT_017,Federation_of_Australia_SEC_005_SENT_011,"In 1857, Deas Thomson moved for a New South Wales Parliamentary Select Committee on the question of Australian federation.","The secretary of state thereafter opted not to introduce the bill, assessing that it would probably lead to ""dissension and discontent"", distributing it nonetheless to the colonies for their responses.","When the conference met at the Victorian Parliament in Melbourne on 6 February, the delegates were confronted with a scorching summer maximum temperature of 39.7 °C (103.5 °F) in the shade.",0.2818700671195984,0.5106593370437622,-0.22878926992416382,0
TRIPLET_01065,History,Federation of Australia,https://en.wikipedia.org/wiki/Federation_of_Australia,Landmarks named after Federation,Landmarks named after Federation,The economic consequences of federation,Federation_of_Australia_SEC_013_SENT_002,Federation_of_Australia_SEC_013_SENT_001,Federation_of_Australia_SEC_012_SENT_004,"These include: Federal Highway, between Goulburn, New South Wales and Canberra Federation Creek, near Croydon, Queensland Federation Peak, Tasmania Federation Range, on the Royston River, about 90 kilometres (56 mi) east-northeast of Melbourne, Victoria Federation Square, Melbourne, Victoria Federation Trail, Melbourne, Victoria Federation University, Ballarat, Victoria","The significance of Federation for Australia is such that a number of landmarks, natural and man-made, have been named after it.","Nevertheless, the welfare-enhancing effect of the elimination of tariffs on interstate trade dominated the welfare-reducing effect of higher tariffs on overseas imports, such that the net static welfare gain from Australian federation was actually positive and estimated to have been 0.17% of GDP.",0.5678412914276123,0.4712049961090088,0.09663629531860352,1
TRIPLET_01066,History,Federation of Australia,https://en.wikipedia.org/wiki/Federation_of_Australia,Early constitutional conventions > Australasian Federal Conference of 1890,Early constitutional conventions > Australasian Federal Conference of 1890,Early constitutional conventions > Griffith or Clark?,Federation_of_Australia_SEC_005_SENT_009,Federation_of_Australia_SEC_005_SENT_003,Federation_of_Australia_SEC_008_SENT_024,"On the return journey, he stopped just south of the colonial border, and delivered the historic Tenterfield Oration on 24 October 1889 in Tenterfield's School of Arts, stating that the time had come for the colonies to consider Australian federation.","Parkes reportedly boasted that he ""could confederate these colonies in twelve months"".",The same cannot always be said of Inglis Clark.,0.5392147898674011,0.12215320020914078,0.41706158965826035,1
TRIPLET_01067,History,Federation of Australia,https://en.wikipedia.org/wiki/Federation_of_Australia,Early constitutional conventions > Australasian Federal Conference of 1890,Early constitutional conventions > Australasian Federal Conference of 1890,Landmarks named after Federation,Federation_of_Australia_SEC_005_SENT_001,Federation_of_Australia_SEC_005_SENT_010,Federation_of_Australia_SEC_013_SENT_002,The Australasian Federal Conference of 1890 met at the instigation of Parkes.,"Through the latter part of 1889, the premiers and governors corresponded and agreed for an informal meeting to be called.","These include: Federal Highway, between Goulburn, New South Wales and Canberra Federation Creek, near Croydon, Queensland Federation Peak, Tasmania Federation Range, on the Royston River, about 90 kilometres (56 mi) east-northeast of Melbourne, Victoria Federation Square, Melbourne, Victoria Federation Trail, Melbourne, Victoria Federation University, Ballarat, Victoria",0.5789345502853394,0.6276241540908813,-0.04868960380554199,0
TRIPLET_01068,History,Federation of Australia,https://en.wikipedia.org/wiki/Federation_of_Australia,Federation referendums,Federation referendums,Early constitutional conventions > Clark's draft constitution,Federation_of_Australia_SEC_010_SENT_005,Federation_of_Australia_SEC_010_SENT_004,Federation_of_Australia_SEC_006_SENT_001,The majority vote was yes in all the colonies.,"In June 1899, referendums on the revised constitution were held again in all the colonies except for Western Australia, where the vote was not held until the following year.",Andrew Inglis Clark had given considerable thought towards a suitable constitution for Australia.,0.3169037699699402,0.3759196996688843,-0.05901592969894409,0
TRIPLET_01069,History,Federation of Australia,https://en.wikipedia.org/wiki/Federation_of_Australia,Federal Constitution,Federal Constitution,Early calls for federation > Early opposition,Federation_of_Australia_SEC_011_SENT_005,Federation_of_Australia_SEC_011_SENT_004,Federation_of_Australia_SEC_003_SENT_016,"The office of governor-general was established as the Queen's representative; initially, as a representative of the British Government.","The new constitution established a bicameral Parliament, containing a Senate and a House of Representatives.",The federal conventions included no representatives of organised labour.,0.5830087065696716,0.25176429748535156,0.33124440908432007,1
TRIPLET_01070,History,Federation of Australia,https://en.wikipedia.org/wiki/Federation_of_Australia,Early calls for federation > Early opposition,Early calls for federation > Early opposition,Early calls for federation > Federal Council of Australasia,Federation_of_Australia_SEC_003_SENT_009,Federation_of_Australia_SEC_003_SENT_015,Federation_of_Australia_SEC_002_SENT_016,"For the larger colonies, there was the possibility (which never became an actuality) that they could be required to subsidise the struggling economies of Tasmania, South Australia and Western Australia.","On the other hand, labour representatives feared that federation would distract attention from the need for social and industrial reform, and further entrench the power of the conservative forces.","The self-governing colonies of Queensland, Tasmania and Victoria, as well as the Crown Colonies of Western Australia and Fiji, became involved.",0.5448327660560608,0.6083531379699707,-0.06352037191390991,0
TRIPLET_01071,History,Federation of Australia,https://en.wikipedia.org/wiki/Federation_of_Australia,Early constitutional conventions > Griffith or Clark?,Early constitutional conventions > Griffith or Clark?,The economic consequences of federation,Federation_of_Australia_SEC_008_SENT_022,Federation_of_Australia_SEC_008_SENT_004,Federation_of_Australia_SEC_012_SENT_003,"This is not so much a reflection on Inglis Clark, but an acknowledgement of the talents of Charles Kingston and Sir Samuel Griffith as drafters.",Neasey published by the University of Tasmania Law Press in 2001.,"The first federal (Commonwealth) was widely regarded as protectionist; indeed, with respect to imports from outside of Australia, the average tariff increased relative to the average of the individual colonies' average tariffs prior to federation, according to estimates produced by Melbourne economist Peter Lloyd.",0.3590547442436218,0.43059107661247253,-0.07153633236885071,0
TRIPLET_01072,History,Federation of Australia,https://en.wikipedia.org/wiki/Federation_of_Australia,Early calls for federation > Federal Council of Australasia,Early calls for federation > Federal Council of Australasia,Federal Constitution,Federation_of_Australia_SEC_002_SENT_022,Federation_of_Australia_SEC_002_SENT_023,Federation_of_Australia_SEC_011_SENT_001,The means by which the Council was established endorsed the continuing role that the Imperial Parliament would have in the development of Australia's constitutional structure.,"In terms of the Federal Council of Australia Act, the Australian drafters established a number of powers dealing with their common interests which would later be replicated in the Australian Constitution, especially section 51.",The Commonwealth of Australia Constitution Act 1900 (Imp) was passed on 5 July 1900 and given royal assent by Queen Victoria on 9 July 1900.,0.7493864893913269,0.5101654529571533,0.23922103643417358,1
TRIPLET_01073,History,Federation of Australia,https://en.wikipedia.org/wiki/Federation_of_Australia,Early calls for federation > Federal Council of Australasia,Early calls for federation > Federal Council of Australasia,Landmarks named after Federation,Federation_of_Australia_SEC_002_SENT_019,Federation_of_Australia_SEC_002_SENT_023,Federation_of_Australia_SEC_013_SENT_002,"Furthermore, the absence of the powerful colony of New South Wales weakened its representative value.","In terms of the Federal Council of Australia Act, the Australian drafters established a number of powers dealing with their common interests which would later be replicated in the Australian Constitution, especially section 51.","These include: Federal Highway, between Goulburn, New South Wales and Canberra Federation Creek, near Croydon, Queensland Federation Peak, Tasmania Federation Range, on the Royston River, about 90 kilometres (56 mi) east-northeast of Melbourne, Victoria Federation Square, Melbourne, Victoria Federation Trail, Melbourne, Victoria Federation University, Ballarat, Victoria",0.2940574586391449,0.2957085371017456,-0.001651078462600708,0
TRIPLET_01074,History,Federation of Australia,https://en.wikipedia.org/wiki/Federation_of_Australia,Early constitutional conventions,Early constitutional conventions,Federation referendums,Federation_of_Australia_SEC_004_SENT_001,Federation_of_Australia_SEC_004_SENT_002,Federation_of_Australia_SEC_010_SENT_005,"In the early 1890s, two meetings established the need for federation and set the framework for this to occur.",An informal meeting attended by official representatives from the Australasian colonies was held in 1890.,The majority vote was yes in all the colonies.,0.6600198149681091,0.25965434312820435,0.4003654718399048,1
TRIPLET_01075,History,Federation of Australia,https://en.wikipedia.org/wiki/Federation_of_Australia,Early calls for federation,Early calls for federation,Federal Constitution,Federation_of_Australia_SEC_001_SENT_012,Federation_of_Australia_SEC_001_SENT_002,Federation_of_Australia_SEC_011_SENT_005,"The committee reported in favour of a federal assembly being established, but the government changed in the meantime, and the question was shelved.","In September 1846, the New South Wales Colonial Secretary Sir Edward Deas Thomson suggested federation in the New South Wales Legislative Council.","The office of governor-general was established as the Queen's representative; initially, as a representative of the British Government.",0.4114943742752075,0.5290994644165039,-0.11760509014129639,0
TRIPLET_01076,History,Federation of Australia,https://en.wikipedia.org/wiki/Federation_of_Australia,Early constitutional conventions > The National Australasian Convention of 1891,Early constitutional conventions > The National Australasian Convention of 1891,Early calls for federation,Federation_of_Australia_SEC_007_SENT_001,Federation_of_Australia_SEC_007_SENT_003,Federation_of_Australia_SEC_001_SENT_009,The Parliament proposed at the Convention of 1891 was to adopt the nomenclature of the United States Congress; a House of Representatives and a Senate.,This American model was mixed with the Westminster system by which the Prime Minister and other ministers would be appointed by the representative of the British Crown from among the members of the political party holding a majority in the lower House.,"This assembly was proposed to legislate on intercolonial matters, including tariffs, railways, lighthouses, penal settlements, gold and the mail.",0.7249664068222046,0.5755678415298462,0.1493985652923584,1
TRIPLET_01077,History,Federation of Australia,https://en.wikipedia.org/wiki/Federation_of_Australia,Early constitutional conventions > Clark's draft constitution,Early constitutional conventions > Clark's draft constitution,Early constitutional conventions > Australasian Federal Conference of 1890,Federation_of_Australia_SEC_006_SENT_003,Federation_of_Australia_SEC_006_SENT_007,Federation_of_Australia_SEC_005_SENT_018,"During this trip, he began writing a draft constitution, taking the main provisions of the British North America Act, 1867 and its supplements up through 1890, the US Constitution, the Federal Council of Australasia Act, and various Australian colonial constitutions.","Upon his return to Hobart in early November 1890, with the technical aid of W. O.","However, delegates from the smaller states were not enthusiastic, with John Alexander Cockburn of South Australia seeing the Canadian model as a ""coercive"" and ""homogeneous National Union"".",0.5747486352920532,0.3004186451435089,0.2743299901485443,1
TRIPLET_01078,History,Federation of Australia,https://en.wikipedia.org/wiki/Federation_of_Australia,Federation referendums,Federation referendums,Early constitutional conventions > Clark's draft constitution,Federation_of_Australia_SEC_010_SENT_001,Federation_of_Australia_SEC_010_SENT_004,Federation_of_Australia_SEC_006_SENT_010,Referendums on the proposed constitution were held in four of the colonies in June 1898.,"In June 1899, referendums on the revised constitution were held again in all the colonies except for Western Australia, where the vote was not held until the following year.","This draft was always intended to be a private working document, and was never published.",0.7608663439750671,0.14444249868392944,0.6164238452911377,1
TRIPLET_01079,History,Federation of Australia,https://en.wikipedia.org/wiki/Federation_of_Australia,Early constitutional conventions > Clark's draft constitution,Early constitutional conventions > Clark's draft constitution,Early calls for federation > Federal Council of Australasia,Federation_of_Australia_SEC_006_SENT_001,Federation_of_Australia_SEC_006_SENT_004,Federation_of_Australia_SEC_002_SENT_015,Andrew Inglis Clark had given considerable thought towards a suitable constitution for Australia.,"Clark returned from London by way of Boston, Massachusetts, where he held discussions about his draft with Oliver Wendell Holmes Jr., and Moncure Conway among others.",New South Wales and New Zealand did not join.,0.45327097177505493,0.3167217969894409,0.136549174785614,1
TRIPLET_01080,History,Federation of Australia,https://en.wikipedia.org/wiki/Federation_of_Australia,Early calls for federation,Early calls for federation,Early constitutional conventions,Federation_of_Australia_SEC_001_SENT_003,Federation_of_Australia_SEC_001_SENT_012,Federation_of_Australia_SEC_004_SENT_003,"The Governor of New South Wales, Sir Charles Fitzroy, then wrote to the United Kingdom's Colonial Office suggesting a ""superior functionary"" with power to review the legislation of all the colonies.","The committee reported in favour of a federal assembly being established, but the government changed in the meantime, and the question was shelved.","This led to the first National Australasian Convention, meeting in Sydney in 1891.",0.46905940771102905,0.6124502420425415,-0.14339083433151245,0
TRIPLET_01081,History,Federation of Australia,https://en.wikipedia.org/wiki/Federation_of_Australia,Australasian Federal Convention of 1897–98,Australasian Federal Convention of 1897–98,Early constitutional conventions > Griffith or Clark?,Federation_of_Australia_SEC_009_SENT_008,Federation_of_Australia_SEC_009_SENT_010,Federation_of_Australia_SEC_008_SENT_018,"After the Adelaide meeting, the colonial parliaments took the opportunity to debate the emerging bill and to suggest changes.","It was agreed that the Senate should be chosen, directly, by popular vote, rather than appointed by state governments.","So for instance, there was always going to be parts dealing with the executive, the parliament and the judiciary in any Australian constitution.",0.45178359746932983,0.5743252038955688,-0.12254160642623901,0
TRIPLET_01082,History,Federation of Australia,https://en.wikipedia.org/wiki/Federation_of_Australia,Early constitutional conventions > Australasian Federal Conference of 1890,Early constitutional conventions > Australasian Federal Conference of 1890,Early constitutional conventions,Federation_of_Australia_SEC_005_SENT_015,Federation_of_Australia_SEC_005_SENT_012,Federation_of_Australia_SEC_004_SENT_004,"Similarly, Sir James Lee Steere from Western Australia and the New Zealand delegates suggested there was little support for federation in their respective colonies.",The Conference debated whether or not the time was ripe to proceed with federation.,"New Zealand was represented at both the conference and the Convention, although its delegates indicated that it would be unlikely to join the Federation at its foundation, but it would probably be interested in doing so at a later date.",0.5573858618736267,0.5696873664855957,-0.012301504611968994,0
TRIPLET_01083,History,Federation of Australia,https://en.wikipedia.org/wiki/Federation_of_Australia,Landmarks named after Federation,Landmarks named after Federation,Early calls for federation,Federation_of_Australia_SEC_013_SENT_002,Federation_of_Australia_SEC_013_SENT_001,Federation_of_Australia_SEC_001_SENT_018,"These include: Federal Highway, between Goulburn, New South Wales and Canberra Federation Creek, near Croydon, Queensland Federation Peak, Tasmania Federation Range, on the Royston River, about 90 kilometres (56 mi) east-northeast of Melbourne, Victoria Federation Square, Melbourne, Victoria Federation Trail, Melbourne, Victoria Federation University, Ballarat, Victoria","The significance of Federation for Australia is such that a number of landmarks, natural and man-made, have been named after it.","While there was in-principle support for a union of the colonies, the matter was ultimately deferred while New South Wales Premier Charles Cowper and Henry Parkes preferred to focus on liberalising Wentworth's squatter-friendly constitution.",0.5678412914276123,0.364717960357666,0.2031233310699463,1
TRIPLET_01084,History,Federation of Australia,https://en.wikipedia.org/wiki/Federation_of_Australia,Early constitutional conventions > Griffith or Clark?,Early constitutional conventions > Griffith or Clark?,Early calls for federation,Federation_of_Australia_SEC_008_SENT_011,Federation_of_Australia_SEC_008_SENT_007,Federation_of_Australia_SEC_001_SENT_004,"George Higinbotham admitted the ""acknowledged defects & disadvantages"" of responsible government, but criticized Clark's plan to separate the executive and the legislature.","Given that the authors of this highly respected work were themselves active members of the federal movement, it may be presumed that this view represents—if not the complete truth—then, at least, the consensus opinion among Australia's ""founding fathers"".","In 1853, FitzRoy was appointed as Governor of Van Diemen's Land, South Australia and Victoria—a pre-federation governor-general of Australia, with wide-ranging powers to intervene in inter-colonial disputes.",0.5130691528320312,0.3711259067058563,0.14194324612617493,1
TRIPLET_01085,History,Federation of Australia,https://en.wikipedia.org/wiki/Federation_of_Australia,Early constitutional conventions > The National Australasian Convention of 1891,Early constitutional conventions > The National Australasian Convention of 1891,Early constitutional conventions > Griffith or Clark?,Federation_of_Australia_SEC_007_SENT_003,Federation_of_Australia_SEC_007_SENT_002,Federation_of_Australia_SEC_008_SENT_017,This American model was mixed with the Westminster system by which the Prime Minister and other ministers would be appointed by the representative of the British Crown from among the members of the political party holding a majority in the lower House.,"The House of Representatives was to be elected by districts drawn up on the basis of their population, while in the Senate there was to be equal representation for each ""province"".",While there is some validity in such observations it does tend to overlook the fact that there are very few variations to be added once the basic structure is agreed.,0.6653071045875549,0.13330109417438507,0.5320060104131699,1
TRIPLET_01086,History,Federation of Australia,https://en.wikipedia.org/wiki/Federation_of_Australia,Early constitutional conventions,Early constitutional conventions,Early calls for federation > Federal Council of Australasia,Federation_of_Australia_SEC_004_SENT_002,Federation_of_Australia_SEC_004_SENT_004,Federation_of_Australia_SEC_002_SENT_016,An informal meeting attended by official representatives from the Australasian colonies was held in 1890.,"New Zealand was represented at both the conference and the Convention, although its delegates indicated that it would be unlikely to join the Federation at its foundation, but it would probably be interested in doing so at a later date.","The self-governing colonies of Queensland, Tasmania and Victoria, as well as the Crown Colonies of Western Australia and Fiji, became involved.",0.3270309865474701,0.4945637285709381,-0.16753274202346802,0
TRIPLET_01087,History,Federation of Australia,https://en.wikipedia.org/wiki/Federation_of_Australia,Federation referendums,Federation referendums,Early constitutional conventions,Federation_of_Australia_SEC_010_SENT_005,Federation_of_Australia_SEC_010_SENT_004,Federation_of_Australia_SEC_004_SENT_001,The majority vote was yes in all the colonies.,"In June 1899, referendums on the revised constitution were held again in all the colonies except for Western Australia, where the vote was not held until the following year.","In the early 1890s, two meetings established the need for federation and set the framework for this to occur.",0.3169037699699402,0.25965434312820435,0.05724942684173584,1
TRIPLET_01088,History,Federation of Australia,https://en.wikipedia.org/wiki/Federation_of_Australia,Early calls for federation,Early calls for federation,Early calls for federation > Early opposition,Federation_of_Australia_SEC_001_SENT_012,Federation_of_Australia_SEC_001_SENT_009,Federation_of_Australia_SEC_003_SENT_002,"The committee reported in favour of a federal assembly being established, but the government changed in the meantime, and the question was shelved.","This assembly was proposed to legislate on intercolonial matters, including tariffs, railways, lighthouses, penal settlements, gold and the mail.","Politicians, particularly those from the smaller colonies, disliked the very idea of delegating power to a national government; they feared that any such government would inevitably be dominated by the more populous New South Wales and Victoria.",0.3274949789047241,0.6706994771957397,-0.3432044982910156,0
TRIPLET_01089,History,Federation of Australia,https://en.wikipedia.org/wiki/Federation_of_Australia,Early calls for federation > Federal Council of Australasia,Early calls for federation > Federal Council of Australasia,Early constitutional conventions > Clark's draft constitution,Federation_of_Australia_SEC_002_SENT_013,Federation_of_Australia_SEC_002_SENT_007,Federation_of_Australia_SEC_006_SENT_008,The conference successfully petitioned the Imperial Parliament to enact the Federal Council of Australasia Act 1885.,"At the conference, representatives from Victoria, New South Wales and South Australia considered a number of issues including federation, communication, Chinese immigration, vine diseases and uniform tariff rates.","Wise, the Tasmanian Parliamentary Draftsman, Clark completed the final form of the Draft Constitution and had a number of copies printed.",0.544022798538208,0.5401672720909119,0.0038555264472961426,1
TRIPLET_01090,History,Federation of Australia,https://en.wikipedia.org/wiki/Federation_of_Australia,Landmarks named after Federation,Landmarks named after Federation,Early calls for federation > Early opposition,Federation_of_Australia_SEC_013_SENT_002,Federation_of_Australia_SEC_013_SENT_001,Federation_of_Australia_SEC_003_SENT_013,"These include: Federal Highway, between Goulburn, New South Wales and Canberra Federation Creek, near Croydon, Queensland Federation Peak, Tasmania Federation Range, on the Royston River, about 90 kilometres (56 mi) east-northeast of Melbourne, Victoria Federation Square, Melbourne, Victoria Federation Trail, Melbourne, Victoria Federation University, Ballarat, Victoria","The significance of Federation for Australia is such that a number of landmarks, natural and man-made, have been named after it.",The nascent Australian labour movement was less than wholly committed in its support for federation.,0.5678412914276123,0.3530738353729248,0.2147674560546875,1
TRIPLET_01091,History,Federation of Australia,https://en.wikipedia.org/wiki/Federation_of_Australia,Federation referendums,Federation referendums,The economic consequences of federation,Federation_of_Australia_SEC_010_SENT_004,Federation_of_Australia_SEC_010_SENT_002,Federation_of_Australia_SEC_012_SENT_002,"In June 1899, referendums on the revised constitution were held again in all the colonies except for Western Australia, where the vote was not held until the following year.","There were majority votes in all four, however, the enabling legislation in New South Wales required the support of at least 80,000 voters for passage, equivalent to about half of enrolled voters, and this number was not reached.","With respect to the customs union, tariffs were abolished on interstate trade (although this process occurred on a phased basis in Western Australia), while all of the colonies adopted the Commonwealth's common external tariff schedule in October 1901.",0.6441296935081482,0.6733749508857727,-0.02924525737762451,0
TRIPLET_01092,History,Federation of Australia,https://en.wikipedia.org/wiki/Federation_of_Australia,Early constitutional conventions > Australasian Federal Conference of 1890,Early constitutional conventions > Australasian Federal Conference of 1890,Australasian Federal Convention of 1897–98,Federation_of_Australia_SEC_005_SENT_015,Federation_of_Australia_SEC_005_SENT_007,Federation_of_Australia_SEC_009_SENT_005,"Similarly, Sir James Lee Steere from Western Australia and the New Zealand delegates suggested there was little support for federation in their respective colonies.","Gillies's response was predictably cool, given the reluctance of Parkes to bring New South Wales into the Federal Council.","Winning the support of George Reid, premier of New South Wales from 1894, the Quick scheme was approved by all premiers in 1895.",0.6389032602310181,0.32454565167427063,0.31435760855674744,1
TRIPLET_01093,History,Federation of Australia,https://en.wikipedia.org/wiki/Federation_of_Australia,Early constitutional conventions > Griffith or Clark?,Early constitutional conventions > Griffith or Clark?,Australasian Federal Convention of 1897–98,Federation_of_Australia_SEC_008_SENT_020,Federation_of_Australia_SEC_008_SENT_010,Federation_of_Australia_SEC_009_SENT_014,"Issues of the respective legislative powers, the role of the states, the power of amendment and financial questions were the detail of the debate that the framers were about to address in 1891.","Parkes received it with reservations, suggesting that ""the structure should be evolved bit by bit"".","Deakin greatly praised James Bryce's appreciation of American federalism, The American Commonwealth.",0.4074377417564392,0.3597344756126404,0.04770326614379883,1
TRIPLET_01094,History,Federation of Australia,https://en.wikipedia.org/wiki/Federation_of_Australia,Early constitutional conventions > Clark's draft constitution,Early constitutional conventions > Clark's draft constitution,Early calls for federation > Early opposition,Federation_of_Australia_SEC_006_SENT_006,Federation_of_Australia_SEC_006_SENT_010,Federation_of_Australia_SEC_003_SENT_014,The Legislature consists of a House of Representatives and a Senate It specified the separation of powers and the division of powers between the Federal and State governments.,"This draft was always intended to be a private working document, and was never published.","On the one hand, nationalist sentiment was strong within the labour movement and there was much support for the idea of White Australia.",0.21371155977249146,0.1687334179878235,0.04497814178466797,1
TRIPLET_01095,History,Federation of Australia,https://en.wikipedia.org/wiki/Federation_of_Australia,Early calls for federation > Federal Council of Australasia,Early calls for federation > Federal Council of Australasia,Early calls for federation > Early opposition,Federation_of_Australia_SEC_002_SENT_008,Federation_of_Australia_SEC_002_SENT_007,Federation_of_Australia_SEC_003_SENT_011,"The Federation had the potential to ensure that throughout the continent, trade and interstate commerce would be unaffected by protectionism and measurement and transport would be standardised.","At the conference, representatives from Victoria, New South Wales and South Australia considered a number of issues including federation, communication, Chinese immigration, vine diseases and uniform tariff rates.",Experience of other federations was less than inspiring.,0.4408702254295349,0.3551272451877594,0.08574298024177551,1
TRIPLET_01096,History,Federation of Australia,https://en.wikipedia.org/wiki/Federation_of_Australia,Early constitutional conventions > Griffith or Clark?,Early constitutional conventions > Griffith or Clark?,Early calls for federation,Federation_of_Australia_SEC_008_SENT_015,Federation_of_Australia_SEC_008_SENT_007,Federation_of_Australia_SEC_001_SENT_007,"Clark's supporters are quick to point out that 86 Sections (out of a total of 128) of the final Australian Constitution are recognisable in Clark's draft, and that ""only eight of Inglis Clark's ninety-six clauses failed to find their way into the final Australian Constitution""; but these are potentially misleading statistics.","Given that the authors of this highly respected work were themselves active members of the federal movement, it may be presumed that this view represents—if not the complete truth—then, at least, the consensus opinion among Australia's ""founding fathers"".","However, it prompted the statesman William Charles Wentworth to in 1848 propose the establishment of ""a Congress from the various Colonial Legislatures"" to legislate on ""inter-colonial questions"".",0.519654393196106,0.37745797634124756,0.1421964168548584,1
TRIPLET_01097,History,Federation of Australia,https://en.wikipedia.org/wiki/Federation_of_Australia,Federal Constitution,Federal Constitution,The economic consequences of federation,Federation_of_Australia_SEC_011_SENT_007,Federation_of_Australia_SEC_011_SENT_006,Federation_of_Australia_SEC_012_SENT_004,"The states retained their own parliaments, along with the majority of existing powers, but the federal government would be responsible for issues of defence, immigration, quarantine, customs, banking and coinage, among other powers.","The Constitution also provided for the establishment of a High Court, and divided the powers of government between the states and the new Commonwealth government.","Nevertheless, the welfare-enhancing effect of the elimination of tariffs on interstate trade dominated the welfare-reducing effect of higher tariffs on overseas imports, such that the net static welfare gain from Australian federation was actually positive and estimated to have been 0.17% of GDP.",0.7165548801422119,0.37169164419174194,0.34486323595046997,1
TRIPLET_01098,History,Federation of Australia,https://en.wikipedia.org/wiki/Federation_of_Australia,Early calls for federation,Early calls for federation,Early calls for federation > Early opposition,Federation_of_Australia_SEC_001_SENT_016,Federation_of_Australia_SEC_001_SENT_004,Federation_of_Australia_SEC_003_SENT_004,"Wentworth, hoping to garner as broad support as possible, proposed a loose association of the colonies, which was criticised by Robert Lowe.","In 1853, FitzRoy was appointed as Governor of Van Diemen's Land, South Australia and Victoria—a pre-federation governor-general of Australia, with wide-ranging powers to intervene in inter-colonial disputes.",These were not the only concerns of those resistant to federation.,0.49879026412963867,0.5817199349403381,-0.08292967081069946,0
TRIPLET_01099,History,Federation of Australia,https://en.wikipedia.org/wiki/Federation_of_Australia,Early calls for federation > Early opposition,Early calls for federation > Early opposition,The economic consequences of federation,Federation_of_Australia_SEC_003_SENT_010,Federation_of_Australia_SEC_003_SENT_020,Federation_of_Australia_SEC_012_SENT_003,"Even without the concerns, there was debate about the form of government that a federation would take.",Religious factors played a small but not trivial part in disputes over whether federation was desirable or even possible.,"The first federal (Commonwealth) was widely regarded as protectionist; indeed, with respect to imports from outside of Australia, the average tariff increased relative to the average of the individual colonies' average tariffs prior to federation, according to estimates produced by Melbourne economist Peter Lloyd.",0.7473243474960327,0.422393262386322,0.3249310851097107,1
TRIPLET_01100,History,Federation of Australia,https://en.wikipedia.org/wiki/Federation_of_Australia,The economic consequences of federation,The economic consequences of federation,Early calls for federation,Federation_of_Australia_SEC_012_SENT_002,Federation_of_Australia_SEC_012_SENT_004,Federation_of_Australia_SEC_001_SENT_013,"With respect to the customs union, tariffs were abolished on interstate trade (although this process occurred on a phased basis in Western Australia), while all of the colonies adopted the Commonwealth's common external tariff schedule in October 1901.","Nevertheless, the welfare-enhancing effect of the elimination of tariffs on interstate trade dominated the welfare-reducing effect of higher tariffs on overseas imports, such that the net static welfare gain from Australian federation was actually positive and estimated to have been 0.17% of GDP.","Also in 1857, in Britain, Wentworth founded the ""General Association for the Australian Colonies"", the object of which was to obtain a federal assembly for the whole of Australia.",0.562799334526062,0.6288561820983887,-0.06605684757232666,0
TRIPLET_01101,History,Australian gold rushes,https://en.wikipedia.org/wiki/Australian_gold_rushes,"Notable gold finds that started rushes > 1892–1899: Coolgardie, Kalgoorlie, and other finds in Western Australia > 1893–1899: Coolgardie and Kalgoorlie","Notable gold finds that started rushes > 1892–1899: Coolgardie, Kalgoorlie, and other finds in Western Australia > 1893–1899: Coolgardie and Kalgoorlie","Pre-rush gold finds > 1823: Bathurst region, New South Wales",Australian_gold_rushes_SEC_043_SENT_006,Australian_gold_rushes_SEC_043_SENT_002,Australian_gold_rushes_SEC_004_SENT_001,"(Kalgoorlie's recorded population was 2,018, while numbers for Boulder were not recorded.","The population of Coolgardie is estimated to have reached 15,000 at its peak during the gold rush, and the town boasted over 26 pubs supplied by 3 breweries, 2 stock exchanges, 14 churches, 6 newspapers, and a courthouse.","The first officially recognised gold find in Australia was on 15 February 1823, by assistant surveyor James McBrien, at Fish River, between Rydal and Bathurst, New South Wales.",0.46737954020500183,0.4354631304740906,0.031916409730911255,1
TRIPLET_01102,History,Australian gold rushes,https://en.wikipedia.org/wiki/Australian_gold_rushes,"Pre-rush gold finds > 1820: Blue Mountains, New South Wales","Pre-rush gold finds > 1820: Blue Mountains, New South Wales","Pre-rush gold finds > 1850: Clunes, Victoria",Australian_gold_rushes_SEC_003_SENT_003,Australian_gold_rushes_SEC_003_SENT_001,Australian_gold_rushes_SEC_017_SENT_009,Many people were sceptical of his claim.,F. Stein was a Russian naturalist with the 1819–1821 Bellingshausen expedition to explore the Southern Ocean.,Communication of this knowledge by Hermann to James Esmond was to result in the discovery by Esmond on 1 July 1851 of payable quantities of alluvial gold at Clunes and lead to the first Victorian gold rush.,0.02079092524945736,0.02071325294673443,7.767230272293091e-05,1
TRIPLET_01103,History,Australian gold rushes,https://en.wikipedia.org/wiki/Australian_gold_rushes,"Notable gold finds that started rushes > 1887–1891: Southern Cross, the Pilbara, and other finds in Western Australia > 1891: Cue","Notable gold finds that started rushes > 1887–1891: Southern Cross, the Pilbara, and other finds in Western Australia > 1891: Cue",Sources and further reading,Australian_gold_rushes_SEC_040_SENT_002,Australian_gold_rushes_SEC_040_SENT_001,Australian_gold_rushes_SEC_045_SENT_010,This became known as the Murchison Rush.,"Gold was found at Cue in 1891 by Michael Fitzgerald, Edward Heffernan and Tom Cue.","Gold Seeking: Victoria and California in the 1850s (Stanford University Press, 1994) online.",0.5208430290222168,0.38108813762664795,0.13975489139556885,1
TRIPLET_01104,History,Australian gold rushes,https://en.wikipedia.org/wiki/Australian_gold_rushes,"Pre-rush gold finds > 1834: Monaro district, New South Wales","Pre-rush gold finds > 1834: Monaro district, New South Wales","Notable gold finds that started rushes > 1871–1904: Charters Towers, Palmer River, and other finds in Queensland",Australian_gold_rushes_SEC_005_SENT_001,Australian_gold_rushes_SEC_005_SENT_002,Australian_gold_rushes_SEC_034_SENT_009,"In 1834, with government help, John Lhotsky travelled to the Monaro district of New South Wales and explored its southern mountains.","On returning to Sydney in that same year, he exhibited specimens that he had collected that contained gold.",This was one of the largest rushes experienced in Queensland.,0.577642023563385,0.2664719223976135,0.3111701011657715,1
TRIPLET_01105,History,Australian gold rushes,https://en.wikipedia.org/wiki/Australian_gold_rushes,"Pre-rush gold finds > 1848–1850: Pyrenees Ranges, Victoria","Pre-rush gold finds > 1848–1850: Pyrenees Ranges, Victoria",Sources and further reading,Australian_gold_rushes_SEC_015_SENT_002,Australian_gold_rushes_SEC_015_SENT_010,Australian_gold_rushes_SEC_045_SENT_003,"In December 1848, Chapman came into the jewellery store of Charles Brentani, in Collins Street, Melbourne, with a stone that he had ""held for several months"".",The story was then dismissed by some of the press as a hoax.,Australian Economic History Review 50.2 (2010): 209–216 online.,0.129230335354805,0.5302847027778625,-0.40105436742305756,0
TRIPLET_01106,History,Australian gold rushes,https://en.wikipedia.org/wiki/Australian_gold_rushes,"Notable gold finds that started rushes > 1880: Mt McDonald, New South Wales","Notable gold finds that started rushes > 1880: Mt McDonald, New South Wales","Notable gold finds that started rushes > 1892–1899: Coolgardie, Kalgoorlie, and other finds in Western Australia > 1892: Coolgardie",Australian_gold_rushes_SEC_036_SENT_003,Australian_gold_rushes_SEC_036_SENT_001,Australian_gold_rushes_SEC_041_SENT_002,"By the early 1900s, mining declined, and the town slowly faded away.","Donald McDonald and his party discovered two gold-rich quartz reefs at Mount McDonald, as they were prospecting the mountain ranges around Wyangala.",On 17 September 1892 Wesley rode the 185 km (115 mi) with this gold into Southern Cross to register their reward-claim for a new find of gold.,0.21842846274375916,0.24004244804382324,-0.021613985300064087,0
TRIPLET_01107,History,Australian gold rushes,https://en.wikipedia.org/wiki/Australian_gold_rushes,"Notable gold finds that started rushes > 1857/8: Canoona near Rockhampton, Queensland","Notable gold finds that started rushes > 1857/8: Canoona near Rockhampton, Queensland",Notable gold finds that started rushes > 1871–1909: Pine Creek and other finds in the Northern Territory,Australian_gold_rushes_SEC_029_SENT_005,Australian_gold_rushes_SEC_029_SENT_010,Australian_gold_rushes_SEC_035_SENT_003,"Initially worried that his find would be exaggerated, O'Connell wrote to the Chief Commissioner of Crown Lands on 25 November 1857 to inform him that he had found ""very promising prospects of gold"" after having some pans of earth washed.","This was, however, a small goldfield with only shallow gold deposits and with nowhere near enough gold to sustain the large number of prospectors.","In 1908, out of a total of 824 miners employed, the Chinese numbered 674.",0.437710702419281,0.32644641399383545,0.11126428842544556,1
TRIPLET_01108,History,Australian gold rushes,https://en.wikipedia.org/wiki/Australian_gold_rushes,"Notable gold finds that started rushes > February 1851: Orange, New South Wales","Notable gold finds that started rushes > February 1851: Orange, New South Wales","Notable gold finds that started rushes > 1892–1899: Coolgardie, Kalgoorlie, and other finds in Western Australia > 1893–1899: Coolgardie and Kalgoorlie",Australian_gold_rushes_SEC_018_SENT_008,Australian_gold_rushes_SEC_018_SENT_004,Australian_gold_rushes_SEC_043_SENT_005,"In 1872, a large gold and quartz ""Holtermann Nugget"" was discovered by the night shift, in a mine part owned by Bernhardt Holtermann at Hill End, near Bathurst, New South Wales.",This was the first gold rush in Australia.,"In 1897, Coolgardie was the third largest town in Western Australia after Perth and Fremantle and the largest town in the Western Australian gold-mining districts, with a recorded population of 5,008, while Kalgoorlie–Boulder was the fourth-largest town in Western Australia and the second largest in the Western Australian gold-mining districts, with an estimated population of 3,400.",0.6652635335922241,0.685977578163147,-0.02071404457092285,0
TRIPLET_01109,History,Australian gold rushes,https://en.wikipedia.org/wiki/Australian_gold_rushes,"Notable gold finds that started rushes > 1887–1891: Southern Cross, the Pilbara, and other finds in Western Australia > 1888: The Pilbara","Notable gold finds that started rushes > 1887–1891: Southern Cross, the Pilbara, and other finds in Western Australia > 1888: The Pilbara",Notable gold finds that started rushes > 1870–1893: Teetulpa and other finds in South Australia,Australian_gold_rushes_SEC_039_SENT_004,Australian_gold_rushes_SEC_039_SENT_002,Australian_gold_rushes_SEC_033_SENT_004,"Gregory also discovered gold in a region known as Nullagine Proper in June 1888, and Harry Wells found gold in Marble Bar.","The government had offered £1,000 (equivalent to A$321,000 in 2022) reward for the first person to find payable gold in the Pilbara.","By the end of 1886, two months into the rush, there were more than five thousand men on the field.",0.63408362865448,0.5130425095558167,0.12104111909866333,1
TRIPLET_01110,History,Australian gold rushes,https://en.wikipedia.org/wiki/Australian_gold_rushes,"Notable gold finds that started rushes > 1871–1904: Charters Towers, Palmer River, and other finds in Queensland","Notable gold finds that started rushes > 1871–1904: Charters Towers, Palmer River, and other finds in Queensland","Notable gold finds that started rushes > 1880: Mt McDonald, New South Wales",Australian_gold_rushes_SEC_034_SENT_001,Australian_gold_rushes_SEC_034_SENT_012,Australian_gold_rushes_SEC_036_SENT_001,"A significant Queensland goldfield was discovered at Charters Towers on 24 December 1871 by a young 12-year-old Aboriginal stockman, Jupiter Mosman, and soon moved attention to this area.","Port Douglas dates from 1873, and the Hodgkinson river (west of Cairns) from 1875.","Donald McDonald and his party discovered two gold-rich quartz reefs at Mount McDonald, as they were prospecting the mountain ranges around Wyangala.",0.5241786241531372,0.6981120705604553,-0.17393344640731812,0
TRIPLET_01111,History,Australian gold rushes,https://en.wikipedia.org/wiki/Australian_gold_rushes,Notable gold finds that started rushes > 1870–1893: Teetulpa and other finds in South Australia,Notable gold finds that started rushes > 1870–1893: Teetulpa and other finds in South Australia,"Notable gold finds that started rushes > 1892–1899: Coolgardie, Kalgoorlie, and other finds in Western Australia > 1893–1899: Coolgardie and Kalgoorlie",Australian_gold_rushes_SEC_033_SENT_003,Australian_gold_rushes_SEC_033_SENT_009,Australian_gold_rushes_SEC_043_SENT_009,Teetulpa had the largest number of diggers of any field at any time in the history of South Australian gold discoveries.,"For a time, it had a bank, shops, hotel, hospital, church and a newspaper.",Many more people were not residing in residential areas but were out in the field mining.,0.17650917172431946,0.42157483100891113,-0.24506565928459167,0
TRIPLET_01112,History,Australian gold rushes,https://en.wikipedia.org/wiki/Australian_gold_rushes,"Notable gold finds that started rushes > April 1851: Castlemaine district and Clunes, Victoria","Notable gold finds that started rushes > April 1851: Castlemaine district and Clunes, Victoria","Pre-rush gold finds > 1841–1842: Bathurst and Goulburn regions, New South Wales",Australian_gold_rushes_SEC_019_SENT_004,Australian_gold_rushes_SEC_019_SENT_008,Australian_gold_rushes_SEC_008_SENT_005,Cameron showed Bruhn samples of the gold that had been found on his station at Clunes in March 1850.,This then indirectly led to the first gold rush in Victoria from Esmond's discovery of payable gold at Clunes in July 1851.,"In that same year, Clarke showed the sample and spoke of the probable abundance of gold to some members of the New South Wales Legislative Council, including Justice Roger Therry, the member for Camden, and Joseph Phelps Robinson, then member for the Town of Melbourne.",0.8101802468299866,0.7211097478866577,0.08907049894332886,1
TRIPLET_01113,History,Australian gold rushes,https://en.wikipedia.org/wiki/Australian_gold_rushes,"Notable gold finds that started rushes > 1885: Halls Creek in the Kimberley, Western Australia","Notable gold finds that started rushes > 1885: Halls Creek in the Kimberley, Western Australia","Notable gold finds that started rushes > 1887–1891: Southern Cross, the Pilbara, and other finds in Western Australia > 1888: The Pilbara",Australian_gold_rushes_SEC_037_SENT_014,Australian_gold_rushes_SEC_037_SENT_021,Australian_gold_rushes_SEC_039_SENT_001,"Also, no-one knows how many died trying to get to Halls Creek across the waterless desert, or how many simply turned back.","When in May 1888 the government considered claims for the reward for discovery of the first payable goldfield, it was decided that the Kimberley goldfield, which had proven disappointing, was insufficient to meet the stipulated conditions of a yield of at least 10,000 troy ounces (310 kg) of gold in a 2-year period passing through Customs or shipped to England, so no reward was paid out.","The Pilbara Goldfield was officially declared on the same day as the Yilgarn Goldfield, 1 October 1888.",0.6287657618522644,0.1889003962278366,0.4398653656244278,1
TRIPLET_01114,History,Australian gold rushes,https://en.wikipedia.org/wiki/Australian_gold_rushes,Notable gold finds that started rushes > 1871–1909: Pine Creek and other finds in the Northern Territory,Notable gold finds that started rushes > 1871–1909: Pine Creek and other finds in the Northern Territory,Notable gold finds that started rushes > 1861–1866: Cape River and other finds in Queensland,Australian_gold_rushes_SEC_035_SENT_003,Australian_gold_rushes_SEC_035_SENT_002,Australian_gold_rushes_SEC_030_SENT_005,"In 1908, out of a total of 824 miners employed, the Chinese numbered 674.",A large number of Chinese are engaged in mining in the Territory.,"The Courier (Brisbane) of 5 January 1863 describes ""40 miners on the diggings at present ... and in the course of a few months there will probably be several hundred miners at work"".",0.5466334223747253,0.7228738069534302,-0.17624038457870483,0
TRIPLET_01115,History,Australian gold rushes,https://en.wikipedia.org/wiki/Australian_gold_rushes,Notable gold finds that started rushes > 1871–1909: Pine Creek and other finds in the Northern Territory,Notable gold finds that started rushes > 1871–1909: Pine Creek and other finds in the Northern Territory,"Pre-rush gold finds > 1848–1850: Pyrenees Ranges, Victoria",Australian_gold_rushes_SEC_035_SENT_001,Australian_gold_rushes_SEC_035_SENT_002,Australian_gold_rushes_SEC_015_SENT_009,"In June 1909, a rich find of gold was reported from Tanami... Steps are being taken to open up this field by sinking wells to provide permanent water, of which there is a great scarcity in the district.",A large number of Chinese are engaged in mining in the Territory.,"This could perhaps be categorized as the first, though unofficial, gold rush in Victoria, or perhaps the gold rush that was stamped out.",0.5382422208786011,0.6401230692863464,-0.10188084840774536,0
TRIPLET_01116,History,Australian gold rushes,https://en.wikipedia.org/wiki/Australian_gold_rushes,"Notable gold finds that started rushes > June 1851: Warrandyte, Victoria","Notable gold finds that started rushes > June 1851: Warrandyte, Victoria","Notable gold finds that started rushes > July 1851: Clunes, Victoria",Australian_gold_rushes_SEC_020_SENT_014,Australian_gold_rushes_SEC_020_SENT_013,Australian_gold_rushes_SEC_021_SENT_011,"As a result, the Gold Discovery Committee believed that this find was the first publication of the location of the discovery of a goldfield in the Colony of Victoria.","The full particulars of the locality were communicated to the Lieutenant-Governor on 8 July, and a sample was brought to Melbourne and exhibited to the Gold Discovery Committee on 16 July.","Esmond was in 1854 to receive a £1,000 reward (equivalent to A$183,000 in 2022) as ""the first actual producer of alluvial gold for the market"".",0.6636542081832886,0.7445870041847229,-0.08093279600143433,0
TRIPLET_01117,History,Australian gold rushes,https://en.wikipedia.org/wiki/Australian_gold_rushes,"Notable gold finds that started rushes > February 1851: Orange, New South Wales","Notable gold finds that started rushes > February 1851: Orange, New South Wales","Notable gold finds that started rushes > June 1851: Warrandyte, Victoria",Australian_gold_rushes_SEC_018_SENT_006,Australian_gold_rushes_SEC_018_SENT_004,Australian_gold_rushes_SEC_020_SENT_014,There were an estimated 300 diggers in place by 15 May 1851.,This was the first gold rush in Australia.,"As a result, the Gold Discovery Committee believed that this find was the first publication of the location of the discovery of a goldfield in the Colony of Victoria.",0.4430830478668213,0.4204474687576294,0.022635579109191895,1
TRIPLET_01118,History,Australian gold rushes,https://en.wikipedia.org/wiki/Australian_gold_rushes,"Pre-rush gold finds > 1850: Clunes, Victoria","Pre-rush gold finds > 1850: Clunes, Victoria","Pre-rush gold finds > 1849: Woady Yaloak River, Victoria",Australian_gold_rushes_SEC_017_SENT_009,Australian_gold_rushes_SEC_017_SENT_006,Australian_gold_rushes_SEC_016_SENT_005,Communication of this knowledge by Hermann to James Esmond was to result in the discovery by Esmond on 1 July 1851 of payable quantities of alluvial gold at Clunes and lead to the first Victorian gold rush.,Campbell divulged the precise spot where the gold had been found in a letter to Graham dated 5 July 1851.,"The parcel is small,- only 22 pennyweights (1.2 oz; 34 g)], but was obtained by one man in a week from very shallow surfacing.",0.73724365234375,0.3194993734359741,0.4177442789077759,1
TRIPLET_01119,History,Australian gold rushes,https://en.wikipedia.org/wiki/Australian_gold_rushes,"Notable gold finds that started rushes > 1887–1891: Southern Cross, the Pilbara, and other finds in Western Australia > 1888: The Pilbara","Notable gold finds that started rushes > 1887–1891: Southern Cross, the Pilbara, and other finds in Western Australia > 1888: The Pilbara","Pre-rush gold finds > 1849: Woady Yaloak River, Victoria",Australian_gold_rushes_SEC_039_SENT_004,Australian_gold_rushes_SEC_039_SENT_002,Australian_gold_rushes_SEC_016_SENT_002,"Gregory also discovered gold in a region known as Nullagine Proper in June 1888, and Harry Wells found gold in Marble Bar.","The government had offered £1,000 (equivalent to A$321,000 in 2022) reward for the first person to find payable gold in the Pilbara.","– A specimen of this valuable mineral was brought into town yesterday, having been picked up in a locality near the Wardy-yallock River.",0.63408362865448,0.6121153831481934,0.02196824550628662,1
TRIPLET_01120,History,Australian gold rushes,https://en.wikipedia.org/wiki/Australian_gold_rushes,Notable gold finds that started rushes > 1867–1870: Gympie and other finds in Queensland,Notable gold finds that started rushes > 1867–1870: Gympie and other finds in Queensland,Sources and further reading,Australian_gold_rushes_SEC_031_SENT_013,Australian_gold_rushes_SEC_031_SENT_003,Australian_gold_rushes_SEC_045_SENT_014,"In 1868 the mining shanty town which had quickly grown with tents, many small stores and liquor outlets, and was known as ""Nashville"", was also renamed Gympie after the Gympie Creek named from the aboriginal name for a local stinging tree.",Gold was being mined in the state but the number of men involved was only small.,"Industrial archaeology: Future directions (Springer US, 2005) pp.279–298.",0.398387610912323,0.35999423265457153,0.038393378257751465,1
TRIPLET_01121,History,Australian gold rushes,https://en.wikipedia.org/wiki/Australian_gold_rushes,Notable gold finds that started rushes > 1867–1870: Gympie and other finds in Queensland,Notable gold finds that started rushes > 1867–1870: Gympie and other finds in Queensland,"Pre-rush gold finds > 1848–1850: Pyrenees Ranges, Victoria",Australian_gold_rushes_SEC_031_SENT_013,Australian_gold_rushes_SEC_031_SENT_017,Australian_gold_rushes_SEC_015_SENT_004,"In 1868 the mining shanty town which had quickly grown with tents, many small stores and liquor outlets, and was known as ""Nashville"", was also renamed Gympie after the Gympie Creek named from the aboriginal name for a local stinging tree.","Townsville was opened up in 1868, the Gilbert River goldfield (110 km from Georgetown) in 1869, and Etheridge (Georgetown) in 1870.","Alexandre Duchene and Joseph Forrester, both working for Charles Brentani, confirmed the stone contained a total of 38 ounces (1,077 grams) of 90 percent pure gold, and Brentani's wife Ann purchased the stone on behalf of her husband.",0.607299268245697,0.4501485824584961,0.15715068578720093,1
TRIPLET_01122,History,Australian gold rushes,https://en.wikipedia.org/wiki/Australian_gold_rushes,"Notable gold finds that started rushes > September 1851: Bendigo, Victoria","Notable gold finds that started rushes > September 1851: Bendigo, Victoria","Pre-rush gold finds > 1823: Bathurst region, New South Wales",Australian_gold_rushes_SEC_025_SENT_009,Australian_gold_rushes_SEC_025_SENT_046,Australian_gold_rushes_SEC_004_SENT_003,"A monument to this effect was erected by the City of Greater Bendigo beside the Bendigo Creek, Golden Square on 28 September 2001, as part of a commemoration of 150 years of gold in Bendigo.","Just days later, in mid-December 1851 the rush to Bendigo had begun, with a correspondent from Castlemaine for the Geelong Advertiser reported on 16 December 1851 that ""hundreds are on the wing thither (to Bendigo Creek)"".","At this place I found numerous particles of gold convenient to river.""",0.5917213559150696,0.47557225823402405,0.11614909768104553,1
TRIPLET_01123,History,Australian gold rushes,https://en.wikipedia.org/wiki/Australian_gold_rushes,"Pre-rush gold finds > 1840: Lefroy, Tasmania","Pre-rush gold finds > 1840: Lefroy, Tasmania","Notable gold finds that started rushes > September 1851: Bendigo, Victoria",Australian_gold_rushes_SEC_007_SENT_001,Australian_gold_rushes_SEC_007_SENT_002,Australian_gold_rushes_SEC_025_SENT_020,Gold is believed to have been found in Northern Tasmania at The Den (formerly known as Lefroy or Nine Mile Springs) near George Town in 1840 by a convict.,"In the 1880s, this became known as the Lefroy goldfields.",Margaret Kennedy also claimed to have found gold without the help of Mrs Farrell whilst accompanied by her 9-year-old son John Drane.,0.6328866481781006,0.5432624816894531,0.08962416648864746,1
TRIPLET_01124,History,Australian gold rushes,https://en.wikipedia.org/wiki/Australian_gold_rushes,"Notable gold finds that started rushes > 1885: Halls Creek in the Kimberley, Western Australia","Notable gold finds that started rushes > 1885: Halls Creek in the Kimberley, Western Australia","Notable gold finds that started rushes > 1892–1899: Coolgardie, Kalgoorlie, and other finds in Western Australia > 1893–1899: Coolgardie and Kalgoorlie",Australian_gold_rushes_SEC_037_SENT_021,Australian_gold_rushes_SEC_037_SENT_006,Australian_gold_rushes_SEC_043_SENT_001,"When in May 1888 the government considered claims for the reward for discovery of the first payable goldfield, it was decided that the Kimberley goldfield, which had proven disappointing, was insufficient to meet the stipulated conditions of a yield of at least 10,000 troy ounces (310 kg) of gold in a 2-year period passing through Customs or shipped to England, so no reward was paid out.","Once this discovery became known it prompted the Kimberley Rush, the first gold rush in Western Australia.",Other rich fields were found in the area around Coolgardie and Kalgoorlie in the period 1893–1899.,0.5590876340866089,0.2858402729034424,0.2732473611831665,1
TRIPLET_01125,History,Australian gold rushes,https://en.wikipedia.org/wiki/Australian_gold_rushes,"Notable gold finds that started rushes > July 1851: Clunes, Victoria","Notable gold finds that started rushes > July 1851: Clunes, Victoria","Notable gold finds that started rushes > 1887–1891: Southern Cross, the Pilbara, and other finds in Western Australia > 1891: Cue",Australian_gold_rushes_SEC_021_SENT_005,Australian_gold_rushes_SEC_021_SENT_002,Australian_gold_rushes_SEC_040_SENT_001,The long sought treasure is at length found!,"Esmond and his party found the gold after Esmond had been told by George Hermann Bruhn of the gold that had been found in March 1850 on Cameron's property at Clunes, and that in the vicinity were quartz reefs which were likely to bear gold.","Gold was found at Cue in 1891 by Michael Fitzgerald, Edward Heffernan and Tom Cue.",0.4190366268157959,0.4360452890396118,-0.017008662223815918,0
TRIPLET_01126,History,Australian gold rushes,https://en.wikipedia.org/wiki/Australian_gold_rushes,Pre-rush gold finds > 1847: Victoria,Pre-rush gold finds > 1847: Victoria,Pre-rush gold finds > From 1843: Victoria,Australian_gold_rushes_SEC_011_SENT_002,Australian_gold_rushes_SEC_011_SENT_001,Australian_gold_rushes_SEC_009_SENT_001,"In April 1847, a shepherd took a sample of ore about the size of an apple, which he believed to be copper, into the jewellery store of Charles Brentani in Collins Street, Melbourne, where the sample was purchased by an employee, Joseph Forrester, a gold and silver smith.",Gold was found at Port Phillip (Victoria) by a shepherd.,"Beginning in 1843, gold samples were brought several times into the watchmaker's shop of T. J. Thomas in Melbourne by ""bushmen"".",0.6163264513015747,0.7573093175888062,-0.14098286628723145,0
TRIPLET_01127,History,Australian gold rushes,https://en.wikipedia.org/wiki/Australian_gold_rushes,"Notable gold finds that started rushes > 1892–1899: Coolgardie, Kalgoorlie, and other finds in Western Australia > 1893: Kalgoorlie","Notable gold finds that started rushes > 1892–1899: Coolgardie, Kalgoorlie, and other finds in Western Australia > 1893: Kalgoorlie","Notable gold finds that started rushes > 1906: Tarnagulla, Victoria",Australian_gold_rushes_SEC_042_SENT_003,Australian_gold_rushes_SEC_042_SENT_005,Australian_gold_rushes_SEC_044_SENT_005,"Prior to moving to Western Australia in 1889 to prospect for gold Hannan had prospected at Ballarat in Victoria in the 1860s, Otago in New Zealand in the 1870s, and at Teetulpa (north of Yunta) in South Australia in 1886.","As others were camping nearby he kicked a bush over it, took careful note of his bearings, and hastened back to tell Hannan and Dan Shea, another Irishman who had joined them.","The shallow ground was soon worked out, but operations gave satisfactory results in the deeper alluvial until 1912.",0.3889309763908386,0.40540963411331177,-0.016478657722473145,0
TRIPLET_01128,History,Australian gold rushes,https://en.wikipedia.org/wiki/Australian_gold_rushes,"Notable gold finds that started rushes > 1871–1904: Charters Towers, Palmer River, and other finds in Queensland","Notable gold finds that started rushes > 1871–1904: Charters Towers, Palmer River, and other finds in Queensland","Pre-rush gold finds > 1849: Woady Yaloak River, Victoria",Australian_gold_rushes_SEC_034_SENT_005,Australian_gold_rushes_SEC_034_SENT_001,Australian_gold_rushes_SEC_016_SENT_004,"The town of Charters Towers grew to become the second largest town in Queensland during the late 1880s with a population of about 30,000.","A significant Queensland goldfield was discovered at Charters Towers on 24 December 1871 by a young 12-year-old Aboriginal stockman, Jupiter Mosman, and soon moved attention to this area.","One very fine sample of gold has also been received in town during the week from the Wardy Yallock itself, found in the locality where the exploring party of last winter ended their labours.",0.565948486328125,0.5837182998657227,-0.017769813537597656,0
TRIPLET_01129,History,Australian gold rushes,https://en.wikipedia.org/wiki/Australian_gold_rushes,"Pre-rush gold finds > 1840: Lefroy, Tasmania","Pre-rush gold finds > 1840: Lefroy, Tasmania",Notable gold finds that started rushes > 1867–1870: Gympie and other finds in Queensland,Australian_gold_rushes_SEC_007_SENT_002,Australian_gold_rushes_SEC_007_SENT_001,Australian_gold_rushes_SEC_031_SENT_004,"In the 1880s, this became known as the Lefroy goldfields.",Gold is believed to have been found in Northern Tasmania at The Den (formerly known as Lefroy or Nine Mile Springs) near George Town in 1840 by a convict.,"On 8 January 1867, the Queensland Government offered a £3,000 (equivalent to A$952,000 in 2022) reward for the discovery of more payable goldfields in the state.",0.6328866481781006,0.6617425680160522,-0.02885591983795166,0
TRIPLET_01130,History,Australian gold rushes,https://en.wikipedia.org/wiki/Australian_gold_rushes,"Notable gold finds that started rushes > 1871–1904: Charters Towers, Palmer River, and other finds in Queensland","Notable gold finds that started rushes > 1871–1904: Charters Towers, Palmer River, and other finds in Queensland","Pre-rush gold finds > 1850: Clunes, Victoria",Australian_gold_rushes_SEC_034_SENT_007,Australian_gold_rushes_SEC_034_SENT_012,Australian_gold_rushes_SEC_017_SENT_004,This turned out to contain Queensland's richest alluvial deposits.,"Port Douglas dates from 1873, and the Hodgkinson river (west of Cairns) from 1875.","At the time of the find in March 1850, Campbell was in the company of Donald Cameron, Cameron's superintendent, and a friend.",0.40728867053985596,0.33947813510894775,0.0678105354309082,1
TRIPLET_01131,History,Australian gold rushes,https://en.wikipedia.org/wiki/Australian_gold_rushes,"Notable gold finds that started rushes > June 1851: Warrandyte, Victoria","Notable gold finds that started rushes > June 1851: Warrandyte, Victoria","Pre-rush gold finds > 1848: Bathurst, New South Wales",Australian_gold_rushes_SEC_020_SENT_012,Australian_gold_rushes_SEC_020_SENT_010,Australian_gold_rushes_SEC_013_SENT_002,"This gold was shown at the precise spot where it had been found to Webb Richmond, on behalf of the Gold Discovery Committee, on 5 July.",Frencham always claimed to have been the first to find gold in the Plenty Ranges.,Smith sent samples of the gold he found to Murchison.,0.5469280481338501,0.6075232028961182,-0.060595154762268066,0
TRIPLET_01132,History,Australian gold rushes,https://en.wikipedia.org/wiki/Australian_gold_rushes,Notable gold finds that started rushes > 1871–1909: Pine Creek and other finds in the Northern Territory,Notable gold finds that started rushes > 1871–1909: Pine Creek and other finds in the Northern Territory,"Pre-rush gold finds > 1848: Wellington, New South Wales",Australian_gold_rushes_SEC_035_SENT_001,Australian_gold_rushes_SEC_035_SENT_003,Australian_gold_rushes_SEC_012_SENT_002,"In June 1909, a rich find of gold was reported from Tanami... Steps are being taken to open up this field by sinking wells to provide permanent water, of which there is a great scarcity in the district.","In 1908, out of a total of 824 miners employed, the Chinese numbered 674.","The Bathurst Free Press noted, on 25 May 1850, that ""Neither is there any doubt in the fact that Mr M'Gregor found a considerable quantity of the precious metal some years ago, near Mitchell's Creek, and it is surmised he still gets more in the same locality.""",0.41635167598724365,0.6786130666732788,-0.26226139068603516,0
TRIPLET_01133,History,Australian gold rushes,https://en.wikipedia.org/wiki/Australian_gold_rushes,"Pre-rush gold finds > 1848: Bathurst, New South Wales","Pre-rush gold finds > 1848: Bathurst, New South Wales","Notable gold finds that started rushes > August 1851: Buninyong, Victoria",Australian_gold_rushes_SEC_013_SENT_002,Australian_gold_rushes_SEC_013_SENT_001,Australian_gold_rushes_SEC_023_SENT_003,Smith sent samples of the gold he found to Murchison.,William Tipple Smith found gold near Bathurst in 1848.,"Hiscock communicated the find, with its precise locality, to the editor of the Geelong Advertiser on 10 August.",0.6593011617660522,0.477264940738678,0.18203622102737427,1
TRIPLET_01134,History,Australian gold rushes,https://en.wikipedia.org/wiki/Australian_gold_rushes,"Pre-rush gold finds > 1848–1850: Pyrenees Ranges, Victoria","Pre-rush gold finds > 1848–1850: Pyrenees Ranges, Victoria","Notable gold finds that started rushes > June 1851: Warrandyte, Victoria",Australian_gold_rushes_SEC_015_SENT_012,Australian_gold_rushes_SEC_015_SENT_002,Australian_gold_rushes_SEC_020_SENT_018,"In 1850, according to Brentani's wife Ann, the ""gold came down from the country in all directions"".","In December 1848, Chapman came into the jewellery store of Charles Brentani, in Collins Street, Melbourne, with a stone that he had ""held for several months"".",About 300 people were at work on this goldfield before the discovery of Ballarat.,0.5805554389953613,0.6318390369415283,-0.05128359794616699,0
TRIPLET_01135,History,Australian gold rushes,https://en.wikipedia.org/wiki/Australian_gold_rushes,"Notable gold finds that started rushes > 1880: Mt McDonald, New South Wales","Notable gold finds that started rushes > 1880: Mt McDonald, New South Wales",Notable gold finds that started rushes > 1871–1909: Pine Creek and other finds in the Northern Territory,Australian_gold_rushes_SEC_036_SENT_003,Australian_gold_rushes_SEC_036_SENT_002,Australian_gold_rushes_SEC_035_SENT_003,"By the early 1900s, mining declined, and the town slowly faded away.",This find resulted in the establishment of the township of Mt McDonald.,"In 1908, out of a total of 824 miners employed, the Chinese numbered 674.",0.18912634253501892,0.3528600335121155,-0.16373369097709656,0
TRIPLET_01136,History,Australian gold rushes,https://en.wikipedia.org/wiki/Australian_gold_rushes,Sources and further reading,Sources and further reading,"Notable gold finds that started rushes > 1892–1899: Coolgardie, Kalgoorlie, and other finds in Western Australia > 1893–1899: Coolgardie and Kalgoorlie",Australian_gold_rushes_SEC_045_SENT_006,Australian_gold_rushes_SEC_045_SENT_020,Australian_gold_rushes_SEC_043_SENT_004,in Between the Plough and the Pick (2018): 31–61.,Australian Economic History Review 50.2 (2010): 111–128.,"It took more than a century for the population to surpass its gold-frenzied peak when it reached 32,966 in 2013 before declining to 29,068 in August 2021.",0.47693830728530884,0.43284669518470764,0.044091612100601196,1
TRIPLET_01137,History,Australian gold rushes,https://en.wikipedia.org/wiki/Australian_gold_rushes,"Pre-rush gold finds > 1840: Lefroy, Tasmania","Pre-rush gold finds > 1840: Lefroy, Tasmania","Notable gold finds that started rushes > 1857/8: Canoona near Rockhampton, Queensland",Australian_gold_rushes_SEC_007_SENT_001,Australian_gold_rushes_SEC_007_SENT_002,Australian_gold_rushes_SEC_029_SENT_008,Gold is believed to have been found in Northern Tasmania at The Den (formerly known as Lefroy or Nine Mile Springs) near George Town in 1840 by a convict.,"In the 1880s, this became known as the Lefroy goldfields.",O'Connell was in Sydney in July 1858 when he reported to the Government the success of the measures he had initiated for the development of the goldfield which he had discovered.,0.6328866481781006,0.6436814665794373,-0.01079481840133667,0
TRIPLET_01138,History,Australian gold rushes,https://en.wikipedia.org/wiki/Australian_gold_rushes,"Notable gold finds that started rushes > 1892–1899: Coolgardie, Kalgoorlie, and other finds in Western Australia > 1892: Coolgardie","Notable gold finds that started rushes > 1892–1899: Coolgardie, Kalgoorlie, and other finds in Western Australia > 1892: Coolgardie",Pre-rush gold finds > 1848–1884: Pre–gold rush finds in Western Australia,Australian_gold_rushes_SEC_041_SENT_006,Australian_gold_rushes_SEC_041_SENT_004,Australian_gold_rushes_SEC_014_SENT_001,This claim was said to cover an area of five acres (2.0 hectares).,Overnight the miners who were flocked on the Southern Cross diggings moved to the more lucrative Coolgardie Goldfield.,The late Hon A. C. Gregory found traces of gold in quartz in the Bowes River in 1854.,0.12851987779140472,0.3551744818687439,-0.22665460407733917,0
TRIPLET_01139,History,Australian gold rushes,https://en.wikipedia.org/wiki/Australian_gold_rushes,History of discovery,History of discovery,Pre-rush gold finds > 1788: A hoax,Australian_gold_rushes_SEC_001_SENT_004,Australian_gold_rushes_SEC_001_SENT_006,Australian_gold_rushes_SEC_002_SENT_003,"Before the end of the year, the gold rush had spread to many other parts of the state where gold had been found, not just to the west but also to the south and north of Sydney.","These hopefuls, termed diggers, brought new skills and professions, contributing to a burgeoning economy.","For this escapade, Daley was to receive 50 lashes.",0.465119868516922,0.3428110182285309,0.12230885028839111,1
TRIPLET_01140,History,Australian gold rushes,https://en.wikipedia.org/wiki/Australian_gold_rushes,History of discovery,History of discovery,"Pre-rush gold finds > 1848: Bathurst, New South Wales",Australian_gold_rushes_SEC_001_SENT_020,Australian_gold_rushes_SEC_001_SENT_021,Australian_gold_rushes_SEC_013_SENT_003,"Some Chileans who had participated in the California gold rush moved to Australia, and so did the technologies they had introduced to California, such as the Chilean mill, which became common in Australian mining.","Some non-European immigrants, however, were unwelcome, especially the Chinese: The Chinese were particularly industrious, with techniques that differed widely from the Europeans.","Governor FitzRoy visited the Fitzroy Ironworks in late January 1849, and he was presented with ""an elegant knife, containing twelve different instruments, of colonial workmanship, (mounted in colonial gold) the steel of which was smelted from the ore taken from the Fitz Roy mine"".",0.29981285333633423,0.5386034846305847,-0.2387906312942505,0
TRIPLET_01141,History,Australian gold rushes,https://en.wikipedia.org/wiki/Australian_gold_rushes,"Notable gold finds that started rushes > August 1851: Buninyong, Victoria","Notable gold finds that started rushes > August 1851: Buninyong, Victoria",Sources and further reading,Australian_gold_rushes_SEC_023_SENT_002,Australian_gold_rushes_SEC_023_SENT_005,Australian_gold_rushes_SEC_045_SENT_004,"The gold was discovered in a gully in the Buninyong ranges, by a resident of Buninyong, Thomas Hiscock.","Hiscock was in 1854 to receive £1,000 (equivalent to A$183,000 in 2022) reward from the Victorian Gold Discovery Committee as the substantial discoverer of the gold deposits of ""superior value"" in the Ballarat area.",The rush that never ended: a history of Australian mining (Melbourne Univ.,0.6939276456832886,0.6747782230377197,0.019149422645568848,1
TRIPLET_01142,History,Australian gold rushes,https://en.wikipedia.org/wiki/Australian_gold_rushes,"Pre-rush gold finds > 1849: Woady Yaloak River, Victoria","Pre-rush gold finds > 1849: Woady Yaloak River, Victoria","Notable gold finds that started rushes > 1887–1891: Southern Cross, the Pilbara, and other finds in Western Australia > 1887 The Yilgarn and 1888 Southern Cross",Australian_gold_rushes_SEC_016_SENT_001,Australian_gold_rushes_SEC_016_SENT_003,Australian_gold_rushes_SEC_038_SENT_007,The following news item from the Geelong Advertiser of 10 July 1849 shows the attitude of scepticism towards gold finds that were being brought into towns like Geelong during the pre–gold rush period:GOLD.,"Of the identity of the metal there can be no mistake; but whether it was really taken from the spot indicated, or intended merely as a hoax or perhaps a swindle, it is quite impossible, at the present moment, to say.",They soon found and secured another seven more gold-bearing quartz reefs.,0.37231767177581787,0.49320077896118164,-0.12088310718536377,0
TRIPLET_01143,History,Australian gold rushes,https://en.wikipedia.org/wiki/Australian_gold_rushes,"Notable gold finds that started rushes > 1871–1904: Charters Towers, Palmer River, and other finds in Queensland","Notable gold finds that started rushes > 1871–1904: Charters Towers, Palmer River, and other finds in Queensland",Notable gold finds that started rushes > 1851 (undated): Other finds in Victoria,Australian_gold_rushes_SEC_034_SENT_005,Australian_gold_rushes_SEC_034_SENT_003,Australian_gold_rushes_SEC_026_SENT_001,"The town of Charters Towers grew to become the second largest town in Queensland during the late 1880s with a population of about 30,000.","This was a reef-mining area with only a small amount of alluvial gold, and as a result received negative reviews from miners who wanted easier pickings.",Gold was found at Omeo in late 1851 and gold mining continued in the area for many years.,0.3289854824542999,0.6235572099685669,-0.29457172751426697,0
TRIPLET_01144,History,Australian gold rushes,https://en.wikipedia.org/wiki/Australian_gold_rushes,"Pre-rush gold finds > 1840: Lefroy, Tasmania","Pre-rush gold finds > 1840: Lefroy, Tasmania","Notable gold finds that started rushes > 1852 and 1868: Echunga, South Australia",Australian_gold_rushes_SEC_007_SENT_001,Australian_gold_rushes_SEC_007_SENT_002,Australian_gold_rushes_SEC_028_SENT_009,Gold is believed to have been found in Northern Tasmania at The Den (formerly known as Lefroy or Nine Mile Springs) near George Town in 1840 by a convict.,"In the 1880s, this became known as the Lefroy goldfields.",Three police constables were appointed to maintain order and to assist the Gold Commissioner.,0.6328866481781006,0.4162790775299072,0.21660757064819336,1
TRIPLET_01145,History,Australian gold rushes,https://en.wikipedia.org/wiki/Australian_gold_rushes,Sources and further reading,Sources and further reading,"Notable gold finds that started rushes > September 1851: Bendigo, Victoria",Australian_gold_rushes_SEC_045_SENT_001,Australian_gold_rushes_SEC_045_SENT_003,Australian_gold_rushes_SEC_025_SENT_033,"""Decolonising Australian Gold Rush Narratives with Critical Geopolitics.""",Australian Economic History Review 50.2 (2010): 209–216 online.,(The straight-line distance is nearer to 650 yards [590 metres].),0.48361462354660034,0.24183958768844604,0.2417750358581543,1
TRIPLET_01146,History,Australian gold rushes,https://en.wikipedia.org/wiki/Australian_gold_rushes,"Pre-rush gold finds > 1834: Monaro district, New South Wales","Pre-rush gold finds > 1834: Monaro district, New South Wales","Pre-rush gold finds > 1848–1850: Pyrenees Ranges, Victoria",Australian_gold_rushes_SEC_005_SENT_001,Australian_gold_rushes_SEC_005_SENT_002,Australian_gold_rushes_SEC_015_SENT_013,"In 1834, with government help, John Lhotsky travelled to the Monaro district of New South Wales and explored its southern mountains.","On returning to Sydney in that same year, he exhibited specimens that he had collected that contained gold.","She and her husband purchased as much as they could, but had difficulty in supplying the money.",0.577642023563385,0.2012985646724701,0.3763434588909149,1
TRIPLET_01147,History,Australian gold rushes,https://en.wikipedia.org/wiki/Australian_gold_rushes,History of discovery,History of discovery,"Pre-rush gold finds > 1841–1842: Bathurst and Goulburn regions, New South Wales",Australian_gold_rushes_SEC_001_SENT_021,Australian_gold_rushes_SEC_001_SENT_020,Australian_gold_rushes_SEC_008_SENT_001,"Some non-European immigrants, however, were unwelcome, especially the Chinese: The Chinese were particularly industrious, with techniques that differed widely from the Europeans.","Some Chileans who had participated in the California gold rush moved to Australia, and so did the technologies they had introduced to California, such as the Chilean mill, which became common in Australian mining.","The Reverend William Branwhite Clarke found gold on the Coxs River, a location on the road to Bathurst, in 1841.",0.29981285333633423,0.14355748891830444,0.15625536441802979,1
TRIPLET_01148,History,Australian gold rushes,https://en.wikipedia.org/wiki/Australian_gold_rushes,"Pre-rush gold finds > 1841–1842: Bathurst and Goulburn regions, New South Wales","Pre-rush gold finds > 1841–1842: Bathurst and Goulburn regions, New South Wales","Pre-rush gold finds > 1848–1850: Pyrenees Ranges, Victoria",Australian_gold_rushes_SEC_008_SENT_008,Australian_gold_rushes_SEC_008_SENT_007,Australian_gold_rushes_SEC_015_SENT_001,"The same amount (£1,000) was voted by the Victorian Gold Discovery Committee in 1854.","Towards the end of 1853, Clarke was given a grant of £1,000 (equivalent to A$154,000 in 2022) by the New South Wales government for his services in connection with the discovery of gold.","Gold was found in the Pyrenees Ranges in 1848 by a shepherd, Thomas Chapman.",0.8195456266403198,0.5721442103385925,0.2474014163017273,1
TRIPLET_01149,History,Australian gold rushes,https://en.wikipedia.org/wiki/Australian_gold_rushes,"Notable gold finds that started rushes > 1887–1891: Southern Cross, the Pilbara, and other finds in Western Australia > 1891: Cue","Notable gold finds that started rushes > 1887–1891: Southern Cross, the Pilbara, and other finds in Western Australia > 1891: Cue","Pre-rush gold finds > 1846: Castambul, South Australia",Australian_gold_rushes_SEC_040_SENT_001,Australian_gold_rushes_SEC_040_SENT_002,Australian_gold_rushes_SEC_010_SENT_002,"Gold was found at Cue in 1891 by Michael Fitzgerald, Edward Heffernan and Tom Cue.",This became known as the Murchison Rush.,"From the earliest days of the Colony of South Australia, men, including Johannes Menge, the geologist with the South Australian Company, had been seeking gold.",0.5208430290222168,0.6955243349075317,-0.17468130588531494,0
TRIPLET_01150,History,Australian gold rushes,https://en.wikipedia.org/wiki/Australian_gold_rushes,"Notable gold finds that started rushes > 1880: Mt McDonald, New South Wales","Notable gold finds that started rushes > 1880: Mt McDonald, New South Wales",Notable gold finds that started rushes > 1861–1866: Cape River and other finds in Queensland,Australian_gold_rushes_SEC_036_SENT_002,Australian_gold_rushes_SEC_036_SENT_001,Australian_gold_rushes_SEC_030_SENT_003,This find resulted in the establishment of the township of Mt McDonald.,"Donald McDonald and his party discovered two gold-rich quartz reefs at Mount McDonald, as they were prospecting the mountain ranges around Wyangala.","Newspapers of the day, which also warned against a repeat of the Canoona experience of 1858, at the same time as describing lucrative gold-finds reveal that this was only a small gold rush.",0.36515605449676514,0.16828805208206177,0.19686800241470337,1
TRIPLET_01151,History,Eureka Rebellion,https://en.wikipedia.org/wiki/Eureka_Rebellion,Location of Bakery Hill and the Eureka Stockade,Location of Bakery Hill and the Eureka Stockade,Origins in the Victorian gold rush > Protests on the goldfields: 1851–1854 > First gold commissioner arrives in Ballarat,Eureka_Rebellion_SEC_019_SENT_002,Eureka_Rebellion_SEC_019_SENT_007,Eureka_Rebellion_SEC_003_SENT_006,"Reed called for the formation of a committee of citizens to ""beautify the spot, and to preserve the tree stump"" upon which Lalor addressed the assembled rebels during the oath swearing ceremony.","As of 2016, the area was a car park awaiting residential development.",The Forest Creek Monster Meeting took place at Mount Alexander on 15 December 1851.,0.30356231331825256,0.4190753996372223,-0.11551308631896973,0
TRIPLET_01152,History,Eureka Rebellion,https://en.wikipedia.org/wiki/Eureka_Rebellion,Aftermath > Trials for sedition and high treason,Aftermath > Trials for sedition and high treason,Origins in the Victorian gold rush > Protests on the goldfields: 1851–1854 > Bendigo Petition and the Red Ribbon Movement,Eureka_Rebellion_SEC_016_SENT_001,Eureka_Rebellion_SEC_016_SENT_021,Eureka_Rebellion_SEC_004_SENT_030,The first trial relating to the rebellion was a charge of sedition against Henry Seekamp of the Ballarat Times.,"These matters were weighty and more conclusive of proof than a charge of murder, but they left the Crown with an arduous task of convincing the jury that Joseph had acted with such an elevated intent.","4), An Act for the Better Management of the Goldfields, was passed, which, upon receiving royal assent on 1 December, reduced the licence fee to 40 shillings for every three months.",0.48291444778442383,0.5085514783859253,-0.025637030601501465,0
TRIPLET_01153,History,Eureka Rebellion,https://en.wikipedia.org/wiki/Eureka_Rebellion,Popular culture,Popular culture,Origins in the Victorian gold rush > Protests on the goldfields: 1851–1854 > Hotham replaces La Trobe,Eureka_Rebellion_SEC_024_SENT_004,Eureka_Rebellion_SEC_024_SENT_001,Eureka_Rebellion_SEC_006_SENT_002,There have been four motion pictures based on the uprising at Ballarat.,"The Eureka Rebellion has been the inspiration for numerous novels, poems, films, songs, plays and artworks.","He instructed Rede to introduce a strict enforcement system and conduct a weekly cycle of licence hunts, which it was hoped would cause the exodus to the goldfields to be reversed.",0.4469136595726013,0.34340205788612366,0.10351160168647766,1
TRIPLET_01154,History,Eureka Rebellion,https://en.wikipedia.org/wiki/Eureka_Rebellion,Origins in the Victorian gold rush,Origins in the Victorian gold rush,Aftermath > Peter Lalor enters parliament,Eureka_Rebellion_SEC_001_SENT_006,Eureka_Rebellion_SEC_001_SENT_004,Eureka_Rebellion_SEC_018_SENT_005,"In 1851, the Australian population was 430,000.","This led to gold fever taking hold as the colony's population increased from 77,000 in 1851 to 198,496 in 1853.","In the interim, five representatives from the mining settlements were appointed to the old part elected Legislative Council, including Lalor and Hummfray in Ballarat.",0.5517840385437012,0.5322089195251465,0.019575119018554688,1
TRIPLET_01155,History,Eureka Rebellion,https://en.wikipedia.org/wiki/Eureka_Rebellion,Open rebellion > Paramilitary mobilisation and swearing allegiance to the Southern Cross > Fortification of the Eureka lead > Departing detachment of Independent Californian Rangers leaves small garrison behind,Open rebellion > Paramilitary mobilisation and swearing allegiance to the Southern Cross > Fortification of the Eureka lead > Departing detachment of Independent Californian Rangers leaves small garrison behind,Aftermath,Eureka_Rebellion_SEC_013_SENT_012,Eureka_Rebellion_SEC_013_SENT_008,Eureka_Rebellion_SEC_015_SENT_007,"On the eve of the battle, Father Smyth issued a plea for Catholics to down their arms and attend mass the following day.","Their coolness and bravery were admirable when it is considered that the odds were 3 to 1 against"".","News of the battle spread quickly to Melbourne and across the goldfields, turning a perceived government military victory in repressing a minor insurrection into a public relations disaster.",0.1116267740726471,0.4366036653518677,-0.3249768912792206,0
TRIPLET_01156,History,Eureka Rebellion,https://en.wikipedia.org/wiki/Eureka_Rebellion,Aftermath,Aftermath,Tensions escalate > Murder of James Scobie and the burning of the Eureka hotel,Eureka_Rebellion_SEC_015_SENT_010,Eureka_Rebellion_SEC_015_SENT_012,Eureka_Rebellion_SEC_007_SENT_014,Evening thrown into alarm by a volley of musketry fired by the sentries.,"Martial Law proclaimed, Major-General Sir Robert Nickle arrived with a force of 1000 soldiers.",One offered a 500-pound reward for information leading to an arrest in the Scobie murder case.,0.37495630979537964,0.2917383015155792,0.08321800827980042,1
TRIPLET_01157,History,Eureka Rebellion,https://en.wikipedia.org/wiki/Eureka_Rebellion,Popular culture,Popular culture,Origins in the Victorian gold rush > Protests on the goldfields: 1851–1854 > Bendigo Petition and the Red Ribbon Movement,Eureka_Rebellion_SEC_024_SENT_002,Eureka_Rebellion_SEC_024_SENT_001,Eureka_Rebellion_SEC_004_SENT_001,"Much of the Eureka folklore relies heavily on Raffaello Carboni's 1855 book, The Eureka Stockade, which was the first and only comprehensive eyewitness account of the rebellion.","The Eureka Rebellion has been the inspiration for numerous novels, poems, films, songs, plays and artworks.","The disquiet on the goldfields continued in 1853, with public meetings held in Castlemaine, Heathcote and Bendigo.",0.35828012228012085,0.6107665300369263,-0.2524864077568054,0
TRIPLET_01158,History,Eureka Rebellion,https://en.wikipedia.org/wiki/Eureka_Rebellion,Aftermath > Peter Lalor enters parliament,Aftermath > Peter Lalor enters parliament,Open rebellion > Paramilitary mobilisation and swearing allegiance to the Southern Cross > Fortification of the Eureka lead,Eureka_Rebellion_SEC_018_SENT_010,Eureka_Rebellion_SEC_018_SENT_027,Eureka_Rebellion_SEC_011_SENT_014,"(That said, property and later ratepaying franchises and hence 'plural voting' for some persisted: one-person-one-vote was not achieved until 1938 and property qualifications remained until 1950 for the Legislative Council.)",He was briefly Postmaster-General of Victoria from May to July 1877.,These considerations were part of the reasoning behind the decision to move into position in the early morning for a surprise attack.,0.44406890869140625,0.2752726674079895,0.16879624128341675,1
TRIPLET_01159,History,Eureka Rebellion,https://en.wikipedia.org/wiki/Eureka_Rebellion,Origins in the Victorian gold rush,Origins in the Victorian gold rush,Origins in the Victorian gold rush > Protests on the goldfields: 1851–1854 > Legislative Council calls for Commission of Inquiry,Eureka_Rebellion_SEC_001_SENT_009,Eureka_Rebellion_SEC_001_SENT_003,Eureka_Rebellion_SEC_005_SENT_013,"The number of public servants, factory and farm workers leaving for the goldfields to seek their fortune made for chronic labour shortages that needed to be resolved.","In August 1851, the news was received around the world that, on top of several earlier finds, Thomas Hiscock had found still more deposits 3 kilometres (2 mi) west of Buninyong.","Miners were arrested for not carrying licences on their person, as they often left them in their tents due to the typically wet and dirty conditions in the mines, then subjected to such indignities as being chained to trees and logs overnight.",0.42411333322525024,0.6436517238616943,-0.2195383906364441,0
TRIPLET_01160,History,Eureka Rebellion,https://en.wikipedia.org/wiki/Eureka_Rebellion,Commemoration > 21st century,Commemoration > 21st century,Commemoration > 20th century,Eureka_Rebellion_SEC_023_SENT_007,Eureka_Rebellion_SEC_023_SENT_010,Eureka_Rebellion_SEC_022_SENT_012,A ceremony in Ballarat known as the lantern walk was held at dawn.,"In 2014, to mark the 160th anniversary of the Eureka Rebellion, the Australian Flag Society released a commemorative folk cartoon entitled Fall Back with the Eureka Jack that was inspired by the Eureka Jack mystery.","The Eureka Flag was temporarily on display at Sovereign Hill during 1987, while renovation work was being carried out at the Art Gallery of Ballarat.",0.5230588316917419,0.5130994915962219,0.00995934009552002,1
TRIPLET_01161,History,Eureka Rebellion,https://en.wikipedia.org/wiki/Eureka_Rebellion,Tensions escalate > Murder of James Scobie and the burning of the Eureka hotel,Tensions escalate > Murder of James Scobie and the burning of the Eureka hotel,Political legacy,Eureka_Rebellion_SEC_007_SENT_003,Eureka_Rebellion_SEC_007_SENT_012,Eureka_Rebellion_SEC_020_SENT_002,"A colonial inquest found no evidence of culpability by the Bentley Hotel owners for the fatal injuries amid allegations that Magistrate D'Ewes had a conflict of interest presiding over a case involving the prosecution of Bentley, said to be a friend and indebted business partner.","As a large mob approached the government camp, the two men were hurriedly released under their own recognisance.","It has been variously interpreted as a revolt of free men against imperial tyranny, of independent free enterprise against burdensome taxation, of labour against a privileged ruling class, or as an expression of republicanism.",0.47028371691703796,0.42341348528862,0.04687023162841797,1
TRIPLET_01162,History,Eureka Rebellion,https://en.wikipedia.org/wiki/Eureka_Rebellion,Commemoration > 21st century,Commemoration > 21st century,Open rebellion > Paramilitary mobilisation and swearing allegiance to the Southern Cross > Fortification of the Eureka lead,Eureka_Rebellion_SEC_023_SENT_003,Eureka_Rebellion_SEC_023_SENT_011,Eureka_Rebellion_SEC_011_SENT_012,The proposal was criticised by community groups including the Public Transport Users Association.,"In June 2022, the City of Ballarat, in conjunction with Eureka Australia, unveiled a new Pathway of Remembrance at the Eureka Stockade Memorial Park commemorating the ""35 men who lost their lives during the Eureka Stockade in 1854"".",Testimony was heard at the high treason trials for the Eureka rebels that the stockade was four to seven feet high in places and was unable to be negotiated on horseback without being reduced.,0.2042599618434906,0.4006401598453522,-0.19638019800186157,0
TRIPLET_01163,History,Eureka Rebellion,https://en.wikipedia.org/wiki/Eureka_Rebellion,Origins in the Victorian gold rush,Origins in the Victorian gold rush,Origins in the Victorian gold rush > Protests on the goldfields: 1851–1854 > Hotham replaces La Trobe,Eureka_Rebellion_SEC_001_SENT_004,Eureka_Rebellion_SEC_001_SENT_002,Eureka_Rebellion_SEC_006_SENT_001,"This led to gold fever taking hold as the colony's population increased from 77,000 in 1851 to 198,496 in 1853.","Following the separation of Victoria from New South Wales on 1 July 1851, gold prospectors were offered 200 guineas for making discoveries within 320 kilometres (200 mi) of Melbourne.","La Trobe's successor as lieutenant-governor, Sir Charles Hotham, took up his commission in Victoria on 22 June 1854.",0.776991605758667,0.4387454390525818,0.3382461667060852,1
TRIPLET_01164,History,Eureka Rebellion,https://en.wikipedia.org/wiki/Eureka_Rebellion,Origins in the Victorian gold rush > Protests on the goldfields: 1851–1854 > Bendigo Petition and the Red Ribbon Movement,Origins in the Victorian gold rush > Protests on the goldfields: 1851–1854 > Bendigo Petition and the Red Ribbon Movement,Political legacy,Eureka_Rebellion_SEC_004_SENT_028,Eureka_Rebellion_SEC_004_SENT_004,Eureka_Rebellion_SEC_020_SENT_009,"In Ballarat, miners offered to surround the guard tent to protect gold reserves amid rumours of a planned robbery.","A group of one thousand angry miners overran the government camp and relieved the police of their sidearms and weapons, destroying a cache of weapons.","Concerning the legacy of the battle, he stated: I think it may be called the finest thing in Australasian history.",0.48792606592178345,0.39799878001213074,0.08992728590965271,1
TRIPLET_01165,History,Eureka Rebellion,https://en.wikipedia.org/wiki/Eureka_Rebellion,Commemoration > 21st century,Commemoration > 21st century,Open rebellion > Paramilitary mobilisation and swearing allegiance to the Southern Cross > Fortification of the Eureka lead > Vinegar Hill blunder: Irish dimension factors in dwindling numbers at stockade,Eureka_Rebellion_SEC_023_SENT_011,Eureka_Rebellion_SEC_023_SENT_003,Eureka_Rebellion_SEC_012_SENT_002,"In June 2022, the City of Ballarat, in conjunction with Eureka Australia, unveiled a new Pathway of Remembrance at the Eureka Stockade Memorial Park commemorating the ""35 men who lost their lives during the Eureka Stockade in 1854"".",The proposal was criticised by community groups including the Public Transport Users Association.,Peter FitzSimons has questioned whether this contemporaneous report of the otherwise unaccounted-for Union Jack known as the Eureka Jack being present is accurate.,0.2042599618434906,0.28554341197013855,-0.08128345012664795,0
TRIPLET_01166,History,Eureka Rebellion,https://en.wikipedia.org/wiki/Eureka_Rebellion,Commemoration > 19th century,Commemoration > 19th century,Tensions escalate > Ballarat Reform League meetings,Eureka_Rebellion_SEC_021_SENT_026,Eureka_Rebellion_SEC_021_SENT_011,Eureka_Rebellion_SEC_008_SENT_013,"When it opened in Melbourne, the exhibition was an instant hit.","A soldiers' memorial was constructed in 1879, an obelisk constructed of limestone sourced from Waurn Ponds with the words ""Victoria"" and ""Duty"" carved in its north and south faces, respectively.","Notes to the royal commissioners had already been made on 6 November, where Hotham stated his opposition to an export duty on gold replacing the universal mining tax.",0.18276368081569672,0.37868228554725647,-0.19591860473155975,0
TRIPLET_01167,History,Eureka Rebellion,https://en.wikipedia.org/wiki/Eureka_Rebellion,Origins in the Victorian gold rush > Protests on the goldfields: 1851–1854 > Legislative Council calls for Commission of Inquiry,Origins in the Victorian gold rush > Protests on the goldfields: 1851–1854 > Legislative Council calls for Commission of Inquiry,Tensions escalate > Ballarat Reform League meetings,Eureka_Rebellion_SEC_005_SENT_001,Eureka_Rebellion_SEC_005_SENT_011,Eureka_Rebellion_SEC_008_SENT_005,La Trobe decided to cancel the September 1853 mining tax collections.,Subsequent offences were punishable by months of hard labour.,"It was at this time the Union Jack became a national flag while being ""inscribed with slogans as a protest flag of the Chartist movement in the nineteenth century"".",0.2485714554786682,0.5365474224090576,-0.2879759669303894,0
TRIPLET_01168,History,Eureka Rebellion,https://en.wikipedia.org/wiki/Eureka_Rebellion,Open rebellion > Battle of the Eureka Stockade,Open rebellion > Battle of the Eureka Stockade,Popular culture,Eureka_Rebellion_SEC_014_SENT_005,Eureka_Rebellion_SEC_014_SENT_019,Eureka_Rebellion_SEC_024_SENT_007,"The 40th regiment provided covering fire from one end, with mounted police covering the flanks.","In his report, Captain Thomas states that one soldier was killed in action, two died of wounds, and fourteen were wounded.","The folk song German Teddy concerns Edward Thonen, one of the rebels who dies defending the Eureka Stockade.",0.3951263427734375,0.24885396659374237,0.14627237617969513,1
TRIPLET_01169,History,Eureka Rebellion,https://en.wikipedia.org/wiki/Eureka_Rebellion,Origins in the Victorian gold rush > Protests on the goldfields: 1851–1854 > Hotham replaces La Trobe,Origins in the Victorian gold rush > Protests on the goldfields: 1851–1854 > Hotham replaces La Trobe,Aftermath > Trials for sedition and high treason,Eureka_Rebellion_SEC_006_SENT_001,Eureka_Rebellion_SEC_006_SENT_003,Eureka_Rebellion_SEC_016_SENT_010,"La Trobe's successor as lieutenant-governor, Sir Charles Hotham, took up his commission in Victoria on 22 June 1854.","In August 1854, Hotham and his wife were received in Ballarat during a tour of the Victorian goldfields.","Formerly chief of parliamentary reporting for The Argus before returning to practice, he was elected to the Legislative Assembly in the wake of the Eureka trials.",0.67730313539505,0.6753674745559692,0.0019356608390808105,1
TRIPLET_01170,History,Eureka Rebellion,https://en.wikipedia.org/wiki/Eureka_Rebellion,Open rebellion > Battle of the Eureka Stockade,Open rebellion > Battle of the Eureka Stockade,Aftermath,Eureka_Rebellion_SEC_014_SENT_009,Eureka_Rebellion_SEC_014_SENT_002,Eureka_Rebellion_SEC_015_SENT_010,"In his memoirs, one of Lalor's captains, John Lynch, mentions ""some sharp shooting"".","The police and military had the element of surprise and timed their assault on the stockade for dawn on Sunday, the Christian Sabbath day of rest.",Evening thrown into alarm by a volley of musketry fired by the sentries.,0.3972165584564209,0.5031961798667908,-0.10597962141036987,0
TRIPLET_01171,History,Eureka Rebellion,https://en.wikipedia.org/wiki/Eureka_Rebellion,Tensions escalate > Ballarat Reform League meetings,Tensions escalate > Ballarat Reform League meetings,Open rebellion > Paramilitary mobilisation and swearing allegiance to the Southern Cross > Fortification of the Eureka lead > Vinegar Hill blunder: Irish dimension factors in dwindling numbers at stockade,Eureka_Rebellion_SEC_008_SENT_003,Eureka_Rebellion_SEC_008_SENT_017,Eureka_Rebellion_SEC_012_SENT_020,"(Several other reform league leaders, including George Black, Henry Holyoake, and Tom Kennedy, are also believed to have been Chartists.)","Rede told one deputation that their campaign against ""The licence is a mere cloak to cover a democratic revolution"", and the day before the battle reported to the chief gold commissioner that the government forces stood ready to ""crush them and the democratic agitation at one blow"".","There is another theory advanced by Gregory Blake, military historian and author of Eureka Stockade: A Ferocious and Bloody Battle, who concedes that two flags may have been flown on the day of the battle, as the miners were claiming to be defending their British rights.",0.32134124636650085,0.5604049563407898,-0.23906370997428894,0
TRIPLET_01172,History,Eureka Rebellion,https://en.wikipedia.org/wiki/Eureka_Rebellion,Tensions escalate > Ballarat Reform League meetings,Tensions escalate > Ballarat Reform League meetings,Commemoration > 20th century,Eureka_Rebellion_SEC_008_SENT_023,Eureka_Rebellion_SEC_008_SENT_014,Eureka_Rebellion_SEC_022_SENT_003,Father Smyth informed Rede in confidence that he believed the miners might be about to march on the government outpost.,"W. C. Haines MLC was to be the chairman, serving alongside lawmakers John Fawkner, John O'Shanassy, William Westgarth, as well as chief gold commissioner William Wright.","The crowd heard from several speakers, including Ballarat-born Richard Crouch MP, who ""was not at all satisfied that the necessity for revolt had at all ended; in fact, he rather advocated a revolt against conventionalism and political cant"".",0.5253680944442749,0.4713052809238434,0.05406281352043152,1
TRIPLET_01173,History,Eureka Rebellion,https://en.wikipedia.org/wiki/Eureka_Rebellion,Origins in the Victorian gold rush > Protests on the goldfields: 1851–1854 > First gold commissioner arrives in Ballarat,Origins in the Victorian gold rush > Protests on the goldfields: 1851–1854 > First gold commissioner arrives in Ballarat,Commemoration > 19th century,Eureka_Rebellion_SEC_003_SENT_003,Eureka_Rebellion_SEC_003_SENT_002,Eureka_Rebellion_SEC_021_SENT_030,"In Ballarat, some miners became so agitated that they began to gather arms.","At the beginning of December, there was discontent when it was announced that the licence fee would be raised to 3 pounds a month, a 200 per cent increase, effective 1 January 1852.","Eventually, it was dismantled and disappeared from sight.",0.44729703664779663,0.2238919585943222,0.22340507805347443,1
TRIPLET_01174,History,Eureka Rebellion,https://en.wikipedia.org/wiki/Eureka_Rebellion,Origins in the Victorian gold rush > Protests on the goldfields: 1851–1854 > La Trobe introduces monthly mining tax as protests begin,Origins in the Victorian gold rush > Protests on the goldfields: 1851–1854 > La Trobe introduces monthly mining tax as protests begin,Aftermath,Eureka_Rebellion_SEC_002_SENT_005,Eureka_Rebellion_SEC_002_SENT_003,Eureka_Rebellion_SEC_015_SENT_005,"From the outset, there was a division between the ""moral force"" activists who favoured lawful, peaceful and democratic means and those who advocated ""physical force"", with some in attendance suggesting that the miners take up arms against the lieutenant governor, who was irreverently viewed as a feather-wearing, effeminate fop.",There were several mass public meetings and miners' delegations in the years leading up to the armed revolt.,It was around this time that a number of unprovoked shots were fired from the government camp toward the diggings.,0.39366060495376587,0.5083959102630615,-0.11473530530929565,0
TRIPLET_01175,History,Eureka Rebellion,https://en.wikipedia.org/wiki/Eureka_Rebellion,Tensions escalate > Ballarat Reform League meetings,Tensions escalate > Ballarat Reform League meetings,Aftermath,Eureka_Rebellion_SEC_008_SENT_009,Eureka_Rebellion_SEC_008_SENT_006,Eureka_Rebellion_SEC_015_SENT_024,"The meeting passed a resolution ""that it is the inalienable right of every citizen to have a voice in making the laws he is called on to obey, that taxation without representation is tyranny"".",The Ballarat Reform League charter was inspired by the charter ratified at the 1839 Chartist National Convention held in London.,Foster had acted as the temporary administrator of Victoria during the transition from La Trobe to Hotham.,0.33783629536628723,0.329091340303421,0.008744955062866211,1
TRIPLET_01176,History,Eureka Rebellion,https://en.wikipedia.org/wiki/Eureka_Rebellion,Location of Bakery Hill and the Eureka Stockade,Location of Bakery Hill and the Eureka Stockade,Aftermath,Eureka_Rebellion_SEC_019_SENT_001,Eureka_Rebellion_SEC_019_SENT_006,Eureka_Rebellion_SEC_015_SENT_025,"In 1931, R. S. Reed claimed that ""an old tree stump on the south side of Victoria Street, near Humffray Street, is the historic tree at which the pioneer diggers gathered in the days before the Eureka Stockade to discuss their grievances against the officialdom of the time"".","A 2015 report commissioned by the City of Ballarat found that given documentary evidence and its elevation, the most likely location of the oath swearing ceremony is 29 St. Paul's Way, Bakery Hill.","As colonial secretary to the lieutenant governor, he rigorously enforced the mining licence requirement amid the colony's budget and labour crisis.",0.5459877252578735,0.48999345302581787,0.055994272232055664,1
TRIPLET_01177,History,Eureka Rebellion,https://en.wikipedia.org/wiki/Eureka_Rebellion,Tensions escalate > Escalating violence as military convoy looted,Tensions escalate > Escalating violence as military convoy looted,Commemoration > 20th century,Eureka_Rebellion_SEC_009_SENT_005,Eureka_Rebellion_SEC_009_SENT_004,Eureka_Rebellion_SEC_022_SENT_016,"By the beginning of December, the police contingent at Ballarat had been surpassed by the number of soldiers from the 12th and 40th regiments.","As they moved alongside where the Eureka Stockade was about to be erected, members of the convoy were attacked by a mob looking to loot the wagons.","Designed to be a new landmark for Ballarat, it was known as the Eureka Stockade Centre and then the Eureka Centre.",0.28145477175712585,0.35439226031303406,-0.0729374885559082,0
TRIPLET_01178,History,Eureka Rebellion,https://en.wikipedia.org/wiki/Eureka_Rebellion,Open rebellion > Paramilitary mobilisation and swearing allegiance to the Southern Cross > Fortification of the Eureka lead > Vinegar Hill blunder: Irish dimension factors in dwindling numbers at stockade,Open rebellion > Paramilitary mobilisation and swearing allegiance to the Southern Cross > Fortification of the Eureka lead > Vinegar Hill blunder: Irish dimension factors in dwindling numbers at stockade,Tensions escalate > Escalating violence as military convoy looted,Eureka_Rebellion_SEC_012_SENT_002,Eureka_Rebellion_SEC_012_SENT_023,Eureka_Rebellion_SEC_009_SENT_002,Peter FitzSimons has questioned whether this contemporaneous report of the otherwise unaccounted-for Union Jack known as the Eureka Jack being present is accurate.,I saw some of the 40th wounded lying on the ground but I cannot say that it was before the fire on both sides.,A further detachment of the 40th (2nd Somersetshire) Regiment of Foot arrived a few days behind.,0.42862629890441895,0.2813136577606201,0.14731264114379883,1
TRIPLET_01179,History,Eureka Rebellion,https://en.wikipedia.org/wiki/Eureka_Rebellion,Origins in the Victorian gold rush > Protests on the goldfields: 1851–1854 > Legislative Council calls for Commission of Inquiry,Origins in the Victorian gold rush > Protests on the goldfields: 1851–1854 > Legislative Council calls for Commission of Inquiry,Commemoration > 19th century,Eureka_Rebellion_SEC_005_SENT_010,Eureka_Rebellion_SEC_005_SENT_014,Eureka_Rebellion_SEC_021_SENT_004,"Plainclothes officers enforced prohibition, and those involved in the illegal sale of alcohol were initially handed £50 fines.","The impost was most felt by a greater number of miners, who were finding the mining tax untenable without any more significant gold discoveries.","On 22 March 1856, a diggers' memorial was erected in the Ballaarat Old Cemetery near marked graves.",0.5708935260772705,0.28826043009757996,0.28263309597969055,1
TRIPLET_01180,History,Eureka Rebellion,https://en.wikipedia.org/wiki/Eureka_Rebellion,Aftermath > Peter Lalor enters parliament,Aftermath > Peter Lalor enters parliament,Commemoration > 21st century,Eureka_Rebellion_SEC_018_SENT_009,Eureka_Rebellion_SEC_018_SENT_030,Eureka_Rebellion_SEC_023_SENT_001,Universal adult male suffrage was then introduced in 1857 for Legislative Assembly elections.,Lalor twice refused to accept the highest Imperial honour of a British knighthood.,"In 2004, the 150th anniversary of the Eureka Stockade was commemorated.",0.33783239126205444,0.49096977710723877,-0.15313738584518433,0
TRIPLET_01181,History,Eureka Rebellion,https://en.wikipedia.org/wiki/Eureka_Rebellion,Open rebellion > Paramilitary mobilisation and swearing allegiance to the Southern Cross > Fortification of the Eureka lead > Departing detachment of Independent Californian Rangers leaves small garrison behind,Open rebellion > Paramilitary mobilisation and swearing allegiance to the Southern Cross > Fortification of the Eureka lead > Departing detachment of Independent Californian Rangers leaves small garrison behind,Open rebellion > Paramilitary mobilisation and swearing allegiance to the Southern Cross > Fortification of the Eureka lead > Vinegar Hill blunder: Irish dimension factors in dwindling numbers at stockade,Eureka_Rebellion_SEC_013_SENT_008,Eureka_Rebellion_SEC_013_SENT_007,Eureka_Rebellion_SEC_012_SENT_019,"Their coolness and bravery were admirable when it is considered that the odds were 3 to 1 against"".","According to Lalor's reckoning: ""There were about 70 men possessing guns, 30 with pikes and 30 with pistols, but many had no more than one or two rounds of ammunition.","Blainey has advanced the view that the white cross of the Eureka Flag is ""really an Irish cross rather than being [a] configuration of the Southern Cross"".",0.28594309091567993,0.3816720247268677,-0.09572893381118774,0
TRIPLET_01182,History,Eureka Rebellion,https://en.wikipedia.org/wiki/Eureka_Rebellion,Tensions escalate > Ballarat Reform League meetings,Tensions escalate > Ballarat Reform League meetings,Popular culture,Eureka_Rebellion_SEC_008_SENT_023,Eureka_Rebellion_SEC_008_SENT_004,Eureka_Rebellion_SEC_024_SENT_001,Father Smyth informed Rede in confidence that he believed the miners might be about to march on the government outpost.,"It was reported by the Ballarat Times that at the appointed hour, the ""Union Jack and the American ensign were hoisted as signals for the people to assemble"".","The Eureka Rebellion has been the inspiration for numerous novels, poems, films, songs, plays and artworks.",0.6173678636550903,0.23676997423171997,0.38059788942337036,1
TRIPLET_01183,History,Eureka Rebellion,https://en.wikipedia.org/wiki/Eureka_Rebellion,Commemoration > 19th century,Commemoration > 19th century,Origins in the Victorian gold rush > Protests on the goldfields: 1851–1854 > La Trobe introduces monthly mining tax as protests begin,Eureka_Rebellion_SEC_021_SENT_017,Eureka_Rebellion_SEC_021_SENT_009,Eureka_Rebellion_SEC_002_SENT_002,It appears there were no further gatherings at the Eureka Stockade Monument until the 50th-anniversary commemorations in 1904.,The soldiers were buried in the same cemetery as the rebels.,"The universal mining tax was based on time stayed rather than what was seen as the more equitable option, an export duty levied only on gold found, meaning it was always designed to make life unprofitable for most prospectors.",0.33946794271469116,0.3735288381576538,-0.034060895442962646,0
TRIPLET_01184,History,Eureka Rebellion,https://en.wikipedia.org/wiki/Eureka_Rebellion,Aftermath > Peter Lalor enters parliament,Aftermath > Peter Lalor enters parliament,Tensions escalate > Ballarat Reform League meetings,Eureka_Rebellion_SEC_018_SENT_028,Eureka_Rebellion_SEC_018_SENT_005,Eureka_Rebellion_SEC_008_SENT_021,Lalor served as the speaker from 1880 and 1887.,"In the interim, five representatives from the mining settlements were appointed to the old part elected Legislative Council, including Lalor and Hummfray in Ballarat.","One week later, a reform league delegation, including Humffray, met with Hotham, Stawell and Foster to negotiate the release of the three Eureka Hotel rioters.",0.5451050400733948,0.4375286102294922,0.10757642984390259,1
TRIPLET_01185,History,Eureka Rebellion,https://en.wikipedia.org/wiki/Eureka_Rebellion,Aftermath,Aftermath,Aftermath > Trials for sedition and high treason,Eureka_Rebellion_SEC_015_SENT_017,Eureka_Rebellion_SEC_015_SENT_028,Eureka_Rebellion_SEC_016_SENT_019,It is very probable from the humane & temperate course he is taking that he will establish himself in the goodwill of the people.,"Newspapers in the colony characterised it as a brutal overuse of force, in a situation brought about by the actions of government officials, and public condemnation became insurmountable.","As Molony points out, the legality of putting a foreign national on trial for treason had been settled as far back as 1649.",0.1827719658613205,0.2532394826412201,-0.0704675167798996,0
TRIPLET_01186,History,Eureka Rebellion,https://en.wikipedia.org/wiki/Eureka_Rebellion,Commemoration > 20th century,Commemoration > 20th century,Open rebellion > Battle of the Eureka Stockade,Eureka_Rebellion_SEC_022_SENT_009,Eureka_Rebellion_SEC_022_SENT_018,Eureka_Rebellion_SEC_014_SENT_011,Catholic Church affiliates also endorsed a Eureka centenary supplement with commemorative events.,Before its development there was considerable debate over whether a replica or reconstruction of wooden structures was appropriate.,"Blake says this is ""stark evidence of the effectiveness of the defender's fire"".",0.3374541997909546,0.35367459058761597,-0.016220390796661377,0
TRIPLET_01187,History,Eureka Rebellion,https://en.wikipedia.org/wiki/Eureka_Rebellion,Tensions escalate > Ballarat Reform League meetings,Tensions escalate > Ballarat Reform League meetings,Open rebellion > Paramilitary mobilisation and swearing allegiance to the Southern Cross > Fortification of the Eureka lead,Eureka_Rebellion_SEC_008_SENT_005,Eureka_Rebellion_SEC_008_SENT_002,Eureka_Rebellion_SEC_011_SENT_026,"It was at this time the Union Jack became a national flag while being ""inscribed with slogans as a protest flag of the Chartist movement in the nineteenth century"".","At this meeting, the Ballarat Reform League was formally established under the chairmanship of Chartist John Humffray.","The rebels continued to fortify their position as 300-400 men arrived from Creswick's Creek, and Carboni recalls they were: ""dirty and ragged, and proved the greatest nuisance.",0.587209939956665,0.48580092191696167,0.10140901803970337,1
TRIPLET_01188,History,Eureka Rebellion,https://en.wikipedia.org/wiki/Eureka_Rebellion,Location of Bakery Hill and the Eureka Stockade,Location of Bakery Hill and the Eureka Stockade,Aftermath > Peter Lalor enters parliament,Eureka_Rebellion_SEC_019_SENT_008,Eureka_Rebellion_SEC_019_SENT_004,Eureka_Rebellion_SEC_018_SENT_027,"As the materials used by the rebels to fortify the Eureka lead were quickly removed and the landscape altered by mining, the exact location of the Eureka Stockade is unknown.","The spot is adjacent to Eureka, which is famed alike for the stockade fight and for the fact that the Welcome Nugget.",He was briefly Postmaster-General of Victoria from May to July 1877.,0.40814998745918274,0.3173956573009491,0.09075433015823364,1
TRIPLET_01189,History,Eureka Rebellion,https://en.wikipedia.org/wiki/Eureka_Rebellion,Open rebellion > Paramilitary mobilisation and swearing allegiance to the Southern Cross,Open rebellion > Paramilitary mobilisation and swearing allegiance to the Southern Cross,Origins in the Victorian gold rush > Protests on the goldfields: 1851–1854 > Legislative Council calls for Commission of Inquiry,Eureka_Rebellion_SEC_010_SENT_007,Eureka_Rebellion_SEC_010_SENT_010,Eureka_Rebellion_SEC_005_SENT_013,There was further rioting where objects were thrown at military and law enforcement by the protesting miners who had refused to cooperate with licence inspections en masse.,"He then called for volunteers to step forward and be sworn into companies, and rebel captains to be appointed.","Miners were arrested for not carrying licences on their person, as they often left them in their tents due to the typically wet and dirty conditions in the mines, then subjected to such indignities as being chained to trees and logs overnight.",0.3571370244026184,0.7913784980773926,-0.43424147367477417,0
TRIPLET_01190,History,Eureka Rebellion,https://en.wikipedia.org/wiki/Eureka_Rebellion,Origins in the Victorian gold rush > Protests on the goldfields: 1851–1854 > La Trobe introduces monthly mining tax as protests begin,Origins in the Victorian gold rush > Protests on the goldfields: 1851–1854 > La Trobe introduces monthly mining tax as protests begin,Aftermath > Commission of Inquiry report,Eureka_Rebellion_SEC_002_SENT_002,Eureka_Rebellion_SEC_002_SENT_005,Eureka_Rebellion_SEC_017_SENT_002,"The universal mining tax was based on time stayed rather than what was seen as the more equitable option, an export duty levied only on gold found, meaning it was always designed to make life unprofitable for most prospectors.","From the outset, there was a division between the ""moral force"" activists who favoured lawful, peaceful and democratic means and those who advocated ""physical force"", with some in attendance suggesting that the miners take up arms against the lieutenant governor, who was irreverently viewed as a feather-wearing, effeminate fop.",The first Ballarat session was held four days later at Bath's Hotel.,0.6434298157691956,0.15508469939231873,0.48834511637687683,1
TRIPLET_01191,History,Eureka Rebellion,https://en.wikipedia.org/wiki/Eureka_Rebellion,Origins in the Victorian gold rush > Protests on the goldfields: 1851–1854 > Legislative Council calls for Commission of Inquiry,Origins in the Victorian gold rush > Protests on the goldfields: 1851–1854 > Legislative Council calls for Commission of Inquiry,Commemoration > 21st century,Eureka_Rebellion_SEC_005_SENT_010,Eureka_Rebellion_SEC_005_SENT_014,Eureka_Rebellion_SEC_023_SENT_005,"Plainclothes officers enforced prohibition, and those involved in the illegal sale of alcohol were initially handed £50 fines.","The impost was most felt by a greater number of miners, who were finding the mining tax untenable without any more significant gold discoveries.","Bracks stated that the change would resonate with Victorians because the Southern Cross ""stands for democracy and freedom because it flew over the Eureka Stockade"".",0.5708935260772705,0.29544857144355774,0.27544495463371277,1
TRIPLET_01192,History,Eureka Rebellion,https://en.wikipedia.org/wiki/Eureka_Rebellion,Aftermath > Trials for sedition and high treason,Aftermath > Trials for sedition and high treason,Aftermath > Peter Lalor enters parliament,Eureka_Rebellion_SEC_016_SENT_004,Eureka_Rebellion_SEC_016_SENT_001,Eureka_Rebellion_SEC_018_SENT_003,"During Seekamp's absence, Clara served as editor of the Ballarat Times.",The first trial relating to the rebellion was a charge of sedition against Henry Seekamp of the Ballarat Times.,"In July 1855, the Victorian Constitution received royal assent, which provided for a fully elected bicameral parliament, with a new Legislative Assembly of 60 seats and a reformed Legislative Council of 30 seats.",0.46186888217926025,0.3313838243484497,0.13048505783081055,1
TRIPLET_01193,History,Eureka Rebellion,https://en.wikipedia.org/wiki/Eureka_Rebellion,Popular culture,Popular culture,Tensions escalate > Ballarat Reform League meetings,Eureka_Rebellion_SEC_024_SENT_005,Eureka_Rebellion_SEC_024_SENT_004,Eureka_Rebellion_SEC_008_SENT_010,"The first was Eureka Stockade, a 1907 silent film, the second feature film produced in Australia.",There have been four motion pictures based on the uprising at Ballarat.,The meeting resolved to secede from the United Kingdom if the situation did not improve.,0.4835662543773651,0.2405998706817627,0.24296638369560242,1
TRIPLET_01194,History,Eureka Rebellion,https://en.wikipedia.org/wiki/Eureka_Rebellion,Commemoration > 21st century,Commemoration > 21st century,Location of Bakery Hill and the Eureka Stockade,Eureka_Rebellion_SEC_023_SENT_011,Eureka_Rebellion_SEC_023_SENT_005,Eureka_Rebellion_SEC_019_SENT_004,"In June 2022, the City of Ballarat, in conjunction with Eureka Australia, unveiled a new Pathway of Remembrance at the Eureka Stockade Memorial Park commemorating the ""35 men who lost their lives during the Eureka Stockade in 1854"".","Bracks stated that the change would resonate with Victorians because the Southern Cross ""stands for democracy and freedom because it flew over the Eureka Stockade"".","The spot is adjacent to Eureka, which is famed alike for the stockade fight and for the fact that the Welcome Nugget.",0.38409119844436646,0.3414726257324219,0.04261857271194458,1
TRIPLET_01195,History,Eureka Rebellion,https://en.wikipedia.org/wiki/Eureka_Rebellion,Open rebellion > Battle of the Eureka Stockade,Open rebellion > Battle of the Eureka Stockade,Location of Bakery Hill and the Eureka Stockade,Eureka_Rebellion_SEC_014_SENT_006,Eureka_Rebellion_SEC_014_SENT_008,Eureka_Rebellion_SEC_019_SENT_005,Enemy contact began at approximately 150 yards as the two columns of regular infantry and the contingent of foot police moved into position.,"According to Gregory Blake, the fighting in Ballarat on 3 December 1854 was not one-sided and full of indiscriminate murder by the colonial forces.","(sold for £10,500) was discovered in 1858 within a stone's throw of it"".",0.35425540804862976,0.4174897074699402,-0.06323429942131042,0
TRIPLET_01196,History,Eureka Rebellion,https://en.wikipedia.org/wiki/Eureka_Rebellion,Commemoration > 21st century,Commemoration > 21st century,Origins in the Victorian gold rush > Protests on the goldfields: 1851–1854 > First gold commissioner arrives in Ballarat,Eureka_Rebellion_SEC_023_SENT_009,Eureka_Rebellion_SEC_023_SENT_005,Eureka_Rebellion_SEC_003_SENT_008,"The Eureka Tower in Melbourne, completed in 2006, is named in honour of the rebellion and features symbolic aspects such as blue glass and white stripes in reference to both the Eureka Flag and a surveyor's measuring staff and a crown of gold glass with a red stripe to represent the blood spilled on the goldfields.","Bracks stated that the change would resonate with Victorians because the Southern Cross ""stands for democracy and freedom because it flew over the Eureka Stockade"".","According to high-end estimates, up to 20,000 miners turned out in a massive display of support for repealing the mining tax.",0.5227043628692627,0.541941225528717,-0.019236862659454346,0
TRIPLET_01197,History,Eureka Rebellion,https://en.wikipedia.org/wiki/Eureka_Rebellion,Location of Bakery Hill and the Eureka Stockade,Location of Bakery Hill and the Eureka Stockade,Open rebellion > Paramilitary mobilisation and swearing allegiance to the Southern Cross,Eureka_Rebellion_SEC_019_SENT_003,Eureka_Rebellion_SEC_019_SENT_006,Eureka_Rebellion_SEC_010_SENT_012,"It was also reported the stump ""has been securely fenced in, and the enclosed area is to be planted with floriferous trees.","A 2015 report commissioned by the City of Ballarat found that given documentary evidence and its elevation, the most likely location of the oath swearing ceremony is 29 St. Paul's Way, Bakery Hill.","In a dispatch dated 20 December 1854, Hotham reported: ""The disaffected miners ... held a meeting whereat the Australian flag of independence was solemnly consecrated and vows offered for its defence"".",0.4110269546508789,0.30619052052497864,0.10483643412590027,1
TRIPLET_01198,History,Eureka Rebellion,https://en.wikipedia.org/wiki/Eureka_Rebellion,Open rebellion > Paramilitary mobilisation and swearing allegiance to the Southern Cross,Open rebellion > Paramilitary mobilisation and swearing allegiance to the Southern Cross,Origins in the Victorian gold rush > Protests on the goldfields: 1851–1854 > Bendigo Petition and the Red Ribbon Movement,Eureka_Rebellion_SEC_010_SENT_005,Eureka_Rebellion_SEC_010_SENT_003,Eureka_Rebellion_SEC_004_SENT_001,"and Fredrick Vern, who was accused of abandoning the garrison four days later as soon as the danger arrived, with suspicions of being a double agent.",The Eureka Flag was flown there for the first time.,"The disquiet on the goldfields continued in 1853, with public meetings held in Castlemaine, Heathcote and Bendigo.",0.2236226201057434,0.5256633758544922,-0.3020407557487488,0
TRIPLET_01199,History,Eureka Rebellion,https://en.wikipedia.org/wiki/Eureka_Rebellion,Commemoration > 19th century,Commemoration > 19th century,Open rebellion > Paramilitary mobilisation and swearing allegiance to the Southern Cross > Fortification of the Eureka lead > Vinegar Hill blunder: Irish dimension factors in dwindling numbers at stockade,Eureka_Rebellion_SEC_021_SENT_026,Eureka_Rebellion_SEC_021_SENT_010,Eureka_Rebellion_SEC_012_SENT_011,"When it opened in Melbourne, the exhibition was an instant hit.","In August 1872, the area surrounding the soldiers' graves was enclosed with a fence.",There was a false alarm from the picket line during the night.,0.22090885043144226,0.296090692281723,-0.07518184185028076,0
TRIPLET_01200,History,Eureka Rebellion,https://en.wikipedia.org/wiki/Eureka_Rebellion,Tensions escalate > Escalating violence as military convoy looted,Tensions escalate > Escalating violence as military convoy looted,Political legacy,Eureka_Rebellion_SEC_009_SENT_001,Eureka_Rebellion_SEC_009_SENT_005,Eureka_Rebellion_SEC_020_SENT_004,Foot police reinforcements arrived in Ballarat on 19 October 1854.,"By the beginning of December, the police contingent at Ballarat had been surpassed by the number of soldiers from the 12th and 40th regiments.",Others maintain that Eureka was a seminal event and that it marked a major change in the course of Australian history.,0.5106191635131836,0.37699806690216064,0.13362109661102295,1
