triplet_id,category,article,article_url,anchor_section,positive_section,negative_section,anchor_sentence_id,positive_sentence_id,negative_sentence_id,anchor,positive,negative,similarity_anchor_positive,similarity_anchor_negative,margin,correct
TRIPLET_00735,Sport,Rugby league in Australia,https://en.wikipedia.org/wiki/Rugby_league_in_Australia,Variants > OzTag,Variants > OzTag,History > 21st century,Rugby_league_in_Australia_SEC_015_SENT_002,Rugby_league_in_Australia_SEC_015_SENT_004,Rugby_league_in_Australia_SEC_002_SENT_006,Cronulla Sharks and St George Dragons halfback Perry Haddock introduced the sport in Australia while coaching the 1992 St George Jersey Flegg side.,"Today, it is played by over 200,000 players in organised leagues across the country.","The newly formed independent Australian Rugby League Commission took over control of the National Rugby League premiership, the State of Origin series and the Australian national team.",0.30940404534339905,0.7715970873832703,-0.4621930420398712,0
TRIPLET_01189,History,Eureka Rebellion,https://en.wikipedia.org/wiki/Eureka_Rebellion,Open rebellion > Paramilitary mobilisation and swearing allegiance to the Southern Cross,Open rebellion > Paramilitary mobilisation and swearing allegiance to the Southern Cross,Origins in the Victorian gold rush > Protests on the goldfields: 1851–1854 > Legislative Council calls for Commission of Inquiry,Eureka_Rebellion_SEC_010_SENT_007,Eureka_Rebellion_SEC_010_SENT_010,Eureka_Rebellion_SEC_005_SENT_013,There was further rioting where objects were thrown at military and law enforcement by the protesting miners who had refused to cooperate with licence inspections en masse.,"He then called for volunteers to step forward and be sworn into companies, and rebel captains to be appointed.","Miners were arrested for not carrying licences on their person, as they often left them in their tents due to the typically wet and dirty conditions in the mines, then subjected to such indignities as being chained to trees and logs overnight.",0.3571370244026184,0.7913784980773926,-0.43424147367477417,0
TRIPLET_01105,History,Australian gold rushes,https://en.wikipedia.org/wiki/Australian_gold_rushes,"Pre-rush gold finds > 1848–1850: Pyrenees Ranges, Victoria","Pre-rush gold finds > 1848–1850: Pyrenees Ranges, Victoria",Sources and further reading,Australian_gold_rushes_SEC_015_SENT_002,Australian_gold_rushes_SEC_015_SENT_010,Australian_gold_rushes_SEC_045_SENT_003,"In December 1848, Chapman came into the jewellery store of Charles Brentani, in Collins Street, Melbourne, with a stone that he had ""held for several months"".",The story was then dismissed by some of the press as a hoax.,Australian Economic History Review 50.2 (2010): 209–216 online.,0.129230335354805,0.5302847027778625,-0.40105436742305756,0
TRIPLET_00068,Cities,Melbourne,https://en.wikipedia.org/wiki/Melbourne,Economy,Economy,Demographics,Melbourne_SEC_016_SENT_004,Melbourne_SEC_016_SENT_012,Melbourne_SEC_018_SENT_002,"The city is home to Australia's second-busiest seaport, after Port Botany in Sydney.","It is also home to a wide variety of other manufacturers, ranging from petrochemicals and pharmaceuticals to fashion garments, paper manufacturing and food processing.","After a trend of declining population density since World War II, the city has seen increased density in the inner and western suburbs, aided in part by Victorian Government planning, such as Postcode 3000 and Melbourne 2030, which have aimed to curtail urban sprawl.",0.12752589583396912,0.5218169689178467,-0.39429107308387756,0
TRIPLET_00500,Landmarks,Sydney Harbour Bridge,https://en.wikipedia.org/wiki/Sydney_Harbour_Bridge,History > Early proposals,History > Early proposals,Celebrations > 50th Anniversary celebrations,Sydney_Harbour_Bridge_SEC_004_SENT_012,Sydney_Harbour_Bridge_SEC_004_SENT_011,Sydney_Harbour_Bridge_SEC_017_SENT_002,However due to an economic downturn and a change of government at the 1904 NSW State election construction never began.,"The selection board were unanimous, commenting that, ""The structural lines are correct and in true proportion, and... the outline is graceful"".","For the first time since its opening in 1932, the bridge was closed to most vehicles with the exception of vintage vehicles, and pedestrians were allowed full access for the day.",0.03552723675966263,0.42183616757392883,-0.3863089308142662,0
TRIPLET_00819,Wildlife,Kangaroo,https://en.wikipedia.org/wiki/Kangaroo,Biology and behaviour > Adaptations,Biology and behaviour > Adaptations,Biology and behaviour > Diet,Kangaroo_SEC_009_SENT_001,Kangaroo_SEC_009_SENT_007,Kangaroo_SEC_005_SENT_006,"Kangaroos have developed a number of adaptations to a dry, infertile country and highly variable climate.",It is usually fed by its mother until reaching 18 months.,Smaller species of kangaroos also consume hypogeal fungi.,0.20785591006278992,0.5843071937561035,-0.3764512836933136,0
TRIPLET_01042,History,History of Australia,https://en.wikipedia.org/wiki/History_of_Australia,Historiography,Historiography,World War II > Defence policy in the 1930s,History_of_Australia_SEC_057_SENT_008,History_of_Australia_SEC_057_SENT_016,History_of_Australia_SEC_034_SENT_009,Brian Fitzpatrick published a series of histories from 1939 to 1941 which sought to demonstrate the exploitative nature of Britain's economic relationship with Australia and the role of the labour movement in a struggle for social justice and economic independence.,Others explored the history of those marginalised because of their sexuality or ethnicity.,"Gavin Long argues that the Labor opposition urged greater national self-reliance through a build-up of manufacturing and more emphasis on the Army and RAAF, as Chief of the General Staff, John Lavarack also advocated.",0.34686028957366943,0.7195244431495667,-0.3726641535758972,0
TRIPLET_00801,Wildlife,Kangaroo,https://en.wikipedia.org/wiki/Kangaroo,Emblems and popular culture,Emblems and popular culture,Interaction with humans > Collisions with vehicles,Kangaroo_SEC_015_SENT_001,Kangaroo_SEC_015_SENT_012,Kangaroo_SEC_014_SENT_007,The kangaroo is a recognisable symbol of Australia.,"Kangaroos are featured in the Rolf Harris song ""Tie Me Kangaroo Down, Sport"" and several Christmas carols.","As a result, ""kangaroo crossing"" signs are commonplace in Australia.",0.48123711347579956,0.8509061932563782,-0.3696690797805786,0
TRIPLET_00201,Universities,Macquarie University,https://en.wikipedia.org/wiki/Macquarie_University,Student life > Residential colleges,Student life > Residential colleges,Academic profile > Museums and collections,Macquarie_University_SEC_023_SENT_006,Macquarie_University_SEC_023_SENT_002,Macquarie_University_SEC_013_SENT_003,It has over 900 rooms in mostly townhouse-style buildings north of the campus.,The colleges both offer academic support as well as a range of social and sporting activities in a communal environment.,"The most visible collection on campus is the sculpture park, which is exhibited across the entire campus; at close to 100 sculptures on display, it is the largest park of its kind in the Southern Hemisphere.",0.17468230426311493,0.5407016277313232,-0.3660193234682083,0
TRIPLET_00273,Universities,University of Sydney,https://en.wikipedia.org/wiki/University_of_Sydney,Governance and structure > Finances and endowment,Governance and structure > Finances and endowment,Controversies > Sexual harassment,University_of_Sydney_SEC_012_SENT_001,University_of_Sydney_SEC_012_SENT_002,University_of_Sydney_SEC_023_SENT_003,The university has the highest annual revenues of any Australian university.,It also has received a number of significant bequests and legacies over its history.,This is less than the 2017 Australian Human Rights Commission report on sexual assault and harassment which found reported figures substantially higher than this.,0.2569214999675751,0.6151505708694458,-0.3582290709018707,0
TRIPLET_01088,History,Federation of Australia,https://en.wikipedia.org/wiki/Federation_of_Australia,Early calls for federation,Early calls for federation,Early calls for federation > Early opposition,Federation_of_Australia_SEC_001_SENT_012,Federation_of_Australia_SEC_001_SENT_009,Federation_of_Australia_SEC_003_SENT_002,"The committee reported in favour of a federal assembly being established, but the government changed in the meantime, and the question was shelved.","This assembly was proposed to legislate on intercolonial matters, including tariffs, railways, lighthouses, penal settlements, gold and the mail.","Politicians, particularly those from the smaller colonies, disliked the very idea of delegating power to a national government; they feared that any such government would inevitably be dominated by the more populous New South Wales and Victoria.",0.3274949789047241,0.6706994771957397,-0.3432044982910156,0
TRIPLET_00414,Landmarks,Sydney Opera House,https://en.wikipedia.org/wiki/Sydney_Opera_House,History > Reconciliation with Utzon; building refurbishment,History > Reconciliation with Utzon; building refurbishment,Archival holdings,Sydney_Opera_House_SEC_014_SENT_015,Sydney_Opera_House_SEC_014_SENT_010,Sydney_Opera_House_SEC_021_SENT_001,The tapestry was bought at auction by the Sydney Opera House in June 2015.,New escalators and a public lift enabled enhanced access for the disabled and families with prams.,"NRS 12825 – Competition drawings submitted by Jørn Utzon to the Opera House Committee, 1956.",0.23369541764259338,0.564429521560669,-0.33073410391807556,0
TRIPLET_00760,Sport,Tennis in Australia,https://en.wikipedia.org/wiki/Tennis_in_Australia,Highest ranked players > Top 10 Ranked Players,Highest ranked players > Top 10 Ranked Players,Lower Tier Tournaments > ITF Tour,Tennis_in_Australia_SEC_005_SENT_001,Tennis_in_Australia_SEC_005_SENT_002,Tennis_in_Australia_SEC_004_SENT_002,The lists include Australian players who have had a ranking inside the ATP or WTA top 10.,The rankings were introduced in 1973 (men) and 1975 (women).,These tournaments serve as entry level events for the ATP and WTA tours and offer points and prize money.,0.36358046531677246,0.6930133104324341,-0.3294328451156616,0
TRIPLET_00784,Sport,Tennis in Australia,https://en.wikipedia.org/wiki/Tennis_in_Australia,Highest ranked players > Top 10 Ranked Players,Highest ranked players > Top 10 Ranked Players,History,Tennis_in_Australia_SEC_005_SENT_001,Tennis_in_Australia_SEC_005_SENT_002,Tennis_in_Australia_SEC_001_SENT_001,The lists include Australian players who have had a ranking inside the ATP or WTA top 10.,The rankings were introduced in 1973 (men) and 1975 (women).,"In the 1950s, Australia became a tennis power, and Australian men won the Davis Cup 15 times from 1950 to 1967, led by outstanding players such as Frank Sedgman, Ken Rosewall, Lew Hoad, Roy Emerson, and Ashley Cooper.",0.36358046531677246,0.6900640726089478,-0.3264836072921753,0
TRIPLET_01155,History,Eureka Rebellion,https://en.wikipedia.org/wiki/Eureka_Rebellion,Open rebellion > Paramilitary mobilisation and swearing allegiance to the Southern Cross > Fortification of the Eureka lead > Departing detachment of Independent Californian Rangers leaves small garrison behind,Open rebellion > Paramilitary mobilisation and swearing allegiance to the Southern Cross > Fortification of the Eureka lead > Departing detachment of Independent Californian Rangers leaves small garrison behind,Aftermath,Eureka_Rebellion_SEC_013_SENT_012,Eureka_Rebellion_SEC_013_SENT_008,Eureka_Rebellion_SEC_015_SENT_007,"On the eve of the battle, Father Smyth issued a plea for Catholics to down their arms and attend mass the following day.","Their coolness and bravery were admirable when it is considered that the odds were 3 to 1 against"".","News of the battle spread quickly to Melbourne and across the goldfields, turning a perceived government military victory in repressing a minor insurrection into a public relations disaster.",0.1116267740726471,0.4366036653518677,-0.3249768912792206,0
TRIPLET_00814,Wildlife,Kangaroo,https://en.wikipedia.org/wiki/Kangaroo,Interaction with humans,Interaction with humans,Biology and behaviour > Reproduction and life cycle,Kangaroo_SEC_012_SENT_013,Kangaroo_SEC_012_SENT_006,Kangaroo_SEC_011_SENT_004,Only two reliably documented cases of a fatality from a kangaroo attack have occurred in Australia.,"European settlers cut down forests to create vast grasslands for sheep and cattle grazing, added stock watering points in arid areas, and have substantially reduced the number of dingoes.","Even in the largest kangaroo species (the red kangaroo), the neonate emerges after only 33 days.",0.29529061913490295,0.6154477596282959,-0.32015714049339294,0
TRIPLET_00329,Universities,University of Melbourne,https://en.wikipedia.org/wiki/University_of_Melbourne,Academic profile > Galleries and exhibitions > Noel Shaw Gallery,Academic profile > Galleries and exhibitions > Noel Shaw Gallery,Academic profile > Museums and archives > Medical History Museum,University_of_Melbourne_SEC_033_SENT_001,University_of_Melbourne_SEC_033_SENT_003,University_of_Melbourne_SEC_029_SENT_001,The Noel Shaw Gallery is located within the Baillieu Library at the university's Parkville campus.,"Each year two exhibitions are presented in the Noel Shaw Gallery, which focus on the opportunities for curriculum engagement.",The Medical History Museum is located within the Brownless Biomedical Library at the university's Parkville campus.,0.48368069529533386,0.8001450896263123,-0.3164643943309784,0
TRIPLET_00448,Landmarks,Sydney Opera House,https://en.wikipedia.org/wiki/Sydney_Opera_House,Archival holdings,Archival holdings,History > Origins of the project > Site selection,Sydney_Opera_House_SEC_021_SENT_001,Sydney_Opera_House_SEC_021_SENT_002,Sydney_Opera_House_SEC_003_SENT_001,"NRS 12825 – Competition drawings submitted by Jørn Utzon to the Opera House Committee, 1956.",Held by New South Wales State Archives and Records.,"Planning began in the late 1940s when Eugene Goossens, the Chief Conductor of the Sydney Symphony Orchestra and Director of the New South Wales State Conservatorium of Music, lobbied for a suitable venue for opera and orchestral performance.",0.3715561032295227,0.6791800856590271,-0.3076239824295044,0
TRIPLET_01198,History,Eureka Rebellion,https://en.wikipedia.org/wiki/Eureka_Rebellion,Open rebellion > Paramilitary mobilisation and swearing allegiance to the Southern Cross,Open rebellion > Paramilitary mobilisation and swearing allegiance to the Southern Cross,Origins in the Victorian gold rush > Protests on the goldfields: 1851–1854 > Bendigo Petition and the Red Ribbon Movement,Eureka_Rebellion_SEC_010_SENT_005,Eureka_Rebellion_SEC_010_SENT_003,Eureka_Rebellion_SEC_004_SENT_001,"and Fredrick Vern, who was accused of abandoning the garrison four days later as soon as the danger arrived, with suspicions of being a double agent.",The Eureka Flag was flown there for the first time.,"The disquiet on the goldfields continued in 1853, with public meetings held in Castlemaine, Heathcote and Bendigo.",0.2236226201057434,0.5256633758544922,-0.3020407557487488,0
TRIPLET_01143,History,Australian gold rushes,https://en.wikipedia.org/wiki/Australian_gold_rushes,"Notable gold finds that started rushes > 1871–1904: Charters Towers, Palmer River, and other finds in Queensland","Notable gold finds that started rushes > 1871–1904: Charters Towers, Palmer River, and other finds in Queensland",Notable gold finds that started rushes > 1851 (undated): Other finds in Victoria,Australian_gold_rushes_SEC_034_SENT_005,Australian_gold_rushes_SEC_034_SENT_003,Australian_gold_rushes_SEC_026_SENT_001,"The town of Charters Towers grew to become the second largest town in Queensland during the late 1880s with a population of about 30,000.","This was a reef-mining area with only a small amount of alluvial gold, and as a result received negative reviews from miners who wanted easier pickings.",Gold was found at Omeo in late 1851 and gold mining continued in the area for many years.,0.3289854824542999,0.6235572099685669,-0.29457172751426697,0
TRIPLET_00530,Landmarks,Uluru,https://en.wikipedia.org/wiki/Uluru,History > Arrival of Europeans (1870s),History > Arrival of Europeans (1870s),Geology,Uluru_SEC_003_SENT_001,Uluru_SEC_003_SENT_008,Uluru_SEC_011_SENT_005,Europeans arrived in the Australian Western Desert in the 1870s.,"Competition for these resources created conflict between the two groups, resulting in more frequent police patrols.","For the purpose of mapping and describing the geological history of the area, geologists refer to the rock strata making up Uluru as the Mutitjulu Arkose, and it is one of many sedimentary formations filling the Amadeus Basin.",0.05563713237643242,0.35015299916267395,-0.29451586678624153,0
TRIPLET_01011,History,History of Australia,https://en.wikipedia.org/wiki/History_of_Australia,Reform and reaction (1972–1996) > Fraser government (1975–83),Reform and reaction (1972–1996) > Fraser government (1975–83),Post-war boom > Indigenous assimilation and child removal,History_of_Australia_SEC_044_SENT_013,History_of_Australia_SEC_044_SENT_006,History_of_Australia_SEC_040_SENT_007,"An international recession, the collapse of the resources boom and a severe drought in eastern Australia saw unemployment rise.","In foreign policy, the government continued Labor's friendly relations with China and Indonesia, repaired the frayed relationship with the US and opposed white minority rule in South Africa and Rhodesia.","In 1997, the Human Rights and Equal Opportunity Commission estimated that between 10 per cent and one-third of Aboriginal children had been removed from their families from 1910 to 1970.",0.300663560628891,0.593908965587616,-0.293245404958725,0
TRIPLET_00441,Landmarks,Sydney Opera House,https://en.wikipedia.org/wiki/Sydney_Opera_House,History > Design development and construction timeline > Stage I: Podium,History > Design development and construction timeline > Stage I: Podium,History > Design development and construction timeline > Stage II: Roof,Sydney_Opera_House_SEC_006_SENT_001,Sydney_Opera_House_SEC_006_SENT_003,Sydney_Opera_House_SEC_007_SENT_021,"Stage I started on 2 March 1959 with the construction firm Civil & Civic, monitored by the engineers Ove Arup & Partners.",But Utzon had still not completed the final designs.,The tiles themselves were manufactured by the Swedish company Höganäs Keramik.,0.123328298330307,0.4160686731338501,-0.2927403748035431,0
TRIPLET_00750,Sport,Rugby league in Australia,https://en.wikipedia.org/wiki/Rugby_league_in_Australia,Variants,Variants,Variants > Touch,Rugby_league_in_Australia_SEC_013_SENT_001,Rugby_league_in_Australia_SEC_013_SENT_002,Rugby_league_in_Australia_SEC_014_SENT_007,"Three main variant sports of rugby league are played in Australia; Touch, OzTag, and League tag.","As can be seen above, total rugby league participation including Variants is well over 1.5 million (1 million touch alone).",Top level competitions include the NRL Touch Premiership and the National Touch League.,0.417402446269989,0.7087687253952026,-0.2913662791252136,0
TRIPLET_00973,Wildlife,Tasmanian devil,https://en.wikipedia.org/wiki/Tasmanian_devil,Conservation status > Devil facial tumour disease,Conservation status > Devil facial tumour disease,Ecology and behaviour > Reproduction,Tasmanian_devil_SEC_012_SENT_011,Tasmanian_devil_SEC_012_SENT_001,Tasmanian_devil_SEC_007_SENT_035,"Long-term monitoring at replicated sites will be essential to assess whether these effects remain, or whether populations can recover.","First seen in 1996 in Mount William in northeastern Tasmania, devil facial tumour disease (DFTD) has ravaged Tasmania's wild devils, and estimates of the impact range from 20% to as much as an 80% decline in the devil population, with over 65% of the state affected.","The fur growing process starts at the snout and proceeds back through the body, although the tail attains fur before the rump, which is the last part of the body to become covered.",0.09964600205421448,0.38768717646598816,-0.2880411744117737,0
TRIPLET_01167,History,Eureka Rebellion,https://en.wikipedia.org/wiki/Eureka_Rebellion,Origins in the Victorian gold rush > Protests on the goldfields: 1851–1854 > Legislative Council calls for Commission of Inquiry,Origins in the Victorian gold rush > Protests on the goldfields: 1851–1854 > Legislative Council calls for Commission of Inquiry,Tensions escalate > Ballarat Reform League meetings,Eureka_Rebellion_SEC_005_SENT_001,Eureka_Rebellion_SEC_005_SENT_011,Eureka_Rebellion_SEC_008_SENT_005,La Trobe decided to cancel the September 1853 mining tax collections.,Subsequent offences were punishable by months of hard labour.,"It was at this time the Union Jack became a national flag while being ""inscribed with slogans as a protest flag of the Chartist movement in the nineteenth century"".",0.2485714554786682,0.5365474224090576,-0.2879759669303894,0
TRIPLET_00791,Sport,Tennis in Australia,https://en.wikipedia.org/wiki/Tennis_in_Australia,Broadcasting > Australian Open,Broadcasting > Australian Open,Lower Tier Tournaments > ATP Challenger Tour,Tennis_in_Australia_SEC_006_SENT_001,Tennis_in_Australia_SEC_006_SENT_008,Tennis_in_Australia_SEC_002_SENT_002,"From 1973 until 2018, the Australian Open was broadcast in Australia on the Seven Network.","Furthermore, all matches, on all courts are available to stream for free through Nine's live stream, video on demand and catch-up TV service 9Now with matches also available without commercials and on demand through Nine's subscription sports streaming service Stan Sport.","These tournaments offer up to 175 rankings points with five Challenger events currently held in Australia, Canberra in the first week of the tour, back-to-back events in Burnie, Tasmania in the fortnight following the Australian Open and in Playford, South Australia then Sydney, New South Wales in the fortnight following the ATP Tour's Asian Swing.",0.3645419776439667,0.6462183594703674,-0.28167638182640076,0
TRIPLET_01035,History,History of Australia,https://en.wikipedia.org/wiki/History_of_Australia,Reform and reaction (1972–1996) > Whitlam government (1972–75),Reform and reaction (1972–1996) > Whitlam government (1972–75),World War II > Australian home front,History_of_Australia_SEC_043_SENT_014,History_of_Australia_SEC_043_SENT_010,History_of_Australia_SEC_036_SENT_017,"After Labor was re-elected with a reduced majority at elections in May 1974, the Senate remained an obstacle to its political agenda.",One of the first acts of the Whitlam government was to establish a Royal Commission into land rights in the Northern Territory under Justice Woodward.,"From having few front line aircraft in 1939, the RAAF had become the fourth largest allied Air force by 1945.",0.2907699644565582,0.5709986686706543,-0.28022870421409607,0
TRIPLET_00876,Wildlife,Koala,https://en.wikipedia.org/wiki/Koala,Taxonomy > Evolution,Taxonomy > Evolution,Taxonomy > Genetics and variations,Koala_SEC_003_SENT_007,Koala_SEC_003_SENT_008,Koala_SEC_004_SENT_003,"Like the modern species, prehistoric koalas had well developed ear structures, which suggests that they also made long-distance vocalisations and had a relatively inactive lifestyle.","During the Miocene, the Australian continent began drying out, leading to the decline of rainforests and the spread of open Eucalyptus woodlands.","The Queensland koala is the smallest, with silver or grey short hairs and a shorter skull.",0.3273133635520935,0.6030442714691162,-0.2757309079170227,0
TRIPLET_00450,Landmarks,Sydney Opera House,https://en.wikipedia.org/wiki/Sydney_Opera_House,History > Opening,History > Opening,History > Utzon and his resignation,Sydney_Opera_House_SEC_013_SENT_004,Sydney_Opera_House_SEC_013_SENT_001,Sydney_Opera_House_SEC_012_SENT_009,"Utzon was in fact invited, but he declined in order to avoid the controversy over his dismissal overshadowing the event; and while the Queen's speech did not mention Utzon (or any other involved architect), Premier Askin did credit him.","The Sydney Opera House was formally opened by Queen Elizabeth II, on 20 October 1973.","The building was unique, and the problems with the design issues and cost increases were exacerbated by commencement of work before the completion of the final plans.",0.20519033074378967,0.4794667065143585,-0.27427637577056885,0
TRIPLET_00464,Landmarks,Sydney Harbour Bridge,https://en.wikipedia.org/wiki/Sydney_Harbour_Bridge,History > Official opening ceremony,History > Official opening ceremony,Celebrations > 50th Anniversary celebrations,Sydney_Harbour_Bridge_SEC_007_SENT_007,Sydney_Harbour_Bridge_SEC_007_SENT_008,Sydney_Harbour_Bridge_SEC_017_SENT_003,The intruder was identified as Francis de Groot.,"He was convicted of offensive behaviour and fined £5 after a psychiatric test proved he was sane, but this verdict was reversed on appeal.","The celebrations were attended by Edward Judge, who represented Dorman Long.",0.28125208616256714,0.5510445237159729,-0.26979243755340576,0
TRIPLET_00592,Landmarks,Great Barrier Reef,https://en.wikipedia.org/wiki/Great_Barrier_Reef,Environmental threats > Shipping,Environmental threats > Shipping,Human use,Great_Barrier_Reef_SEC_013_SENT_004,Great_Barrier_Reef_SEC_013_SENT_002,Great_Barrier_Reef_SEC_017_SENT_008,"On 3 April 2010, the bulk coal carrier Shen Neng 1 ran aground on Douglas Shoals, spilling up to four tonnes of oil into the water and causing extensive damage to the reef.","Although the route through the Great Barrier Reef is not easy, reef pilots consider it safer than outside the reef in the event of mechanical failure, since a ship can sit safely while being repaired.",The Queensland Museum has led archaeological digs to wreck of Pandora since 1983.,0.2623986005783081,0.5316355228424072,-0.2692369222640991,0
TRIPLET_00591,Landmarks,Great Barrier Reef,https://en.wikipedia.org/wiki/Great_Barrier_Reef,Human use > Dugong hunting,Human use > Dugong hunting,Protection and preservation: Reef 2050 plan > Conservation Policy: Reef 2050 Water Quality Improvement Plan,Great_Barrier_Reef_SEC_022_SENT_002,Great_Barrier_Reef_SEC_022_SENT_001,Great_Barrier_Reef_SEC_016_SENT_003,"Four traditional owners groups agreed to cease the hunting of dugongs in the area in 2011 due to their declining numbers, partially accelerated by seagrass damage from Cyclone Yasi.","Under the Native Title Act 1993, native title holders retain the right to legally hunt dugongs and green turtles for ""personal, domestic or non-commercial communal needs"".","Threats such as ocean acidification, pollution runoff and outbreaks of destructive species like the crown-of-thorns starfish have brought about the decline of this ecosystem.",0.4273190498352051,0.695776104927063,-0.2684570550918579,0
TRIPLET_00851,Wildlife,Koala,https://en.wikipedia.org/wiki/Koala,Conservation,Conservation,Behaviour and ecology > Social life,Koala_SEC_014_SENT_016,Koala_SEC_014_SENT_013,Koala_SEC_008_SENT_022,One of the biggest anthropogenic threats to the koala is habitat destruction and fragmentation.,"Koala furs were used to make rugs, coat linings, muffs, and on women's garment trimmings.",Agonistic behaviour typically consists of quarrels between individuals who are trying to pass each other on a tree.,0.24357987940311432,0.5112282037734985,-0.2676483243703842,0
TRIPLET_00823,Wildlife,Kangaroo,https://en.wikipedia.org/wiki/Kangaroo,Interaction with humans,Interaction with humans,Biology and behaviour > Blindness,Kangaroo_SEC_012_SENT_007,Kangaroo_SEC_012_SENT_010,Kangaroo_SEC_010_SENT_005,This overabundance has led to the view that the kangaroo is a pest animal as well as requiring regular culling and other forms of management.,"In 2003, Lulu, an eastern grey which had been hand-reared, saved a farmer's life by alerting family members to his location when he was injured by a falling tree branch.",Australian authorities were concerned the disease could spread to other livestock and possibly humans.,0.4036470651626587,0.6710837483406067,-0.267436683177948,0
TRIPLET_01132,History,Australian gold rushes,https://en.wikipedia.org/wiki/Australian_gold_rushes,Notable gold finds that started rushes > 1871–1909: Pine Creek and other finds in the Northern Territory,Notable gold finds that started rushes > 1871–1909: Pine Creek and other finds in the Northern Territory,"Pre-rush gold finds > 1848: Wellington, New South Wales",Australian_gold_rushes_SEC_035_SENT_001,Australian_gold_rushes_SEC_035_SENT_003,Australian_gold_rushes_SEC_012_SENT_002,"In June 1909, a rich find of gold was reported from Tanami... Steps are being taken to open up this field by sinking wells to provide permanent water, of which there is a great scarcity in the district.","In 1908, out of a total of 824 miners employed, the Chinese numbered 674.","The Bathurst Free Press noted, on 25 May 1850, that ""Neither is there any doubt in the fact that Mr M'Gregor found a considerable quantity of the precious metal some years ago, near Mitchell's Creek, and it is surmised he still gets more in the same locality.""",0.41635167598724365,0.6786130666732788,-0.26226139068603516,0
TRIPLET_00733,Sport,Rugby league in Australia,https://en.wikipedia.org/wiki/Rugby_league_in_Australia,Media coverage,Media coverage,History > 21st century,Rugby_league_in_Australia_SEC_019_SENT_006,Rugby_league_in_Australia_SEC_019_SENT_003,Rugby_league_in_Australia_SEC_002_SENT_007,"Formerly, the official publication for the NRL was Big League, however, production was suspended in 2020 due to the effects of the COVID-19 pandemic in Australia, and hasn't been renewed since.","All premiership games are broadcast on television, either free-to-air or cable.","A 2013 report found that behind cricket, rugby league was Australia's second-most popular sport.",0.23828570544719696,0.4911467432975769,-0.25286103785037994,0
TRIPLET_01157,History,Eureka Rebellion,https://en.wikipedia.org/wiki/Eureka_Rebellion,Popular culture,Popular culture,Origins in the Victorian gold rush > Protests on the goldfields: 1851–1854 > Bendigo Petition and the Red Ribbon Movement,Eureka_Rebellion_SEC_024_SENT_002,Eureka_Rebellion_SEC_024_SENT_001,Eureka_Rebellion_SEC_004_SENT_001,"Much of the Eureka folklore relies heavily on Raffaello Carboni's 1855 book, The Eureka Stockade, which was the first and only comprehensive eyewitness account of the rebellion.","The Eureka Rebellion has been the inspiration for numerous novels, poems, films, songs, plays and artworks.","The disquiet on the goldfields continued in 1853, with public meetings held in Castlemaine, Heathcote and Bendigo.",0.35828012228012085,0.6107665300369263,-0.2524864077568054,0
TRIPLET_00748,Sport,Rugby league in Australia,https://en.wikipedia.org/wiki/Rugby_league_in_Australia,Governing body > State based governing bodies,Governing body > State based governing bodies,History > 21st century,Rugby_league_in_Australia_SEC_004_SENT_005,Rugby_league_in_Australia_SEC_004_SENT_001,Rugby_league_in_Australia_SEC_002_SENT_005,"However, the NSWRL absorbed the CRL in 2019.","At state level, the game is administered by local governing bodies under the control of the ARLC.",2012 saw a major re-structure of the administration of rugby league in Australia.,0.2573486268520355,0.5069280862808228,-0.24957945942878723,0
TRIPLET_00789,Sport,Tennis in Australia,https://en.wikipedia.org/wiki/Tennis_in_Australia,Broadcasting > Wimbledon,Broadcasting > Wimbledon,Broadcasting > ATP Tour Events,Tennis_in_Australia_SEC_008_SENT_004,Tennis_in_Australia_SEC_008_SENT_001,Tennis_in_Australia_SEC_010_SENT_002,"In addition to what was televised via their terrestrial free-to-air channel (either Channel 9 or secondary channel 9Gem), all matches are able to be streamed via Stan Sport, a pay for view streaming service owned by Nine.",The Nine Network broadcast the Wimbledon Championships for over 40 years until losing the rights to rivals Seven Network following the 2010 tournament at the time citing declining ratings.,"Prior to 2021, ATP Masters 1000 and 500 tournaments were televised on ESPN Australia with non-Australian ATP 250 tournaments on Fox Sports Australia.",0.3120521605014801,0.5613491535186768,-0.24929699301719666,0
TRIPLET_00063,Cities,Melbourne,https://en.wikipedia.org/wiki/Melbourne,Transport > Public transport > Tram,Transport > Public transport > Tram,Education,Melbourne_SEC_028_SENT_004,Melbourne_SEC_028_SENT_002,Melbourne_SEC_022_SENT_011,Melbourne's trams are recognised as iconic cultural assets and a tourist attraction.,"In 2017–2018, 206.3 million passenger trips were made by tram.","In recent years, the number of international students at Melbourne's universities has risen rapidly, a result of an increasing number of places being made available for them.",0.3210127055644989,0.5682170391082764,-0.24720433354377747,0
TRIPLET_00661,Sport,Cricket in Australia,https://en.wikipedia.org/wiki/Cricket_in_Australia,Organisation of cricket in modern Australia > Twenty20 cricket,Organisation of cricket in modern Australia > Twenty20 cricket,Administration,Cricket_in_Australia_SEC_013_SENT_003,Cricket_in_Australia_SEC_013_SENT_007,Cricket_in_Australia_SEC_004_SENT_005,"Each state's capital city features one team, with Sydney and Melbourne featuring two.","Local club cricket is also popular, as well as social cricket which includes variations such as backyard and beach cricket.",The CA was established in 1905 as the Australian Board of Control for International Cricket.,0.2959800958633423,0.5423257946968079,-0.24634569883346558,0
TRIPLET_01111,History,Australian gold rushes,https://en.wikipedia.org/wiki/Australian_gold_rushes,Notable gold finds that started rushes > 1870–1893: Teetulpa and other finds in South Australia,Notable gold finds that started rushes > 1870–1893: Teetulpa and other finds in South Australia,"Notable gold finds that started rushes > 1892–1899: Coolgardie, Kalgoorlie, and other finds in Western Australia > 1893–1899: Coolgardie and Kalgoorlie",Australian_gold_rushes_SEC_033_SENT_003,Australian_gold_rushes_SEC_033_SENT_009,Australian_gold_rushes_SEC_043_SENT_009,Teetulpa had the largest number of diggers of any field at any time in the history of South Australian gold discoveries.,"For a time, it had a bank, shops, hotel, hospital, church and a newspaper.",Many more people were not residing in residential areas but were out in the field mining.,0.17650917172431946,0.42157483100891113,-0.24506565928459167,0
TRIPLET_00567,Landmarks,Great Barrier Reef,https://en.wikipedia.org/wiki/Great_Barrier_Reef,Human use > Management,Human use > Management,Human use > Management > Abbot Point coal port dredge dumping controversy,Great_Barrier_Reef_SEC_018_SENT_036,Great_Barrier_Reef_SEC_018_SENT_052,Great_Barrier_Reef_SEC_019_SENT_001,The updated version of the plan focuses on strategic priority areas and actions to achieve 2013 goals.,No new research is done to produce the report.,"In December 2013, Greg Hunt, the Australian environment minister, approved a plan for dredging to create three shipping terminals as part of the construction of a coalport.",0.20597489178180695,0.4482608437538147,-0.24228595197200775,0
TRIPLET_00775,Sport,Tennis in Australia,https://en.wikipedia.org/wiki/Tennis_in_Australia,Lower Tier Tournaments > ITF Tour,Lower Tier Tournaments > ITF Tour,Lower Tier Tournaments > ATP Challenger Tour,Tennis_in_Australia_SEC_004_SENT_001,Tennis_in_Australia_SEC_004_SENT_002,Tennis_in_Australia_SEC_002_SENT_001,The lowest tier of professional tennis tournaments are the ITF Men's World Tennis Tour and the ITF Women's World Tennis Tour run by the International Tennis Federation (ITF).,These tournaments serve as entry level events for the ATP and WTA tours and offer points and prize money.,The ATP Challenger Tour is the second tier of professional tennis tournaments run by the Association of Tennis Professionals.,0.5830021500587463,0.8241531848907471,-0.24115103483200073,0
TRIPLET_00545,Landmarks,Uluru,https://en.wikipedia.org/wiki/Uluru,Flora and fauna,Flora and fauna,History > Tourism (1936–1960s),Uluru_SEC_018_SENT_025,Uluru_SEC_018_SENT_019,Uluru_SEC_005_SENT_001,"Since the first Europeans arrived, 34 exotic plant species have been recorded in the park, representing about 6.4% of the total park flora.",Some plants are able to survive fire and some are dependent on it to reproduce.,The first tourists arrived in the Uluru area in 1936.,0.26660341024398804,0.5065592527389526,-0.2399558424949646,0
TRIPLET_01171,History,Eureka Rebellion,https://en.wikipedia.org/wiki/Eureka_Rebellion,Tensions escalate > Ballarat Reform League meetings,Tensions escalate > Ballarat Reform League meetings,Open rebellion > Paramilitary mobilisation and swearing allegiance to the Southern Cross > Fortification of the Eureka lead > Vinegar Hill blunder: Irish dimension factors in dwindling numbers at stockade,Eureka_Rebellion_SEC_008_SENT_003,Eureka_Rebellion_SEC_008_SENT_017,Eureka_Rebellion_SEC_012_SENT_020,"(Several other reform league leaders, including George Black, Henry Holyoake, and Tom Kennedy, are also believed to have been Chartists.)","Rede told one deputation that their campaign against ""The licence is a mere cloak to cover a democratic revolution"", and the day before the battle reported to the chief gold commissioner that the government forces stood ready to ""crush them and the democratic agitation at one blow"".","There is another theory advanced by Gregory Blake, military historian and author of Eureka Stockade: A Ferocious and Bloody Battle, who concedes that two flags may have been flown on the day of the battle, as the miners were claiming to be defending their British rights.",0.32134124636650085,0.5604049563407898,-0.23906370997428894,0
TRIPLET_01140,History,Australian gold rushes,https://en.wikipedia.org/wiki/Australian_gold_rushes,History of discovery,History of discovery,"Pre-rush gold finds > 1848: Bathurst, New South Wales",Australian_gold_rushes_SEC_001_SENT_020,Australian_gold_rushes_SEC_001_SENT_021,Australian_gold_rushes_SEC_013_SENT_003,"Some Chileans who had participated in the California gold rush moved to Australia, and so did the technologies they had introduced to California, such as the Chilean mill, which became common in Australian mining.","Some non-European immigrants, however, were unwelcome, especially the Chinese: The Chinese were particularly industrious, with techniques that differed widely from the Europeans.","Governor FitzRoy visited the Fitzroy Ironworks in late January 1849, and he was presented with ""an elegant knife, containing twelve different instruments, of colonial workmanship, (mounted in colonial gold) the steel of which was smelted from the ore taken from the Fitz Roy mine"".",0.29981285333633423,0.5386034846305847,-0.2387906312942505,0
TRIPLET_00120,Cities,Brisbane,https://en.wikipedia.org/wiki/Brisbane,Infrastructure > Transport,Infrastructure > Transport,Demographics,Brisbane_SEC_024_SENT_002,Brisbane_SEC_024_SENT_004,Brisbane_SEC_012_SENT_002,"Like all Australian cities, the most popular mode of transport is private car.","The region is divided into seven fare zones radiating outwards from the Brisbane central business district (CBD), with Brisbane's built-up area falling within zones 1–3.","The Australian Bureau of Statistics estimates that the population of Greater Brisbane is 2,833,524 as of June 2025, making it the third-largest city in Australia.",0.2863106429576874,0.5228837728500366,-0.23657312989234924,0
TRIPLET_00046,Cities,Sydney,https://en.wikipedia.org/wiki/Sydney,Regions > Inner West,Regions > Inner West,Government > Historical governance,Sydney_SEC_013_SENT_006,Sydney_SEC_013_SENT_008,Sydney_SEC_038_SENT_002,"As of 2021, an Inner West suburb (Strathfield) remained one of the 20 most expensive postcodes in Australia by median house price (the others were all in metropolitan Sydney, all in Northern Sydney or the Eastern Suburbs).","The Anzac Bridge spans Johnstons Bay and connects Rozelle to Pyrmont and the city, forming part of the Western Distributor.",Sydney was the seat of government for the colony which encompassed over half the Australian continent.,0.38689321279525757,0.6233410835266113,-0.23644787073135376,0
TRIPLET_00997,Wildlife,Tasmanian devil,https://en.wikipedia.org/wiki/Tasmanian_devil,Conservation status > Devil facial tumour disease,Conservation status > Devil facial tumour disease,Ecology and behaviour > Feeding,Tasmanian_devil_SEC_012_SENT_010,Tasmanian_devil_SEC_012_SENT_014,Tasmanian_devil_SEC_006_SENT_019,"So far, it has been established that the short-term effects of the disease in an area can be severe.","In March 2017, scientists at the University of Tasmania presented an apparent first report of having successfully treated Tasmanian devils with the disease.",This has led to a belief that such eating habits became possible due to the lack of a predator to attack such bloated individuals.,0.16719317436218262,0.4029257297515869,-0.2357325553894043,0
TRIPLET_00982,Wildlife,Tasmanian devil,https://en.wikipedia.org/wiki/Tasmanian_devil,Conservation status > Road mortality,Conservation status > Road mortality,Relationship with humans,Tasmanian_devil_SEC_011_SENT_011,Tasmanian_devil_SEC_011_SENT_004,Tasmanian_devil_SEC_013_SENT_010,The devil and quoll are especially vulnerable as they often try to retrieve roadkill for food and travel along the road.,This requires a 20% reduction in speed for a motorist to avoid the devil.,"While they are known to eat dead bodies, there are prevalent myths that they eat living humans who wander into the bush.",0.4324672818183899,0.6612966060638428,-0.22882932424545288,0
TRIPLET_01064,History,Federation of Australia,https://en.wikipedia.org/wiki/Federation_of_Australia,Early calls for federation,Early calls for federation,Early constitutional conventions > Australasian Federal Conference of 1890,Federation_of_Australia_SEC_001_SENT_011,Federation_of_Australia_SEC_001_SENT_017,Federation_of_Australia_SEC_005_SENT_011,"In 1857, Deas Thomson moved for a New South Wales Parliamentary Select Committee on the question of Australian federation.","The secretary of state thereafter opted not to introduce the bill, assessing that it would probably lead to ""dissension and discontent"", distributing it nonetheless to the colonies for their responses.","When the conference met at the Victorian Parliament in Melbourne on 6 February, the delegates were confronted with a scorching summer maximum temperature of 39.7 °C (103.5 °F) in the shade.",0.2818700671195984,0.5106593370437622,-0.22878926992416382,0
TRIPLET_00484,Landmarks,Sydney Harbour Bridge,https://en.wikipedia.org/wiki/Sydney_Harbour_Bridge,Structure > Arch,Structure > Arch,History > Early proposals,Sydney_Harbour_Bridge_SEC_002_SENT_003,Sydney_Harbour_Bridge_SEC_002_SENT_007,Sydney_Harbour_Bridge_SEC_004_SENT_006,"The total weight of the steelwork of the bridge, including the arch and approach spans, is 52,800 tonnes (52,000 long tons; 58,200 short tons), with the arch itself weighing 39,000 tonnes (38,000 long tons; 43,000 short tons).",The rivets were heated red-hot and inserted into the plates; the headless end was immediately rounded over with a large pneumatic rivet gun.,"A suggestion for a truss bridge was made in 1879, and in 1880 a high-level bridge estimated at £850,000 was proposed.",0.38689306378364563,0.6148821115493774,-0.2279890477657318,0
TRIPLET_01138,History,Australian gold rushes,https://en.wikipedia.org/wiki/Australian_gold_rushes,"Notable gold finds that started rushes > 1892–1899: Coolgardie, Kalgoorlie, and other finds in Western Australia > 1892: Coolgardie","Notable gold finds that started rushes > 1892–1899: Coolgardie, Kalgoorlie, and other finds in Western Australia > 1892: Coolgardie",Pre-rush gold finds > 1848–1884: Pre–gold rush finds in Western Australia,Australian_gold_rushes_SEC_041_SENT_006,Australian_gold_rushes_SEC_041_SENT_004,Australian_gold_rushes_SEC_014_SENT_001,This claim was said to cover an area of five acres (2.0 hectares).,Overnight the miners who were flocked on the Southern Cross diggings moved to the more lucrative Coolgardie Goldfield.,The late Hon A. C. Gregory found traces of gold in quartz in the Bowes River in 1854.,0.12851987779140472,0.3551744818687439,-0.22665460407733917,0
TRIPLET_00747,Sport,Rugby league in Australia,https://en.wikipedia.org/wiki/Rugby_league_in_Australia,Demographics of the game > Age > Junior participation,Demographics of the game > Age > Junior participation,History > 21st century,Rugby_league_in_Australia_SEC_010_SENT_005,Rugby_league_in_Australia_SEC_010_SENT_002,Rugby_league_in_Australia_SEC_002_SENT_005,"The specific initiatives over the years includes a Safe play code, Kids to kangaroos programs and new forms of modified rugby league, such as, Mod league and Mini Footy to help young children prepare for the full rigours of the international code.","In contrast, the next most discouraged sport was rugby union, with only 7.5% of parents willing to discourage the sport.",2012 saw a major re-structure of the administration of rugby league in Australia.,0.30126747488975525,0.5242795944213867,-0.22301211953163147,0
TRIPLET_01159,History,Eureka Rebellion,https://en.wikipedia.org/wiki/Eureka_Rebellion,Origins in the Victorian gold rush,Origins in the Victorian gold rush,Origins in the Victorian gold rush > Protests on the goldfields: 1851–1854 > Legislative Council calls for Commission of Inquiry,Eureka_Rebellion_SEC_001_SENT_009,Eureka_Rebellion_SEC_001_SENT_003,Eureka_Rebellion_SEC_005_SENT_013,"The number of public servants, factory and farm workers leaving for the goldfields to seek their fortune made for chronic labour shortages that needed to be resolved.","In August 1851, the news was received around the world that, on top of several earlier finds, Thomas Hiscock had found still more deposits 3 kilometres (2 mi) west of Buninyong.","Miners were arrested for not carrying licences on their person, as they often left them in their tents due to the typically wet and dirty conditions in the mines, then subjected to such indignities as being chained to trees and logs overnight.",0.42411333322525024,0.6436517238616943,-0.2195383906364441,0
TRIPLET_00581,Landmarks,Great Barrier Reef,https://en.wikipedia.org/wiki/Great_Barrier_Reef,Environmental threats > Ocean Acidification,Environmental threats > Ocean Acidification,Environmental threats > Pollution > Loss of coastal wetland,Great_Barrier_Reef_SEC_006_SENT_003,Great_Barrier_Reef_SEC_006_SENT_005,Great_Barrier_Reef_SEC_008_SENT_002,This causes a decrease in the pH and this alters the chemistry of the ocean's water.,The Great Barrier Reef is predicted to lose aragonite at a rate of about 0.1 per decade this century.,It is thought that the poor water quality is due to increased light and oxygen competition from algae.,0.4769861400127411,0.6939125657081604,-0.2169264256954193,0
TRIPLET_00285,Universities,University of Sydney,https://en.wikipedia.org/wiki/University_of_Sydney,Governance and structure > Finances and endowment,Governance and structure > Finances and endowment,Campuses and buildings > Halls of residence,University_of_Sydney_SEC_012_SENT_001,University_of_Sydney_SEC_012_SENT_002,University_of_Sydney_SEC_009_SENT_002,The university has the highest annual revenues of any Australian university.,It also has received a number of significant bequests and legacies over its history.,"Starting in 2013, the university committed to creating the Halls of Residence (an additional 4,000-6,000 residential places) at an affordable price to enhance the educational experience of living on campus and to offer more students a rich academic environment in which to live.",0.2569214999675751,0.46946561336517334,-0.21254411339759827,0
TRIPLET_00401,Landmarks,Sydney Opera House,https://en.wikipedia.org/wiki/Sydney_Opera_House,Controversies > Coronation controversy,Controversies > Coronation controversy,History > Design development and construction timeline > Strike and Workers' Control,Sydney_Opera_House_SEC_019_SENT_002,Sydney_Opera_House_SEC_019_SENT_001,Sydney_Opera_House_SEC_011_SENT_004,"State Premier Chris Minns argued that the sails had been lit up too often and was costing significant taxpayer money, stating that the cost was somewhere between eighty and one hundred thousand dollars.","In 2023, the New South Wales Government scrapped plans to light the sails of the Sydney Opera House in honour of the coronation of King Charles.","The workers agreed to end their work-in when management agreed to give them a 25% wage increase, the right to elect their foremen, four weeks annual leave and a large payment for their troubles.",0.3673461973667145,0.579613208770752,-0.21226701140403748,0
TRIPLET_00998,Wildlife,Tasmanian devil,https://en.wikipedia.org/wiki/Tasmanian_devil,Conservation status > Population declines,Conservation status > Population declines,Distribution and habitat,Tasmanian_devil_SEC_009_SENT_003,Tasmanian_devil_SEC_009_SENT_009,Tasmanian_devil_SEC_004_SENT_009,It is difficult to estimate the size of the devil population.,Appropriate wildlife refuges such as Savage River National Park in North West Tasmania provide hope for their survival.,"It is proposed that devils would have fewer impacts on both livestock and native fauna than dingoes, and that the mainland population could act as an additional insurance population.",0.225494384765625,0.4376586377620697,-0.2121642529964447,0
TRIPLET_00993,Wildlife,Tasmanian devil,https://en.wikipedia.org/wiki/Tasmanian_devil,Conservation status > Devil facial tumour disease,Conservation status > Devil facial tumour disease,Description,Tasmanian_devil_SEC_012_SENT_002,Tasmanian_devil_SEC_012_SENT_006,Tasmanian_devil_SEC_003_SENT_029,The state's west coast area and far north-west are the only places where devils are tumour free.,Dominant devils who engage in more biting behaviour are more exposed to the disease.,"Like dogs, it has 42 teeth, however, unlike dogs, its teeth are not replaced after birth but grow continuously throughout life at a slow rate.",0.23161092400550842,0.43786340951919556,-0.20625248551368713,0
TRIPLET_00643,Sport,Australian rules football,https://en.wikipedia.org/wiki/Australian_rules_football,Laws of the game > Officiation,Laws of the game > Officiation,Cultural influence and popularity > In the arts and popular culture,Australian_rules_football_SEC_013_SENT_005,Australian_rules_football_SEC_013_SENT_001,Australian_rules_football_SEC_026_SENT_013,"Their primary duties include determining when the football is deemed to be outside of the field of play, and to throw the football back into play when directed.","Each game is officiated by at least five match officials, known as an umpire.","Others, such as Tame Impala's Kevin Parker, have written songs for their favourite AFL club.",0.19133150577545166,0.3953680098056793,-0.20403650403022766,0
TRIPLET_00586,Landmarks,Great Barrier Reef,https://en.wikipedia.org/wiki/Great_Barrier_Reef,Human use,Human use,Ecology,Great_Barrier_Reef_SEC_017_SENT_008,Great_Barrier_Reef_SEC_017_SENT_009,Great_Barrier_Reef_SEC_003_SENT_019,The Queensland Museum has led archaeological digs to wreck of Pandora since 1983.,"Because the reef had no atolls, it was largely unstudied in the 19th century.","The islands of the Great Barrier Reef also support 2,195 known plant species; three of these are endemic.",0.24411296844482422,0.447353720664978,-0.2032407522201538,0
TRIPLET_00657,Sport,Cricket in Australia,https://en.wikipedia.org/wiki/Cricket_in_Australia,Organisation of cricket in modern Australia > Twenty20 cricket,Organisation of cricket in modern Australia > Twenty20 cricket,Organisation of cricket in modern Australia > Domestic cricket > Men's domestic cricket > First class competitions,Cricket_in_Australia_SEC_013_SENT_007,Cricket_in_Australia_SEC_013_SENT_006,Cricket_in_Australia_SEC_011_SENT_001,"Local club cricket is also popular, as well as social cricket which includes variations such as backyard and beach cricket.",At the end of the 2023-24 season the Perth Scorchers are the most successful franchise with 6 wins.,Sheffield Shield –The Sheffield Shield is the domestic first-class cricket competition in Australia.,0.30585557222366333,0.5084945559501648,-0.20263898372650146,0
TRIPLET_00549,Landmarks,Uluru,https://en.wikipedia.org/wiki/Uluru,"Aboriginal myths, legends and traditions > Other stories > Mala story","Aboriginal myths, legends and traditions > Other stories > Mala story",Tourism,Uluru_SEC_017_SENT_005,Uluru_SEC_017_SENT_010,Uluru_SEC_007_SENT_002,"Two Wintalka men approached from the west, and invited the Mala people to attend their inma, but the Mala people declined the invitation, as their inma had begun and could not be stopped.",This story continues among the Indigenous peoples of South Australia.,It was decided in the early 1970s to remove all accommodation-related tourist facilities and re-establish them outside the park.,0.1974637657403946,0.3999280631542206,-0.202464297413826,0
TRIPLET_00994,Wildlife,Tasmanian devil,https://en.wikipedia.org/wiki/Tasmanian_devil,Ecology and behaviour > Feeding,Ecology and behaviour > Feeding,Conservation status > Culling,Tasmanian_devil_SEC_006_SENT_035,Tasmanian_devil_SEC_006_SENT_042,Tasmanian_devil_SEC_010_SENT_001,"Although they hunt alone, there have been unsubstantiated claims of communal hunting, where one devil drives prey out of its habitat and an accomplice attacks.","Juveniles are active at dusk, so they tend to reach the source before the adults.","The first European Tasmanian settlers ate Tasmanian devil, which they described as tasting like veal.",0.35506099462509155,0.5574169754981995,-0.2023559808731079,0
TRIPLET_00770,Sport,Tennis in Australia,https://en.wikipedia.org/wiki/Tennis_in_Australia,Broadcasting > Wimbledon,Broadcasting > Wimbledon,Lower Tier Tournaments > ATP Challenger Tour,Tennis_in_Australia_SEC_008_SENT_001,Tennis_in_Australia_SEC_008_SENT_004,Tennis_in_Australia_SEC_002_SENT_001,The Nine Network broadcast the Wimbledon Championships for over 40 years until losing the rights to rivals Seven Network following the 2010 tournament at the time citing declining ratings.,"In addition to what was televised via their terrestrial free-to-air channel (either Channel 9 or secondary channel 9Gem), all matches are able to be streamed via Stan Sport, a pay for view streaming service owned by Nine.",The ATP Challenger Tour is the second tier of professional tennis tournaments run by the Association of Tennis Professionals.,0.3120521605014801,0.5115547776222229,-0.1995026171207428,0
TRIPLET_00523,Landmarks,Uluru,https://en.wikipedia.org/wiki/Uluru,"Aboriginal myths, legends and traditions > Creation of the rock","Aboriginal myths, legends and traditions > Creation of the rock","Aboriginal myths, legends and traditions > Other stories",Uluru_SEC_015_SENT_001,Uluru_SEC_015_SENT_007,Uluru_SEC_016_SENT_001,"There are a number of differing accounts given, by outsiders, of Aboriginal ancestral stories for the origins of Uluru and its many cracks and fissures.","In response, the angry hosts sang evil into a mud sculpture that came to life as the dingo.","The Commonwealth Department of Environment's webpage advises: Many other Tjukurpa such as Kalaya (emu), Liru (poisonous snake), Lungkata (blue-tongue lizard), Luunpa (kingfisher) and Tjintir-tjintirpa (willie wagtail) travel through Uluṟu-Kata Tjuṯa National Park.",0.35837116837501526,0.5572066903114319,-0.19883552193641663,0
TRIPLET_00255,Universities,University of Sydney,https://en.wikipedia.org/wiki/University_of_Sydney,Governance and structure > Faculties and departments > Centre for Continuing education,Governance and structure > Faculties and departments > Centre for Continuing education,Campuses and buildings > Halls of residence,University_of_Sydney_SEC_010_SENT_001,University_of_Sydney_SEC_010_SENT_002,University_of_Sydney_SEC_009_SENT_006,The Centre for Continuing Education is an adult education provider within the university.,"Extension lectures at the university were inaugurated in 1886, 36 years after the university's founding, making it Australia's longest running university continuing education program.","There is a university-affiliated housing cooperative, Stucco.",0.4614658057689667,0.659674346446991,-0.1982085406780243,0
TRIPLET_01034,History,History of Australia,https://en.wikipedia.org/wiki/History_of_Australia,Post-war boom > Vietnam War,Post-war boom > Vietnam War,Post-war boom > Economic growth and suburban living,History_of_Australia_SEC_042_SENT_013,History_of_Australia_SEC_042_SENT_002,History_of_Australia_SEC_039_SENT_022,"Despite Holt's sentiments and his government's electoral success in 1966, the war became unpopular in Australia, as it did in the United States.","In parliament, Menzies emphasised the argument that ""our alliances made demands on us"".","Distinguished Architect and designer Robin Boyd, a critic of Australia's built surroundings, described Australia as ""'the constant sponge lying in the Pacific', following the fashions of overseas and lacking confidence in home-produced, original ideas"".",0.44423818588256836,0.6423818469047546,-0.19814366102218628,0
TRIPLET_00560,Landmarks,Great Barrier Reef,https://en.wikipedia.org/wiki/Great_Barrier_Reef,Protection and preservation: Reef 2050 plan,Protection and preservation: Reef 2050 plan,Environmental threats > Pollution > Loss of coastal wetland,Great_Barrier_Reef_SEC_015_SENT_007,Great_Barrier_Reef_SEC_015_SENT_008,Great_Barrier_Reef_SEC_008_SENT_001,"As part of the Reef 2050 plan, an AUD$443 million grant was given to the Great Barrier Reef Foundation in 2018.",The announcement of the grant was subject to backlash as the grant had avoided proper tender and transparency processes.,The runoff problem is exacerbated by the loss of coastal wetlands which act as a natural filter for toxins and help deposit sediment.,0.0760309174656868,0.27284952998161316,-0.19681861251592636,0
TRIPLET_01162,History,Eureka Rebellion,https://en.wikipedia.org/wiki/Eureka_Rebellion,Commemoration > 21st century,Commemoration > 21st century,Open rebellion > Paramilitary mobilisation and swearing allegiance to the Southern Cross > Fortification of the Eureka lead,Eureka_Rebellion_SEC_023_SENT_003,Eureka_Rebellion_SEC_023_SENT_011,Eureka_Rebellion_SEC_011_SENT_012,The proposal was criticised by community groups including the Public Transport Users Association.,"In June 2022, the City of Ballarat, in conjunction with Eureka Australia, unveiled a new Pathway of Remembrance at the Eureka Stockade Memorial Park commemorating the ""35 men who lost their lives during the Eureka Stockade in 1854"".",Testimony was heard at the high treason trials for the Eureka rebels that the stockade was four to seven feet high in places and was unable to be negotiated on horseback without being reduced.,0.2042599618434906,0.4006401598453522,-0.19638019800186157,0
TRIPLET_01166,History,Eureka Rebellion,https://en.wikipedia.org/wiki/Eureka_Rebellion,Commemoration > 19th century,Commemoration > 19th century,Tensions escalate > Ballarat Reform League meetings,Eureka_Rebellion_SEC_021_SENT_026,Eureka_Rebellion_SEC_021_SENT_011,Eureka_Rebellion_SEC_008_SENT_013,"When it opened in Melbourne, the exhibition was an instant hit.","A soldiers' memorial was constructed in 1879, an obelisk constructed of limestone sourced from Waurn Ponds with the words ""Victoria"" and ""Duty"" carved in its north and south faces, respectively.","Notes to the royal commissioners had already been made on 6 November, where Hotham stated his opposition to an export duty on gold replacing the universal mining tax.",0.18276368081569672,0.37868228554725647,-0.19591860473155975,0
TRIPLET_00759,Sport,Tennis in Australia,https://en.wikipedia.org/wiki/Tennis_in_Australia,Highest ranked players > Top 10 Ranked Players,Highest ranked players > Top 10 Ranked Players,Lower Tier Tournaments > ATP Challenger Tour,Tennis_in_Australia_SEC_005_SENT_001,Tennis_in_Australia_SEC_005_SENT_002,Tennis_in_Australia_SEC_002_SENT_001,The lists include Australian players who have had a ranking inside the ATP or WTA top 10.,The rankings were introduced in 1973 (men) and 1975 (women).,The ATP Challenger Tour is the second tier of professional tennis tournaments run by the Association of Tennis Professionals.,0.36358046531677246,0.55621737241745,-0.1926369071006775,0
TRIPLET_00843,Wildlife,Kangaroo,https://en.wikipedia.org/wiki/Kangaroo,Interaction with humans,Interaction with humans,Interaction with humans > Meat,Kangaroo_SEC_012_SENT_009,Kangaroo_SEC_012_SENT_019,Kangaroo_SEC_013_SENT_005,"Kangaroos are shy and retiring by nature, and in normal circumstances present no threat to humans.","Kangaroos, even those that are not domesticated, were observed using their gaze to communicate with humans, alternately looking at researchers and at a box of food, similarly to domestic dogs.",Kangaroo meat is sourced from wild animals and is seen by many as the best source of population control programs as opposed to culling them as pests where carcasses are left in paddocks.,0.3454735577106476,0.5356242656707764,-0.19015070796012878,0
TRIPLET_00739,Sport,Rugby league in Australia,https://en.wikipedia.org/wiki/Rugby_league_in_Australia,Variants,Variants,History > 20th century,Rugby_league_in_Australia_SEC_013_SENT_002,Rugby_league_in_Australia_SEC_013_SENT_001,Rugby_league_in_Australia_SEC_001_SENT_021,"As can be seen above, total rugby league participation including Variants is well over 1.5 million (1 million touch alone).","Three main variant sports of rugby league are played in Australia; Touch, OzTag, and League tag.","This set a long-standing record for the highest attendance at a women's sporting competition outside the Olympic or Commonwealth games.The attendance record for a rugby league match in Australia was broken in 1932 when 70,204 people saw Australia play England at the Sydney Cricket Ground.",0.417402446269989,0.6068142652511597,-0.18941181898117065,0
TRIPLET_00714,Sport,Rugby league in Australia,https://en.wikipedia.org/wiki/Rugby_league_in_Australia,Demographics of the game > Women in rugby league,Demographics of the game > Women in rugby league,Variants > OzTag,Rugby_league_in_Australia_SEC_009_SENT_006,Rugby_league_in_Australia_SEC_009_SENT_013,Rugby_league_in_Australia_SEC_015_SENT_002,This is in contrast to the men's competition which has existed since 1908.,"Manly Sea Eagles also instituted several female directed initiatives, some of which were aimed towards further increasing female spectator numbers.",Cronulla Sharks and St George Dragons halfback Perry Haddock introduced the sport in Australia while coaching the 1992 St George Jersey Flegg side.,0.21169349551200867,0.39758026599884033,-0.18588677048683167,0
TRIPLET_00104,Cities,Brisbane,https://en.wikipedia.org/wiki/Brisbane,Infrastructure > Transport > Roads,Infrastructure > Transport > Roads,History > Indigenous prehistory,Brisbane_SEC_025_SENT_005,Brisbane_SEC_025_SENT_011,Brisbane_SEC_002_SENT_002,The Bruce Highway and Gympie Arterial Road (M1/M3) connect the city's northern suburbs with the Sunshine Coast and northern Queensland.,They are the three longest road tunnels in Australia.,"The Brisbane River (Maiwar) formed the heart of cultural, economic and ceremonial life, with major camps at Barambin (York's Hollow), Woolloon-cappem (Kurilpa) and Musgrave Park.",0.4718223214149475,0.6576859951019287,-0.1858636736869812,0
TRIPLET_00274,Universities,University of Sydney,https://en.wikipedia.org/wiki/University_of_Sydney,Notable people > Notable alumni,Notable people > Notable alumni,Controversies > Sexual harassment,University_of_Sydney_SEC_022_SENT_009,University_of_Sydney_SEC_022_SENT_010,University_of_Sydney_SEC_023_SENT_008,"The first Australian citizen in space and recipient of the Advance Global Australian of the Year Award 2014, Chris Boshuizen attended the school receiving his PhD in 2005.","In the performing arts, notable alumni include soprano Joan Sutherland; Shakespearean actor John Bell, producer and director Dolph Lundgren; and Bahraini–Sri Lankan actress Jacqueline Fernandez.","Graphic videos emerged in 2018 of male students bragging of their sexual feats over the female students, particularly first-years.",0.26863622665405273,0.45348137617111206,-0.18484514951705933,0
TRIPLET_00551,Landmarks,Great Barrier Reef,https://en.wikipedia.org/wiki/Great_Barrier_Reef,Environmental threats > Shipping,Environmental threats > Shipping,Environmental threats,Great_Barrier_Reef_SEC_013_SENT_001,Great_Barrier_Reef_SEC_013_SENT_003,Great_Barrier_Reef_SEC_004_SENT_002,"Shipping accidents are a pressing concern, as several commercial shipping routes pass through the Great Barrier Reef.","There have been over 1,600 known shipwrecks in the Great Barrier Reef region.","Other threats include shipping accidents, oil spills, and tropical cyclones.",0.559515118598938,0.7435718178749084,-0.18405669927597046,0
TRIPLET_00556,Landmarks,Great Barrier Reef,https://en.wikipedia.org/wiki/Great_Barrier_Reef,Environmental threats > Crown of thorns,Environmental threats > Crown of thorns,Protection and preservation: Reef 2050 plan > Conservation Policy: Reef 2050 Water Quality Improvement Plan,Great_Barrier_Reef_SEC_011_SENT_003,Great_Barrier_Reef_SEC_011_SENT_001,Great_Barrier_Reef_SEC_016_SENT_003,"In 2000, an outbreak contributed to a loss of 66% of live coral cover on sampled reefs in a study by the Reef Research Centre (RRC).",The crown-of-thorns starfish preys on coral polyps.,"Threats such as ocean acidification, pollution runoff and outbreaks of destructive species like the crown-of-thorns starfish have brought about the decline of this ecosystem.",0.45590686798095703,0.6385807394981384,-0.1826738715171814,0
TRIPLET_00256,Universities,University of Sydney,https://en.wikipedia.org/wiki/University_of_Sydney,Governance and structure > Faculties and departments > Centre for International Security Studies,Governance and structure > Faculties and departments > Centre for International Security Studies,History > 1950–2000,University_of_Sydney_SEC_011_SENT_001,University_of_Sydney_SEC_011_SENT_002,University_of_Sydney_SEC_002_SENT_010,"The Centre for International Security Studies (CISS) at The University of Sydney is an academic research centre focused on international security, global politics, and the intersection of security with various global challenges.",The current director is James Der Derian.,"In January 2005, the University of Sydney transferred the OAC to Charles Sturt University.",0.29319891333580017,0.47249236702919006,-0.1792934536933899,0
TRIPLET_00689,Sport,Cricket in Australia,https://en.wikipedia.org/wiki/Cricket_in_Australia,Organisation of cricket in modern Australia > International cricket,Organisation of cricket in modern Australia > International cricket,Organisation of cricket in modern Australia > Twenty20 cricket,Cricket_in_Australia_SEC_008_SENT_003,Cricket_in_Australia_SEC_008_SENT_002,Cricket_in_Australia_SEC_013_SENT_004,"Australia generally plays a test series against a visiting team, and a one-day series between two other teams at home each summer, and tours overseas for the remainder of the year","Along with England, Australia was recognised as one of the founder nations of the Imperial Cricket Conference, later the International Cricket Council.",BBL matches are played in Australia during the summer in the months of December and January.,0.5620154142379761,0.7412240505218506,-0.1792086362838745,0
TRIPLET_00167,Cities,Perth,https://en.wikipedia.org/wiki/Perth,History > European exploration,History > European exploration,Infrastructure > Transport > Driving,Perth_SEC_003_SENT_001,Perth_SEC_003_SENT_008,Perth_SEC_029_SENT_001,"In 1619 the Dutch explorer Frederick de Houtman, sailing in the VOC ship Dordrecht, with Councillor of the Indies Jacob Dedel in the VOC ship Amsterdam, sighted the Australian coast near present-day Perth, which they called Dedelsland.","However, as with Vlamingh's assessments, they judged the area inhospitable and unsuitable for the agriculture necessary to sustain a European-style settlement.","Perth has a road network with three freeways—Mitchell, Kwinana and Graham Farmer—and nine metropolitan highways.",0.32272177934646606,0.5013970136642456,-0.17867523431777954,0
TRIPLET_00472,Landmarks,Sydney Harbour Bridge,https://en.wikipedia.org/wiki/Sydney_Harbour_Bridge,Tourism > South-east pylon,Tourism > South-east pylon,History > Early proposals,Sydney_Harbour_Bridge_SEC_015_SENT_016,Sydney_Harbour_Bridge_SEC_015_SENT_009,Sydney_Harbour_Bridge_SEC_004_SENT_004,"The pylon again closed for four weeks in 2003 for the installation of an exhibit called ""Dangerous Works"", highlighting the dangerous conditions experienced by the original construction workers on the bridge, and two stained glass feature windows in memory of the workers.","An orientation table was installed at the viewing platform, along with a wall guide and binoculars.","In 1840, naval architect Robert Brindley proposed that a floating bridge be built.",0.06736341863870621,0.2442077398300171,-0.17684432119131088,0
TRIPLET_01114,History,Australian gold rushes,https://en.wikipedia.org/wiki/Australian_gold_rushes,Notable gold finds that started rushes > 1871–1909: Pine Creek and other finds in the Northern Territory,Notable gold finds that started rushes > 1871–1909: Pine Creek and other finds in the Northern Territory,Notable gold finds that started rushes > 1861–1866: Cape River and other finds in Queensland,Australian_gold_rushes_SEC_035_SENT_003,Australian_gold_rushes_SEC_035_SENT_002,Australian_gold_rushes_SEC_030_SENT_005,"In 1908, out of a total of 824 miners employed, the Chinese numbered 674.",A large number of Chinese are engaged in mining in the Territory.,"The Courier (Brisbane) of 5 January 1863 describes ""40 miners on the diggings at present ... and in the course of a few months there will probably be several hundred miners at work"".",0.5466334223747253,0.7228738069534302,-0.17624038457870483,0
TRIPLET_00961,Wildlife,Tasmanian devil,https://en.wikipedia.org/wiki/Tasmanian_devil,Taxonomy > Genetics,Taxonomy > Genetics,Taxonomy,Tasmanian_devil_SEC_002_SENT_002,Tasmanian_devil_SEC_002_SENT_005,Tasmanian_devil_SEC_001_SENT_016,"Like all dasyurids, the devil has 14 chromosomes.","According to a study by Menna Jones, ""gene flow appears extensive up to 50 km (31 mi)"", meaning a high assignment rate to source or close neighbour populations ""in agreement with movement data.","As most of their prey died of the cold, only a few carnivores survived, including the ancestors of the quoll and thylacine.",0.20554305613040924,0.3814102113246918,-0.17586715519428253,0
TRIPLET_00900,Wildlife,Koala,https://en.wikipedia.org/wiki/Koala,Relation to humans > Cultural significance,Relation to humans > Cultural significance,Characteristics,Koala_SEC_012_SENT_016,Koala_SEC_012_SENT_022,Koala_SEC_005_SENT_034,"Early European settlers in Australia considered the koala to be a creeping sloth-like animal with a ""fierce and menacing look"".","Created by Dorothy Wall in 1933, the character appeared in books, films, TV series, merchandise, and a 1986 environmental song by John Williamson.",A koala sometimes regurgitates the food into the mouth to be chewed a second time.,0.2853127717971802,0.4603080749511719,-0.1749953031539917,0
TRIPLET_01149,History,Australian gold rushes,https://en.wikipedia.org/wiki/Australian_gold_rushes,"Notable gold finds that started rushes > 1887–1891: Southern Cross, the Pilbara, and other finds in Western Australia > 1891: Cue","Notable gold finds that started rushes > 1887–1891: Southern Cross, the Pilbara, and other finds in Western Australia > 1891: Cue","Pre-rush gold finds > 1846: Castambul, South Australia",Australian_gold_rushes_SEC_040_SENT_001,Australian_gold_rushes_SEC_040_SENT_002,Australian_gold_rushes_SEC_010_SENT_002,"Gold was found at Cue in 1891 by Michael Fitzgerald, Edward Heffernan and Tom Cue.",This became known as the Murchison Rush.,"From the earliest days of the Colony of South Australia, men, including Johannes Menge, the geologist with the South Australian Company, had been seeking gold.",0.5208430290222168,0.6955243349075317,-0.17468130588531494,0
TRIPLET_01110,History,Australian gold rushes,https://en.wikipedia.org/wiki/Australian_gold_rushes,"Notable gold finds that started rushes > 1871–1904: Charters Towers, Palmer River, and other finds in Queensland","Notable gold finds that started rushes > 1871–1904: Charters Towers, Palmer River, and other finds in Queensland","Notable gold finds that started rushes > 1880: Mt McDonald, New South Wales",Australian_gold_rushes_SEC_034_SENT_001,Australian_gold_rushes_SEC_034_SENT_012,Australian_gold_rushes_SEC_036_SENT_001,"A significant Queensland goldfield was discovered at Charters Towers on 24 December 1871 by a young 12-year-old Aboriginal stockman, Jupiter Mosman, and soon moved attention to this area.","Port Douglas dates from 1873, and the Hodgkinson river (west of Cairns) from 1875.","Donald McDonald and his party discovered two gold-rich quartz reefs at Mount McDonald, as they were prospecting the mountain ranges around Wyangala.",0.5241786241531372,0.6981120705604553,-0.17393344640731812,0
TRIPLET_00925,Wildlife,Platypus,https://en.wikipedia.org/wiki/Platypus,Ecology and behaviour,Ecology and behaviour,Taxonomy and naming,Platypus_SEC_006_SENT_004,Platypus_SEC_006_SENT_016,Platypus_SEC_001_SENT_013,"In one study, dives lasted on average thirty-five seconds, with surfacing intervals averaging thirteen seconds.","Externally, platypuses may carry fleas, mites, and ticks, the latter being more prominent in young.","Early European settlers called it by many names, such as ""watermole"", ""duckbill"", and ""duckmole"".",0.17830128967761993,0.34944871068000793,-0.171147421002388,0
TRIPLET_00267,Universities,University of Sydney,https://en.wikipedia.org/wiki/University_of_Sydney,Student life > Charles Perkins Oration and Prize,Student life > Charles Perkins Oration and Prize,History > 2020s,University_of_Sydney_SEC_020_SENT_003,University_of_Sydney_SEC_020_SENT_004,University_of_Sydney_SEC_005_SENT_002,"The Oration includes the Charles Perkins Memorial Prize, which recognises the achievements of the top three Indigenous students at the university, based on the highest academic results in their field.","In 2021, the awards event could not be held in the great hall, owing to the COVID-19 pandemic in Australia, but Perkins' daughter, filmmaker Rachel Perkins, announced the recipients, and introduced Tony McAvoy, Australia's first Indigenous Queen's Counsel, to deliver the oration.","In 2022, the university's National Tertiary Education Union voted to go on strike for 48 hours, demanding an end to job insecurity, protection of academics' right to a 40 per cent research component in their workload, a pay rise, enforceable targets for Aboriginal and Torres Strait Islander employment, and improved rights for professional members.",0.3531058132648468,0.5238265991210938,-0.17072078585624695,0
TRIPLET_00491,Landmarks,Sydney Harbour Bridge,https://en.wikipedia.org/wiki/Sydney_Harbour_Bridge,Tourism > South-east pylon,Tourism > South-east pylon,Celebrations > 80th anniversary,Sydney_Harbour_Bridge_SEC_015_SENT_006,Sydney_Harbour_Bridge_SEC_015_SENT_008,Sydney_Harbour_Bridge_SEC_024_SENT_003,"The outbreak of World War II in 1939 saw tourist activities on the bridge cease, as the military took over the four pylons and modified them to include parapets and anti-aircraft guns.","This contained dioramas, and displays about Australian perspectives on subjects such as farming, sport, transport, mining, and the armed forces.",The proposal to upgrade the bridge tolling equipment was announced by the NSW Roads Minister Duncan Gay.,0.2539348006248474,0.42352360486984253,-0.16958880424499512,0
TRIPLET_01086,History,Federation of Australia,https://en.wikipedia.org/wiki/Federation_of_Australia,Early constitutional conventions,Early constitutional conventions,Early calls for federation > Federal Council of Australasia,Federation_of_Australia_SEC_004_SENT_002,Federation_of_Australia_SEC_004_SENT_004,Federation_of_Australia_SEC_002_SENT_016,An informal meeting attended by official representatives from the Australasian colonies was held in 1890.,"New Zealand was represented at both the conference and the Convention, although its delegates indicated that it would be unlikely to join the Federation at its foundation, but it would probably be interested in doing so at a later date.","The self-governing colonies of Queensland, Tasmania and Victoria, as well as the Crown Colonies of Western Australia and Fiji, became involved.",0.3270309865474701,0.4945637285709381,-0.16753274202346802,0
TRIPLET_01025,History,History of Australia,https://en.wikipedia.org/wiki/History_of_Australia,Post-war boom > Economic growth and suburban living,Post-war boom > Economic growth and suburban living,Society and culture (1960s–present) > Social developments > Indigenous Australians,History_of_Australia_SEC_039_SENT_005,History_of_Australia_SEC_039_SENT_007,History_of_Australia_SEC_053_SENT_011,"By the early 1960s, four competitors to Holden had set up Australian factories, employing between 80,000 and 100,000 workers, ""at least four-fifths of them migrants"".",Pressure from business interests and the union movement ensured these remained high.,"In 1965, Charles Perkins, helped organise freedom rides into parts of Australia to expose discrimination and inequality.",0.27959924936294556,0.44649940729141235,-0.1669001579284668,0
TRIPLET_00720,Sport,Rugby league in Australia,https://en.wikipedia.org/wiki/Rugby_league_in_Australia,Variants > League Tag,Variants > League Tag,Variants > Touch,Rugby_league_in_Australia_SEC_016_SENT_004,Rugby_league_in_Australia_SEC_016_SENT_002,Rugby_league_in_Australia_SEC_014_SENT_001,The NSWRL continues to administer the game across the state post the NSWRL-CRL merger in 2019.,A number of additional rules are also added relating to the specific issues associated with a tag based game.,Touch (also known as touch football or touch rugby) is a variant of rugby league that is conducted under the direction of the Federation of International Touch (FIT).,0.381245493888855,0.5467502474784851,-0.16550475358963013,0
TRIPLET_01135,History,Australian gold rushes,https://en.wikipedia.org/wiki/Australian_gold_rushes,"Notable gold finds that started rushes > 1880: Mt McDonald, New South Wales","Notable gold finds that started rushes > 1880: Mt McDonald, New South Wales",Notable gold finds that started rushes > 1871–1909: Pine Creek and other finds in the Northern Territory,Australian_gold_rushes_SEC_036_SENT_003,Australian_gold_rushes_SEC_036_SENT_002,Australian_gold_rushes_SEC_035_SENT_003,"By the early 1900s, mining declined, and the town slowly faded away.",This find resulted in the establishment of the township of Mt McDonald.,"In 1908, out of a total of 824 miners employed, the Chinese numbered 674.",0.18912634253501892,0.3528600335121155,-0.16373369097709656,0
TRIPLET_00832,Wildlife,Kangaroo,https://en.wikipedia.org/wiki/Kangaroo,Interaction with humans > Collisions with vehicles,Interaction with humans > Collisions with vehicles,Biology and behaviour > Locomotion,Kangaroo_SEC_014_SENT_007,Kangaroo_SEC_014_SENT_006,Kangaroo_SEC_004_SENT_008,"As a result, ""kangaroo crossing"" signs are commonplace in Australia.",The risk of harm or death to vehicle occupants is greatly increased if the windscreen is the point of impact.,"Kangaroos can attain considerable height when jumping, according to Guinness the highest recorded jump for a red kangaroo is about 10 feet (3.0 m), whereas for the eastern grey kangaroo it is 8 feet (2.4 m).",0.3955186605453491,0.5589516162872314,-0.16343295574188232,0
TRIPLET_00054,Cities,Melbourne,https://en.wikipedia.org/wiki/Melbourne,Economy > Tourism,Economy > Tourism,History > Land boom and bust,Melbourne_SEC_017_SENT_004,Melbourne_SEC_017_SENT_014,Melbourne_SEC_005_SENT_015,"In 2025, the State Library of Victoria was named the third-most popular and the seventh-most beautiful library in the world.",Melbourne is also home to many annual events and festivals.,"The effects of the depression on the city were profound, with virtually no significant construction until the late 1890s.",0.3304625153541565,0.4933549165725708,-0.1628924012184143,0
TRIPLET_00553,Landmarks,Great Barrier Reef,https://en.wikipedia.org/wiki/Great_Barrier_Reef,Protection and preservation: Reef 2050 plan > Conservation Policy: Reef 2050 Water Quality Improvement Plan,Protection and preservation: Reef 2050 plan > Conservation Policy: Reef 2050 Water Quality Improvement Plan,"""Discovery"" and naming",Great_Barrier_Reef_SEC_016_SENT_002,Great_Barrier_Reef_SEC_016_SENT_005,Great_Barrier_Reef_SEC_001_SENT_001,"Numerous species of aquatic plants, fish and megafauna use the reef for feeding, shelter and mating.",The Australian government has had the goal of protecting this World Heritage Site since 1972 when they created The Australian Institute of Marine Science.,"The Great Barrier Reef has long been known to and used by the Aboriginal Australian and Torres Strait Islander peoples, and is an important part of local groups' cultures and spirituality.",0.3398836851119995,0.502554178237915,-0.16267049312591553,0
TRIPLET_00399,Universities,Australian National University,https://en.wikipedia.org/wiki/Australian_National_University,Events > 2023 campus attack,Events > 2023 campus attack,Events > College of Health and Medicine discrimination scandal,Australian_National_University_SEC_025_SENT_003,Australian_National_University_SEC_025_SENT_001,Australian_National_University_SEC_026_SENT_006,ANU Chancellor Julie Bishop later called for the ACT government to explain why the university was not informed of the risk beforehand.,"In September 2023, Alex Ophel (an ex-student) stabbed two female students and assaulted a male student with a frying pan.","Vice-Chancellor Genevieve Bell publicly apologised and committed to implementing all 17 recommendations, including structural reform and external monitoring.",0.3712894320487976,0.5328359603881836,-0.161546528339386,0
TRIPLET_00391,Universities,Australian National University,https://en.wikipedia.org/wiki/Australian_National_University,Student life > Residential halls and colleges,Student life > Residential halls and colleges,"Academic profile > Tuition, loans and financial aid",Australian_National_University_SEC_022_SENT_009,Australian_National_University_SEC_022_SENT_001,Australian_National_University_SEC_016_SENT_005,"The outcome of the 2020 protests revolve around demands for stronger SASH policy, accountability surrounding tariff rises, and commitments to adequate pastoral care; the outcome of these protests is as yet unknown.","Eleven on-campus residential halls are affiliated with ANU—Bruce Hall, Burgmann College, Burton & Garran Hall, Fenner Hall, John XXIII College, Ursula Hall, Wamburun Hall, Wright Hall, Yukeembruk Village, Graduate House and Toad Hall.",Students may accrue additional SLE under some circumstances (e.g.,0.2605753540992737,0.4219948947429657,-0.16141954064369202,0
TRIPLET_00858,Wildlife,Koala,https://en.wikipedia.org/wiki/Koala,Relation to humans > Cultural significance,Relation to humans > Cultural significance,Distribution and habitat,Koala_SEC_012_SENT_023,Koala_SEC_012_SENT_004,Koala_SEC_006_SENT_001,The koala first appeared on an Australian stamp in 1930.,"Its international popularly rose after World War II, when tourism increased and the animals were exported to zoos overseas.","The koala's range covers roughly 1,000,000 km2 (390,000 sq mi), and 30 ecoregions.",0.42492228746414185,0.5862504839897156,-0.16132819652557373,0
TRIPLET_00003,Cities,Sydney,https://en.wikipedia.org/wiki/Sydney,Demographics > Ancestry and immigration,Demographics > Ancestry and immigration,History > Convict town (1788–1840) > Conflict on the Cumberland Plain,Sydney_SEC_030_SENT_003,Sydney_SEC_030_SENT_002,Sydney_SEC_004_SENT_008,"At the 2021 census, 1.7% of Sydney's population identified as being Indigenous — Aboriginal Australians and Torres Strait Islanders.","Foreign countries of birth with the greatest representation are mainland China, India, England, Vietnam, Philippines and New Zealand.",Conflict again erupted from 1814 to 1816 with the expansion of the colony into Dharawal country in the Nepean region south-west of Sydney.,0.4202936887741089,0.5745823383331299,-0.154288649559021,0
TRIPLET_00036,Cities,Sydney,https://en.wikipedia.org/wiki/Sydney,Infrastructure > Utilities,Infrastructure > Utilities,Urban structure > Architecture,Sydney_SEC_049_SENT_001,Sydney_SEC_049_SENT_014,Sydney_SEC_019_SENT_036,Obtaining sufficient fresh water was difficult during early colonial times.,"Submarine communications cable systems in Sydney include the Australia–Japan Cable, Telstra Endeavour and the Southern Cross Cable, which link Australia and countries in the Pacific.",Green bans and heritage overlays have been in place since at least 1977 to protect Sydney's heritage after controversial demolitions in the 1970s.,0.22479811310768127,0.37849342823028564,-0.15369531512260437,0
TRIPLET_01180,History,Eureka Rebellion,https://en.wikipedia.org/wiki/Eureka_Rebellion,Aftermath > Peter Lalor enters parliament,Aftermath > Peter Lalor enters parliament,Commemoration > 21st century,Eureka_Rebellion_SEC_018_SENT_009,Eureka_Rebellion_SEC_018_SENT_030,Eureka_Rebellion_SEC_023_SENT_001,Universal adult male suffrage was then introduced in 1857 for Legislative Assembly elections.,Lalor twice refused to accept the highest Imperial honour of a British knighthood.,"In 2004, the 150th anniversary of the Eureka Stockade was commemorated.",0.33783239126205444,0.49096977710723877,-0.15313738584518433,0
TRIPLET_00019,Cities,Sydney,https://en.wikipedia.org/wiki/Sydney,Toponymy,Toponymy,Infrastructure > Health,Sydney_SEC_001_SENT_005,Sydney_SEC_001_SENT_004,Sydney_SEC_041_SENT_009,"The Gadigal (Cadigal) clan, whose territory stretches along the southern shore of Port Jackson from South Head to Darling Harbour, are the traditional owners of the land on which the British settlement was initially established, and call their territory Gadi (Cadi).","By 1790 Phillip and other officials were regularly calling the township ""Sydney"".",Healthcare was recognised as a right in the early 1900s and Sydney's public hospitals came under the oversight of the Government of New South Wales.,0.4227747917175293,0.5743105411529541,-0.1515357494354248,0
TRIPLET_00897,Wildlife,Koala,https://en.wikipedia.org/wiki/Koala,Relation to humans > Koala diplomacy,Relation to humans > Koala diplomacy,Conservation,Koala_SEC_013_SENT_001,Koala_SEC_013_SENT_002,Koala_SEC_014_SENT_001,"The event gave rise to the term ""koala diplomacy"", which became the Oxford Word of the Month for December 2016.","The term also includes the loan of koalas by the Australian government to overseas zoos in countries such as Singapore and Japan, as a form of ""soft power diplomacy"", like the ""panda diplomacy"" practised by China.","The koala was originally classified as Least Concern on the Red List, and reassessed as Vulnerable in 2014.",0.4234948754310608,0.5731428861618042,-0.1496480107307434,0
TRIPLET_00984,Wildlife,Tasmanian devil,https://en.wikipedia.org/wiki/Tasmanian_devil,Conservation status > Road mortality,Conservation status > Road mortality,Relationship with humans > In captivity,Tasmanian_devil_SEC_011_SENT_017,Tasmanian_devil_SEC_011_SENT_005,Tasmanian_devil_SEC_014_SENT_013,"In 2009, the Save the Tasmanian Devil group launched the ""Roadkill Project"", which allowed members of the public to report sightings of devils which had been killed on the road.","For low beam, the devils had the second shortest detection distance, 16% below the median.","Due to restrictions on their export by the Australian government, at the time these were the only devils known to be living outside Australia.",0.36347806453704834,0.512908935546875,-0.14943087100982666,0
TRIPLET_00660,Sport,Cricket in Australia,https://en.wikipedia.org/wiki/Cricket_in_Australia,Organisation of cricket in modern Australia > Domestic cricket > Men's domestic cricket > Limited overs competitions,Organisation of cricket in modern Australia > Domestic cricket > Men's domestic cricket > Limited overs competitions,In Australian culture > Audience,Cricket_in_Australia_SEC_012_SENT_008,Cricket_in_Australia_SEC_012_SENT_001,Cricket_in_Australia_SEC_018_SENT_012,"The whole competition was held in the month of October, prior to the Sheffield Shield.",One-Day Cup –The Marsh One Day Cup is the domestic List A cricket (limited overs cricket) competition in Australia.,In 2018 it was announced that the Seven Network and Foxtel had paid a combined $1.2 billion over 6 years for broadcast rights of all cricket competitions in Australia.,0.5347135066986084,0.6831154823303223,-0.14840197563171387,0
TRIPLET_00746,Sport,Rugby league in Australia,https://en.wikipedia.org/wiki/Rugby_league_in_Australia,Variants > Touch,Variants > Touch,Governing body > Federal governing body,Rugby_league_in_Australia_SEC_014_SENT_007,Rugby_league_in_Australia_SEC_014_SENT_001,Rugby_league_in_Australia_SEC_003_SENT_002,Top level competitions include the NRL Touch Premiership and the National Touch League.,Touch (also known as touch football or touch rugby) is a variant of rugby league that is conducted under the direction of the Federation of International Touch (FIT).,The Australian Rugby League's major club competition is the National Rugby League.,0.5726785659790039,0.7200745344161987,-0.14739596843719482,0
TRIPLET_00123,Cities,Brisbane,https://en.wikipedia.org/wiki/Brisbane,Infrastructure > Transport > Pedestrian,Infrastructure > Transport > Pedestrian,Infrastructure > Transport > Seaport,Brisbane_SEC_030_SENT_003,Brisbane_SEC_030_SENT_001,Brisbane_SEC_032_SENT_008,The longest span of the Riverwalk connects Newstead in the east with Toowong in the west.,An extensive network of pedestrian and cyclist pathways span the banks of the Brisbane River in the inner suburbs to form the Riverwalk network.,The Brisbane International Cruise Terminal at Luggage Point in Pinkenba on the north side of the river opposite the Port of Brisbane is able to accommodate the largest cruise vessels in the world.,0.4956533908843994,0.6427720785140991,-0.1471186876296997,0
TRIPLET_00793,Sport,Tennis in Australia,https://en.wikipedia.org/wiki/Tennis_in_Australia,Broadcasting > Australian Open,Broadcasting > Australian Open,History,Tennis_in_Australia_SEC_006_SENT_005,Tennis_in_Australia_SEC_006_SENT_007,Tennis_in_Australia_SEC_001_SENT_001,"In addition to the Australian Open, Nine have the exclusive rights to televise the Australian-held lead in events including the United Cup, Brisbane International, Adelaide International and formerly the Hopman Cup, ATP Cup Sydney International and temporary Melbourne events held in 2021.",during the hour long Nine News bulletin between 6pm and 7pm.,"In the 1950s, Australia became a tennis power, and Australian men won the Davis Cup 15 times from 1950 to 1967, led by outstanding players such as Frank Sedgman, Ken Rosewall, Lew Hoad, Roy Emerson, and Ashley Cooper.",0.4594825506210327,0.6058632135391235,-0.14638066291809082,0
TRIPLET_00106,Cities,Brisbane,https://en.wikipedia.org/wiki/Brisbane,Governance,Governance,Demographics,Brisbane_SEC_021_SENT_009,Brisbane_SEC_021_SENT_013,Brisbane_SEC_012_SENT_001,The bulk of the state government's executive offices are located at the 1 William Street skyscraper.,The Royal Australian Navy's HMAS Moreton base is located at Bulimba.,"Brisbane's Greater Capital City Statistical Area includes the Local Government Areas of City of Brisbane, City of Ipswich, City of Moreton Bay, Logan City and Redland City, as well as parts of Lockyer Valley Region, Scenic Rim Region and Somerset Region, which form a continuous metropolitan area.",0.4498603641986847,0.5945242643356323,-0.14466390013694763,0
TRIPLET_01080,History,Federation of Australia,https://en.wikipedia.org/wiki/Federation_of_Australia,Early calls for federation,Early calls for federation,Early constitutional conventions,Federation_of_Australia_SEC_001_SENT_003,Federation_of_Australia_SEC_001_SENT_012,Federation_of_Australia_SEC_004_SENT_003,"The Governor of New South Wales, Sir Charles Fitzroy, then wrote to the United Kingdom's Colonial Office suggesting a ""superior functionary"" with power to review the legislation of all the colonies.","The committee reported in favour of a federal assembly being established, but the government changed in the meantime, and the question was shelved.","This led to the first National Australasian Convention, meeting in Sydney in 1891.",0.46905940771102905,0.6124502420425415,-0.14339083433151245,0
TRIPLET_00009,Cities,Sydney,https://en.wikipedia.org/wiki/Sydney,Infrastructure > Education,Infrastructure > Education,Regions > Inner suburbs,Sydney_SEC_040_SENT_002,Sydney_SEC_040_SENT_017,Sydney_SEC_012_SENT_017,"By 2011, 90% of working age residents had completed some schooling and 57% had completed the highest level of school.","The college became the Sydney Institute in 1992 and now operates alongside its sister TAFE facilities across the Sydney metropolitan area, namely the Northern Sydney Institute, the Western Sydney Institute, and the South Western Sydney Institute.",Green Square is a former industrial area of Waterloo which is undergoing urban renewal worth $8 billion.,0.3710976839065552,0.5142064094543457,-0.14310872554779053,0
TRIPLET_00299,Universities,University of Sydney,https://en.wikipedia.org/wiki/University_of_Sydney,Academic profile > Museums and galleries > Collections,Academic profile > Museums and galleries > Collections,Campuses and buildings > Halls of residence,University_of_Sydney_SEC_016_SENT_007,University_of_Sydney_SEC_016_SENT_012,University_of_Sydney_SEC_009_SENT_005,"It is the oldest collection of natural history in Australia and has developed into a major collection of natural history specimens, ethnographic artefacts, scientific instruments and historic photographs.",The gallery closed to the public in 2016 ahead of the opening of the Chau Chak Wing Museum.,"Additionally, the university owns and has operated International House until its closure in 2021.",0.2542417347431183,0.39713308215141296,-0.14289134740829468,0
TRIPLET_00262,Universities,University of Sydney,https://en.wikipedia.org/wiki/University_of_Sydney,Governance and structure > Faculties and departments > Centre for International Security Studies,Governance and structure > Faculties and departments > Centre for International Security Studies,Governance and structure > Faculties and departments > Centre for Continuing education,University_of_Sydney_SEC_011_SENT_001,University_of_Sydney_SEC_011_SENT_002,University_of_Sydney_SEC_010_SENT_001,"The Centre for International Security Studies (CISS) at The University of Sydney is an academic research centre focused on international security, global politics, and the intersection of security with various global challenges.",The current director is James Der Derian.,The Centre for Continuing Education is an adult education provider within the university.,0.29319891333580017,0.43437764048576355,-0.14117872714996338,0
TRIPLET_01126,History,Australian gold rushes,https://en.wikipedia.org/wiki/Australian_gold_rushes,Pre-rush gold finds > 1847: Victoria,Pre-rush gold finds > 1847: Victoria,Pre-rush gold finds > From 1843: Victoria,Australian_gold_rushes_SEC_011_SENT_002,Australian_gold_rushes_SEC_011_SENT_001,Australian_gold_rushes_SEC_009_SENT_001,"In April 1847, a shepherd took a sample of ore about the size of an apple, which he believed to be copper, into the jewellery store of Charles Brentani in Collins Street, Melbourne, where the sample was purchased by an employee, Joseph Forrester, a gold and silver smith.",Gold was found at Port Phillip (Victoria) by a shepherd.,"Beginning in 1843, gold samples were brought several times into the watchmaker's shop of T. J. Thomas in Melbourne by ""bushmen"".",0.6163264513015747,0.7573093175888062,-0.14098286628723145,0
TRIPLET_00280,Universities,University of Sydney,https://en.wikipedia.org/wiki/University_of_Sydney,Governance and structure > Faculties and departments > Centre for Continuing education,Governance and structure > Faculties and departments > Centre for Continuing education,Notable people > Notable alumni,University_of_Sydney_SEC_010_SENT_002,University_of_Sydney_SEC_010_SENT_001,University_of_Sydney_SEC_022_SENT_004,"Extension lectures at the university were inaugurated in 1886, 36 years after the university's founding, making it Australia's longest running university continuing education program.",The Centre for Continuing Education is an adult education provider within the university.,"Internationally, alumni of Sydney Law School include the third president of the United Nations General Assembly and a president of the International Court of Justice (in each case, the only Australians to date to hold such positions).",0.4614658057689667,0.6024115085601807,-0.140945702791214,0
TRIPLET_00163,Cities,Perth,https://en.wikipedia.org/wiki/Perth,Culture > Arts and entertainment,Culture > Arts and entertainment,History > Convict era and gold rushes,Perth_SEC_025_SENT_029,Perth_SEC_025_SENT_007,Perth_SEC_005_SENT_005,"A dedicated screen production facility, Perth Film Studios, opened in January 2026.",Sculpture by the Sea showcases a range of local and international sculptors' creations along Cottesloe Beach.,"A description from 1870 by a Melbourne journalist depicted it as: a quiet little town of some 3000 inhabitants spread out in straggling allotments down to the water's edge, intermingled with gardens and shrubberies and half rural in its aspect ...",0.27110588550567627,0.40993982553482056,-0.1388339400291443,0
TRIPLET_00600,Landmarks,Great Barrier Reef,https://en.wikipedia.org/wiki/Great_Barrier_Reef,Human use > Management,Human use > Management,Human use > Fishing,Great_Barrier_Reef_SEC_018_SENT_051,Great_Barrier_Reef_SEC_018_SENT_046,Great_Barrier_Reef_SEC_021_SENT_002,Every outlook report follows the same judging and grading process so that information can be tracked over time.,"At the time, it was the largest Marine Protected Area in the world, although in 2006, the new Northwestern Hawaiian Islands National Monument became the largest.","It employs approximately 2000 people, and fishing in the Great Barrier Reef is pursued commercially, for recreation, and as a traditional means for feeding one's family.",0.18859371542930603,0.3271467089653015,-0.13855299353599548,0
TRIPLET_00871,Wildlife,Koala,https://en.wikipedia.org/wiki/Koala,Behaviour and ecology > Health and mortality,Behaviour and ecology > Health and mortality,Conservation,Koala_SEC_010_SENT_006,Koala_SEC_010_SENT_017,Koala_SEC_014_SENT_014,Koalas are generally not subject to external parasites other than ticks around the coast.,The findings may inform captive breeding programs.,The first successful efforts at conserving the species were initiated by the establishment of Brisbane's Lone Pine Koala Sanctuary and Sydney's Koala Park Sanctuary in the 1920s and 1930s.,0.25851970911026,0.39551106095314026,-0.13699135184288025,0
TRIPLET_00769,Sport,Tennis in Australia,https://en.wikipedia.org/wiki/Tennis_in_Australia,Broadcasting > French Open,Broadcasting > French Open,Broadcasting > Australian Open,Tennis_in_Australia_SEC_007_SENT_001,Tennis_in_Australia_SEC_007_SENT_002,Tennis_in_Australia_SEC_006_SENT_002,"Since 2021, the Nine Network is the Australian broadcast holder with coverage on secondary channel 9Gem.","Additional courts are available to stream via Stan Sport, a pay for view streaming service owned by Nine.","In March, 2018 it was announced that rival network, the Nine Network had won the rights to televise the tournament for $60 million per year, for five years between 2020 and 2024.",0.411723256111145,0.5481157302856445,-0.1363924741744995,0
TRIPLET_00406,Landmarks,Sydney Opera House,https://en.wikipedia.org/wiki/Sydney_Opera_House,Controversies > Coronation controversy,Controversies > Coronation controversy,History > Reconciliation with Utzon; building refurbishment,Sydney_Opera_House_SEC_019_SENT_001,Sydney_Opera_House_SEC_019_SENT_002,Sydney_Opera_House_SEC_014_SENT_007,"In 2023, the New South Wales Government scrapped plans to light the sails of the Sydney Opera House in honour of the coronation of King Charles.","State Premier Chris Minns argued that the sails had been lit up too often and was costing significant taxpayer money, stating that the cost was somewhere between eighty and one hundred thousand dollars.","A state memorial service, attended by Utzon's son Jan and daughter Lin, was held in the Concert Hall on 25 March 2009 featuring performances, readings and recollections from prominent figures in the Australian performing arts scene.",0.3673461973667145,0.5032071471214294,-0.13586094975471497,0
TRIPLET_00667,Sport,Cricket in Australia,https://en.wikipedia.org/wiki/Cricket_in_Australia,Organisation of cricket in modern Australia > Domestic cricket > Men's domestic cricket > First class competitions,Organisation of cricket in modern Australia > Domestic cricket > Men's domestic cricket > First class competitions,Affiliated state associations > Participation,Cricket_in_Australia_SEC_011_SENT_005,Cricket_in_Australia_SEC_011_SENT_003,Cricket_in_Australia_SEC_007_SENT_005,"In 1999, the Australian Cricket Board (now Cricket Australia) announced a 4-year sponsorship deal which included renaming the Sheffield Shield to the Pura Milk Cup, then to the Pura Cup the following season.","When established, the competition included the colonies (later states) of New South Wales, South Australia and Victoria.","More than 2.3 million people attended the cricket during the 2017–18 summer, surpassing the record of 1.8 million set in 2016–17.",0.5136102437973022,0.6471691727638245,-0.13355892896652222,0
TRIPLET_00295,Universities,University of Sydney,https://en.wikipedia.org/wiki/University_of_Sydney,Academic profile > Student outcomes,Academic profile > Student outcomes,Student life > Revues,University_of_Sydney_SEC_018_SENT_002,University_of_Sydney_SEC_018_SENT_003,University_of_Sydney_SEC_021_SENT_005,"These surveys place more emphasis on criteria such as student experience, graduate outcomes and employer satisfaction than perceived reputation, research output and citation counts.","In the 2023 Employer Satisfaction Survey, graduates of the university had an overall employer satisfaction rate of 89.6%.","The Revues range in budget and cast size, with the Faculty Revues using larger venues, and higher budgets as a result of Faculty funding.",0.5203953385353088,0.6538003087043762,-0.13340497016906738,0
TRIPLET_00425,Landmarks,Sydney Opera House,https://en.wikipedia.org/wiki/Sydney_Opera_House,Description > Performance venues and facilities,Description > Performance venues and facilities,History > Reconciliation with Utzon; building refurbishment,Sydney_Opera_House_SEC_002_SENT_003,Sydney_Opera_House_SEC_002_SENT_009,Sydney_Opera_House_SEC_014_SENT_015,"Joan Sutherland Theatre: A proscenium theatre with 1,507 seats, the Sydney home of Opera Australia and The Australian Ballet.","Yallamundi Rooms: A function space hosting up to 400 people, often used for weddings or business conferences.",The tapestry was bought at auction by the Sydney Opera House in June 2015.,0.5257860422134399,0.6550660729408264,-0.12928003072738647,0
TRIPLET_00860,Wildlife,Koala,https://en.wikipedia.org/wiki/Koala,Behaviour and ecology > Foraging and activities,Behaviour and ecology > Foraging and activities,Taxonomy > Genetics and variations,Koala_SEC_007_SENT_006,Koala_SEC_007_SENT_016,Koala_SEC_004_SENT_004,"The koala does not need to drink often as it can get enough water from the leaves, though larger males may additionally drink water found on the ground or in tree hollows.","It resorts to a lower, thicker, branch during high winds.","The Victorian koala is the largest, with shaggier, brown fur and a wider skull.",0.2633731961250305,0.38931411504745483,-0.12594091892242432,0
TRIPLET_00992,Wildlife,Tasmanian devil,https://en.wikipedia.org/wiki/Tasmanian_devil,Conservation status > Devil facial tumour disease,Conservation status > Devil facial tumour disease,Conservation status > Culling,Tasmanian_devil_SEC_012_SENT_010,Tasmanian_devil_SEC_012_SENT_005,Tasmanian_devil_SEC_010_SENT_017,"So far, it has been established that the short-term effects of the disease in an area can be severe.",This tumour is able to pass between hosts without inducing a response from the host's immune system.,"A selective culling program has taken place to remove individuals affected with DFTD, and has been shown to not slow the rate of disease progression or reduced the number of animals dying.",0.3476507067680359,0.47230759263038635,-0.12465688586235046,0
TRIPLET_00683,Sport,Cricket in Australia,https://en.wikipedia.org/wiki/Cricket_in_Australia,Organisation of cricket in modern Australia > Domestic cricket > Men's domestic cricket > Limited overs competitions,Organisation of cricket in modern Australia > Domestic cricket > Men's domestic cricket > Limited overs competitions,History > 1970–present,Cricket_in_Australia_SEC_012_SENT_006,Cricket_in_Australia_SEC_012_SENT_009,Cricket_in_Australia_SEC_003_SENT_008,"At the end of the 2023-24 season, Western Australia has been the most successful state with 17 wins.",However it has since moved back to being played from October to March and is now broadcast exclusively on the Pay TV network Foxtel and its streaming platform Kayo Sports.,"Greg Chappell, Ian's younger brother, succeeded him as captain in 1975–76 and led the Australian team in the Centenary Test in Melbourne in March 1977.",0.534752607345581,0.6592499017715454,-0.12449729442596436,0
TRIPLET_01053,History,Federation of Australia,https://en.wikipedia.org/wiki/Federation_of_Australia,Early calls for federation > Federal Council of Australasia,Early calls for federation > Federal Council of Australasia,The economic consequences of federation,Federation_of_Australia_SEC_002_SENT_009,Federation_of_Australia_SEC_002_SENT_008,Federation_of_Australia_SEC_012_SENT_001,The final (and successful) push for a Federal Council came at an Intercolonial Convention in Sydney in November and December 1883.,"The Federation had the potential to ensure that throughout the continent, trade and interstate commerce would be unaffected by protectionism and measurement and transport would be standardised.",Australian federation entailed the creation of both a customs and a fiscal union.,0.447406142950058,0.5708337426185608,-0.12342759966850281,0
TRIPLET_01081,History,Federation of Australia,https://en.wikipedia.org/wiki/Federation_of_Australia,Australasian Federal Convention of 1897–98,Australasian Federal Convention of 1897–98,Early constitutional conventions > Griffith or Clark?,Federation_of_Australia_SEC_009_SENT_008,Federation_of_Australia_SEC_009_SENT_010,Federation_of_Australia_SEC_008_SENT_018,"After the Adelaide meeting, the colonial parliaments took the opportunity to debate the emerging bill and to suggest changes.","It was agreed that the Senate should be chosen, directly, by popular vote, rather than appointed by state governments.","So for instance, there was always going to be parts dealing with the executive, the parliament and the judiciary in any Australian constitution.",0.45178359746932983,0.5743252038955688,-0.12254160642623901,0
TRIPLET_00700,Sport,Cricket in Australia,https://en.wikipedia.org/wiki/Cricket_in_Australia,Organisation of cricket in modern Australia > International cricket > Men's national team,Organisation of cricket in modern Australia > International cricket > Men's national team,Organisation of cricket in modern Australia > Twenty20 cricket > Women's domestic cricket > Twenty20 competitions,Cricket_in_Australia_SEC_009_SENT_007,Cricket_in_Australia_SEC_009_SENT_020,Cricket_in_Australia_SEC_015_SENT_001,"Test International- On 15 March 1877, an Australian representative team played England in what would later be recognised as the first Test match.","For the 1996–97 season, the World Series Cup was replaced by a series of tournaments named after a major sponsor, including the Carlton & United Series, the VB Series and the Commonwealth Bank Series.","Women's Big Bash League- In 2007, the Australian Women's Twenty20 Cup was introduced, also featuring state representative teams.",0.5331737995147705,0.6555665731430054,-0.12239277362823486,0
TRIPLET_00198,Cities,Perth,https://en.wikipedia.org/wiki/Perth,Governance > State,Governance > State,"Infrastructure > Transport > Public transport (trains, buses, ferries)",Perth_SEC_016_SENT_001,Perth_SEC_016_SENT_002,Perth_SEC_030_SENT_006,Perth houses the Parliament of Western Australia and the Governor of Western Australia.,"As of the 2008 state election, 42 of the Legislative Assembly's 59 seats and 18 of the Legislative Council's 36 seats are based in Perth's metropolitan area.","The Prospector passenger rail service connects Perth with Kalgoorlie via several Wheatbelt towns, while the Australind connects to Bunbury, the MerredinLink connects to Merredin and the AvonLink connects to Northam.",0.5819783806800842,0.7040678858757019,-0.12208950519561768,0
TRIPLET_00501,Landmarks,Uluru,https://en.wikipedia.org/wiki/Uluru,Description,Description,Geology > Age and origin,Uluru_SEC_002_SENT_005,Uluru_SEC_002_SENT_004,Uluru_SEC_013_SENT_011,Special viewing areas with road access and parking have been constructed to give tourists the best views of both sites at dawn and dusk.,"Kata Tjuta, also called Mount Olga or the Olgas, lies 25 km (16 mi) west of Uluru.","The layers of sand were nearly horizontal when deposited, but were tilted to their near vertical position during a later episode of mountain building, possibly the Alice Springs Orogeny of Palaeozoic age (400–300 Ma).",0.22396506369113922,0.34557485580444336,-0.12160979211330414,0
TRIPLET_01142,History,Australian gold rushes,https://en.wikipedia.org/wiki/Australian_gold_rushes,"Pre-rush gold finds > 1849: Woady Yaloak River, Victoria","Pre-rush gold finds > 1849: Woady Yaloak River, Victoria","Notable gold finds that started rushes > 1887–1891: Southern Cross, the Pilbara, and other finds in Western Australia > 1887 The Yilgarn and 1888 Southern Cross",Australian_gold_rushes_SEC_016_SENT_001,Australian_gold_rushes_SEC_016_SENT_003,Australian_gold_rushes_SEC_038_SENT_007,The following news item from the Geelong Advertiser of 10 July 1849 shows the attitude of scepticism towards gold finds that were being brought into towns like Geelong during the pre–gold rush period:GOLD.,"Of the identity of the metal there can be no mistake; but whether it was really taken from the spot indicated, or intended merely as a hoax or perhaps a swindle, it is quite impossible, at the present moment, to say.",They soon found and secured another seven more gold-bearing quartz reefs.,0.37231767177581787,0.49320077896118164,-0.12088310718536377,0
TRIPLET_00913,Wildlife,Platypus,https://en.wikipedia.org/wiki/Platypus,Evolution > Genome,Evolution > Genome,Evolution,Platypus_SEC_009_SENT_006,Platypus_SEC_009_SENT_005,Platypus_SEC_008_SENT_007,"Though the platypus lacks the mammalian sex-determining gene SRY, a study found that the mechanism of sex determination is the AMH gene on the oldest Y chromosome.",The platypus genome also has both reptilian and mammalian genes associated with egg fertilisation.,"The remains of Steropodon were discovered in New South Wales, composed of an opalised lower jawbone with three molar teeth (whereas the adult contemporary platypus is toothless).",0.46121394634246826,0.5807339549064636,-0.11952000856399536,0
TRIPLET_00743,Sport,Rugby league in Australia,https://en.wikipedia.org/wiki/Rugby_league_in_Australia,History > 20th century,History > 20th century,Variants > OzTag,Rugby_league_in_Australia_SEC_001_SENT_035,Rugby_league_in_Australia_SEC_001_SENT_040,Rugby_league_in_Australia_SEC_015_SENT_002,"The second game of the 1994 State of Origin series was brought south to the Melbourne Cricket Ground and re-set the nation's rugby league attendance record with 87,161.",1997 was unique in Australian rugby league's history as it was split into two separate competitions: the 1997 ARL season and the 1997 Super League season.,Cronulla Sharks and St George Dragons halfback Perry Haddock introduced the sport in Australia while coaching the 1992 St George Jersey Flegg side.,0.5902760028839111,0.7087686657905579,-0.11849266290664673,0
TRIPLET_00380,Universities,Australian National University,https://en.wikipedia.org/wiki/Australian_National_University,Student life > Student media > Woroni,Student life > Student media > Woroni,Events > 2018 network compromise,Australian_National_University_SEC_020_SENT_007,Australian_National_University_SEC_020_SENT_008,Australian_National_University_SEC_024_SENT_002,"In 2012, an online radio station called Woroni Radio was launched, and a video production arm called Woroni TV was started in 2017.",This newspaper has been digitised as part of the Australian Newspapers Digitisation Program of the National Library of Australia.,ABC News reported that the initial breach occurred when a phishing message was previewed.,0.3809856176376343,0.4992854595184326,-0.11829984188079834,0
TRIPLET_01075,History,Federation of Australia,https://en.wikipedia.org/wiki/Federation_of_Australia,Early calls for federation,Early calls for federation,Federal Constitution,Federation_of_Australia_SEC_001_SENT_012,Federation_of_Australia_SEC_001_SENT_002,Federation_of_Australia_SEC_011_SENT_005,"The committee reported in favour of a federal assembly being established, but the government changed in the meantime, and the question was shelved.","In September 1846, the New South Wales Colonial Secretary Sir Edward Deas Thomson suggested federation in the New South Wales Legislative Council.","The office of governor-general was established as the Queen's representative; initially, as a representative of the British Government.",0.4114943742752075,0.5290994644165039,-0.11760509014129639,0
TRIPLET_00777,Sport,Tennis in Australia,https://en.wikipedia.org/wiki/Tennis_in_Australia,Broadcasting > WTA Tour Events,Broadcasting > WTA Tour Events,Broadcasting > US Open,Tennis_in_Australia_SEC_011_SENT_001,Tennis_in_Australia_SEC_011_SENT_002,Tennis_in_Australia_SEC_009_SENT_003,"All Women's Tennis Association (WTA) Tour events, with the exception of the Brisbane, Adelaide and Hobart Internationals are televised on BeIN Sports a subscription service available through Amazon Prime Video and through BeIN Sports directly.","In 2021, BeIN Sports signed a deal with the WTA giving them broadcast rights until 2026.","Prior to Nine, subscription channel ESPN Australia broadcast the US Open simulcasting coverage from their American counterparts with localised coverage occurring for matches involving Australian players.",0.5618188381195068,0.6784887909889221,-0.11666995286941528,0
TRIPLET_00911,Wildlife,Platypus,https://en.wikipedia.org/wiki/Platypus,Description > Venom,Description > Venom,Conservation > Sanctuaries and captivity,Platypus_SEC_004_SENT_005,Platypus_SEC_004_SENT_003,Platypus_SEC_011_SENT_004,"Starting from the wounded area, the affected limb develops edema (swelling via fluid buildup) which can lead to an excruciating hyperalgesia (heightened sensitivity to pain) that can last as long as months.","Similar spurs are found on many archaic mammal groups, indicating that this was an ancient general characteristic among mammals.","Between 2008 and 2012, platypuses were bred regularly at Healesville, including twins.",0.3279638886451721,0.4446122646331787,-0.11664837598800659,0
TRIPLET_01151,History,Eureka Rebellion,https://en.wikipedia.org/wiki/Eureka_Rebellion,Location of Bakery Hill and the Eureka Stockade,Location of Bakery Hill and the Eureka Stockade,Origins in the Victorian gold rush > Protests on the goldfields: 1851–1854 > First gold commissioner arrives in Ballarat,Eureka_Rebellion_SEC_019_SENT_002,Eureka_Rebellion_SEC_019_SENT_007,Eureka_Rebellion_SEC_003_SENT_006,"Reed called for the formation of a committee of citizens to ""beautify the spot, and to preserve the tree stump"" upon which Lalor addressed the assembled rebels during the oath swearing ceremony.","As of 2016, the area was a car park awaiting residential development.",The Forest Creek Monster Meeting took place at Mount Alexander on 15 December 1851.,0.30356231331825256,0.4190753996372223,-0.11551308631896973,0
TRIPLET_00754,Sport,Tennis in Australia,https://en.wikipedia.org/wiki/Tennis_in_Australia,Broadcasting > French Open,Broadcasting > French Open,Broadcasting > Wimbledon,Tennis_in_Australia_SEC_007_SENT_001,Tennis_in_Australia_SEC_007_SENT_002,Tennis_in_Australia_SEC_008_SENT_003,"Since 2021, the Nine Network is the Australian broadcast holder with coverage on secondary channel 9Gem.","Additional courts are available to stream via Stan Sport, a pay for view streaming service owned by Nine.",In late 2020 Nine regained exclusive rights to the Championships signing a three-year contract to broadcast the championships until 2023.,0.411723256111145,0.527069091796875,-0.11534583568572998,0
TRIPLET_01174,History,Eureka Rebellion,https://en.wikipedia.org/wiki/Eureka_Rebellion,Origins in the Victorian gold rush > Protests on the goldfields: 1851–1854 > La Trobe introduces monthly mining tax as protests begin,Origins in the Victorian gold rush > Protests on the goldfields: 1851–1854 > La Trobe introduces monthly mining tax as protests begin,Aftermath,Eureka_Rebellion_SEC_002_SENT_005,Eureka_Rebellion_SEC_002_SENT_003,Eureka_Rebellion_SEC_015_SENT_005,"From the outset, there was a division between the ""moral force"" activists who favoured lawful, peaceful and democratic means and those who advocated ""physical force"", with some in attendance suggesting that the miners take up arms against the lieutenant governor, who was irreverently viewed as a feather-wearing, effeminate fop.",There were several mass public meetings and miners' delegations in the years leading up to the armed revolt.,It was around this time that a number of unprovoked shots were fired from the government camp toward the diggings.,0.39366060495376587,0.5083959102630615,-0.11473530530929565,0
TRIPLET_00838,Wildlife,Kangaroo,https://en.wikipedia.org/wiki/Kangaroo,Interaction with humans > Collisions with vehicles,Interaction with humans > Collisions with vehicles,Terminology,Kangaroo_SEC_014_SENT_002,Kangaroo_SEC_014_SENT_009,Kangaroo_SEC_001_SENT_001,A collision with a vehicle is capable of killing a kangaroo.,"Bonnet-mounted devices, designed to scare wildlife off the road with ultrasound and other methods, have been devised and marketed, but are ineffective.","The word kangaroo derives from the Guugu Yimithirr word gangurru, referring to eastern grey kangaroos.",0.41550734639167786,0.5288704633712769,-0.113363116979599,0
TRIPLET_01013,History,History of Australia,https://en.wikipedia.org/wiki/History_of_Australia,From autonomy to federation > The long boom (1860 to 1890),From autonomy to federation > The long boom (1860 to 1890),Inter-war years > Indigenous policy,History_of_Australia_SEC_022_SENT_022,History_of_Australia_SEC_022_SENT_013,History_of_Australia_SEC_033_SENT_003,"From the late 1870s trade unions, Anti-Chinese Leagues and other community groups campaigned against Chinese immigration and low-wage Chinese labour.","Colonial governments spent heavily on infrastructure such as railways, ports, telegraph, schools and urban services.","Reserves were established, ostensibly for the protection of the Aboriginal population who had been dispossessed of their land.",0.4016627073287964,0.5143737196922302,-0.11271101236343384,0
TRIPLET_00899,Wildlife,Koala,https://en.wikipedia.org/wiki/Koala,Behaviour and ecology > Reproduction and development,Behaviour and ecology > Reproduction and development,Relation to humans > Koala diplomacy,Koala_SEC_009_SENT_012,Koala_SEC_009_SENT_002,Koala_SEC_013_SENT_002,The joey crawls into its mother's pouch to continue its development.,Females in oestrus lean their heads back and shake their bodies.,"The term also includes the loan of koalas by the Australian government to overseas zoos in countries such as Singapore and Japan, as a form of ""soft power diplomacy"", like the ""panda diplomacy"" practised by China.",0.3154101073741913,0.4272911548614502,-0.11188104748725891,0
TRIPLET_00309,Universities,University of Melbourne,https://en.wikipedia.org/wiki/University_of_Melbourne,Academic profile > Libraries and collections,Academic profile > Libraries and collections,Student life > Sports and athletics,University_of_Melbourne_SEC_024_SENT_001,University_of_Melbourne_SEC_024_SENT_004,University_of_Melbourne_SEC_040_SENT_008,The University of Melbourne's libraries have over three million visitors performing 42 million loan transactions every year.,"In addition to the study libraries, the Student Union runs a recreational library named the Rowden White Library in the Student Pavilion.",The Melbourne University Cycling Club (MUCyc) is associated with Cycling Australia and competes regularly at local and national races.,0.3763667345046997,0.4873594641685486,-0.11099272966384888,0
TRIPLET_00514,Landmarks,Uluru,https://en.wikipedia.org/wiki/Uluru,Description,Description,Tourism > Climbing,Uluru_SEC_002_SENT_006,Uluru_SEC_002_SENT_004,Uluru_SEC_008_SENT_004,"Both Uluru and the nearby Kata Tjuta formation have great cultural significance for the local Aṉangu people, the traditional inhabitants of the area, who lead walking tours to inform visitors about the bush, food, local flora and fauna, and the Aboriginal Dreamtime stories of the area.","Kata Tjuta, also called Mount Olga or the Olgas, lies 25 km (16 mi) west of Uluru.","On 11 December 1983, the Prime Minister of Australia, Bob Hawke, promised to hand back the land title to the Aṉangu traditional custodians and caretakers and agreed to the community's 10-point plan which included forbidding the climbing of Uluru.",0.24774624407291412,0.3577856421470642,-0.11003939807415009,0
TRIPLET_00762,Sport,Tennis in Australia,https://en.wikipedia.org/wiki/Tennis_in_Australia,Lower Tier Tournaments > ITF Tour,Lower Tier Tournaments > ITF Tour,Highest ranked players > Top 10 Ranked Players,Tennis_in_Australia_SEC_004_SENT_002,Tennis_in_Australia_SEC_004_SENT_001,Tennis_in_Australia_SEC_005_SENT_001,These tournaments serve as entry level events for the ATP and WTA tours and offer points and prize money.,The lowest tier of professional tennis tournaments are the ITF Men's World Tennis Tour and the ITF Women's World Tennis Tour run by the International Tennis Federation (ITF).,The lists include Australian players who have had a ranking inside the ATP or WTA top 10.,0.5830021500587463,0.6930133104324341,-0.11001116037368774,0
TRIPLET_01001,History,History of Australia,https://en.wikipedia.org/wiki/History_of_Australia,Colonisation > Plans for colonisation before 1788,Colonisation > Plans for colonisation before 1788,Post-war boom > Alliances (1950–1972),History_of_Australia_SEC_004_SENT_012,History_of_Australia_SEC_004_SENT_020,History_of_Australia_SEC_041_SENT_020,"Under Banks's guidance, the American Loyalist James Matra, who had also travelled with Cook, produced a new plan for colonising New South Wales in 1783.","The plan was dropped, however, when an investigation of the site in 1786 found it to be unsuitable.","Carl Bridge, however, points out that Australia had been ""hedging its British bets"" for some time.",0.45722582936286926,0.5666009783744812,-0.10937514901161194,0
TRIPLET_01041,History,History of Australia,https://en.wikipedia.org/wiki/History_of_Australia,From autonomy to federation > Colonial self-government and the gold rushes > Eureka stockade,From autonomy to federation > Colonial self-government and the gold rushes > Eureka stockade,Reform and reaction (1972–1996) > Labor governments (1983–1996),History_of_Australia_SEC_020_SENT_009,History_of_Australia_SEC_020_SENT_001,History_of_Australia_SEC_045_SENT_010,The Eureka rebellion soon became a part of Australian nationalist mythology.,"Faced with increasing competition, Victorian miners increasingly complained about the licence fee, corrupt and heavy-handed officials, and the lack of voting rights for itinerant miners.","The government's environmental interventions included stopping the Franklin Dam in Tasmania, banning new uranium mines at Jabiluka, and proposing Kakadu National park for world heritage listing.",0.3718019127845764,0.4804475009441376,-0.10864558815956116,0
TRIPLET_00651,Sport,Cricket in Australia,https://en.wikipedia.org/wiki/Cricket_in_Australia,Organisation of cricket in modern Australia > Domestic cricket > Men's domestic cricket > First class competitions,Organisation of cricket in modern Australia > Domestic cricket > Men's domestic cricket > First class competitions,Organisation of cricket in modern Australia > International cricket > Men's national team,Cricket_in_Australia_SEC_011_SENT_005,Cricket_in_Australia_SEC_011_SENT_002,Cricket_in_Australia_SEC_009_SENT_016,"In 1999, the Australian Cricket Board (now Cricket Australia) announced a 4-year sponsorship deal which included renaming the Sheffield Shield to the Pura Milk Cup, then to the Pura Cup the following season.",It was established in 1892 using a bequest of £150 provided by Lord Sheffield for the improvement of Australian cricket and was originally named the Sheffield Shield in recognition.,"One Day International- The Australian team took part in the first one day international on 5 January 1971, once again also against England at the Melbourne Cricket Ground.",0.6500163078308105,0.7580022215843201,-0.10798591375350952,0
TRIPLET_00459,Landmarks,Sydney Harbour Bridge,https://en.wikipedia.org/wiki/Sydney_Harbour_Bridge,History > Construction,History > Construction,Celebrations > 80th anniversary,Sydney_Harbour_Bridge_SEC_006_SENT_005,Sydney_Harbour_Bridge_SEC_006_SENT_008,Sydney_Harbour_Bridge_SEC_024_SENT_001,"The official ceremony to mark the turning of the first sod occurred on 28 July 1923, on the spot at Milsons Point where two workshops to assist in building the bridge were to be constructed.","As construction of the approaches took place, work was also started on preparing the foundations required to support the enormous weight of the arch and loadings.","On 19 March 2012, the 80th anniversary of the Sydney Harbour Bridge was celebrated with a picnic dedicated to the stories of people with personal connections to the bridge.",0.4689277708530426,0.5759698152542114,-0.10704204440116882,0
TRIPLET_01170,History,Eureka Rebellion,https://en.wikipedia.org/wiki/Eureka_Rebellion,Open rebellion > Battle of the Eureka Stockade,Open rebellion > Battle of the Eureka Stockade,Aftermath,Eureka_Rebellion_SEC_014_SENT_009,Eureka_Rebellion_SEC_014_SENT_002,Eureka_Rebellion_SEC_015_SENT_010,"In his memoirs, one of Lalor's captains, John Lynch, mentions ""some sharp shooting"".","The police and military had the element of surprise and timed their assault on the stockade for dawn on Sunday, the Christian Sabbath day of rest.",Evening thrown into alarm by a volley of musketry fired by the sentries.,0.3972165584564209,0.5031961798667908,-0.10597962141036987,0
TRIPLET_00977,Wildlife,Tasmanian devil,https://en.wikipedia.org/wiki/Tasmanian_devil,Relationship with humans > In popular culture,Relationship with humans > In popular culture,Ecology and behaviour,Tasmanian_devil_SEC_015_SENT_013,Tasmanian_devil_SEC_015_SENT_006,Tasmanian_devil_SEC_005_SENT_012,"In 1997, a newspaper report noted that Warner Bros. had ""trademarked the character and registered the name Tasmanian Devil"", and that this trademark ""was policed"", including an eight-year legal case to allow a Tasmanian company to call a fishing lure ""Tasmanian Devil"".","In 2015, the Tasmanian devil was chosen as Tasmania's state emblem.",Tasmanian devils in Narawntapu National Park were fitted with proximity sensing radio collars which recorded their interactions with other devils over several months from February to June 2006.,0.598196268081665,0.703789234161377,-0.10559296607971191,0
TRIPLET_00302,Universities,University of Melbourne,https://en.wikipedia.org/wiki/University_of_Melbourne,Campuses and buildings,Campuses and buildings,Campuses and buildings > Shepparton,University_of_Melbourne_SEC_007_SENT_009,University_of_Melbourne_SEC_007_SENT_012,University_of_Melbourne_SEC_013_SENT_003,"They previously housed several hundred residential students, but are now largely used for short courses and research.","A new campus located in Fishermans Bend is currently under planning, and construction may commence 2026.","It provides fully furnished, subsidized, self-catered student accommodation on site at the Clinical School.",0.28439632058143616,0.38934168219566345,-0.1049453616142273,0
TRIPLET_00043,Cities,Sydney,https://en.wikipedia.org/wiki/Sydney,Economy > Tourism and international education,Economy > Tourism and international education,Culture > Entertainment,Sydney_SEC_027_SENT_010,Sydney_SEC_027_SENT_006,Sydney_SEC_034_SENT_023,"Major developmental projects designed to increase Sydney's tourism sector include a casino and hotel at Barangaroo and the redevelopment of East Darling Harbour, which involves a new exhibition and convention centre, now Australia's largest.","26,700 workers in the City of Sydney were directly employed by tourism in 2011.","The Australian New Wave saw a resurgence in film production, with many notable features shot in the city between the 1970s and 80s, helmed by directors such as Bruce Beresford, Peter Weir and Gillian Armstrong.",0.6114242076873779,0.7142091989517212,-0.10278499126434326,0
TRIPLET_00147,Cities,Brisbane,https://en.wikipedia.org/wiki/Brisbane,Tourism and recreation,Tourism and recreation,Urban structure > Architecture,Brisbane_SEC_020_SENT_003,Brisbane_SEC_020_SENT_001,Brisbane_SEC_011_SENT_012,Another popular stretch runs beneath the Kangaroo Point Cliffs between South Brisbane and Kangaroo Point.,"Tourism plays a major role in Brisbane's economy, being the third-most popular destination for international tourists after Sydney and Melbourne.",Brisbane is home to several of Australia's tallest buildings.,0.4312437176704407,0.5334868431091309,-0.10224312543869019,0
TRIPLET_00681,Sport,Cricket in Australia,https://en.wikipedia.org/wiki/Cricket_in_Australia,Organisation of cricket in modern Australia > Domestic cricket > Men's domestic cricket > First class competitions,Organisation of cricket in modern Australia > Domestic cricket > Men's domestic cricket > First class competitions,Organisation of cricket in modern Australia > International cricket,Cricket_in_Australia_SEC_011_SENT_001,Cricket_in_Australia_SEC_011_SENT_003,Cricket_in_Australia_SEC_008_SENT_002,Sheffield Shield –The Sheffield Shield is the domestic first-class cricket competition in Australia.,"When established, the competition included the colonies (later states) of New South Wales, South Australia and Victoria.","Along with England, Australia was recognised as one of the founder nations of the Imperial Cricket Conference, later the International Cricket Council.",0.6093519926071167,0.7113671898841858,-0.10201519727706909,0
TRIPLET_01115,History,Australian gold rushes,https://en.wikipedia.org/wiki/Australian_gold_rushes,Notable gold finds that started rushes > 1871–1909: Pine Creek and other finds in the Northern Territory,Notable gold finds that started rushes > 1871–1909: Pine Creek and other finds in the Northern Territory,"Pre-rush gold finds > 1848–1850: Pyrenees Ranges, Victoria",Australian_gold_rushes_SEC_035_SENT_001,Australian_gold_rushes_SEC_035_SENT_002,Australian_gold_rushes_SEC_015_SENT_009,"In June 1909, a rich find of gold was reported from Tanami... Steps are being taken to open up this field by sinking wells to provide permanent water, of which there is a great scarcity in the district.",A large number of Chinese are engaged in mining in the Territory.,"This could perhaps be categorized as the first, though unofficial, gold rush in Victoria, or perhaps the gold rush that was stamped out.",0.5382422208786011,0.6401230692863464,-0.10188084840774536,0
TRIPLET_01046,History,History of Australia,https://en.wikipedia.org/wiki/History_of_Australia,Reform and reaction (1972–1996) > Labor governments (1983–1996),Reform and reaction (1972–1996) > Labor governments (1983–1996),Colonisation > Impact of British settlement on Indigenous population > Disease,History_of_Australia_SEC_045_SENT_030,History_of_Australia_SEC_045_SENT_033,History_of_Australia_SEC_015_SENT_009,The government also introduced family payments and a superannuation guarantee with compulsory employer contributions.,"With foreign debt, inflation and unemployment still stubbornly high, Keating lost the March 1996 Election to the Liberals' John Howard.","It is estimated that about 60 per cent of these deaths were from introduced diseases, 18 per cent from natural causes and 15 per cent from settler violence.",0.29435235261917114,0.3961160182952881,-0.10176366567611694,0
TRIPLET_00006,Cities,Sydney,https://en.wikipedia.org/wiki/Sydney,Infrastructure > Education,Infrastructure > Education,Urban structure > Architecture,Sydney_SEC_040_SENT_017,Sydney_SEC_040_SENT_010,Sydney_SEC_019_SENT_016,"The college became the Sydney Institute in 1992 and now operates alongside its sister TAFE facilities across the Sydney metropolitan area, namely the Northern Sydney Institute, the Western Sydney Institute, and the South Western Sydney Institute.",5.2% of residents of Sydney are attending a university.,Sydney Technical College was completed in 1893 using both Romanesque Revival and Queen Anne approaches.,0.546868622303009,0.6483532190322876,-0.10148459672927856,0
TRIPLET_00508,Landmarks,Uluru,https://en.wikipedia.org/wiki/Uluru,Geology > Age and origin,Geology > Age and origin,Tourism > Photography,Uluru_SEC_013_SENT_010,Uluru_SEC_013_SENT_008,Uluru_SEC_009_SENT_002,This lack of sorting and grain rounding is typical of arkosic sandstones and is indicative of relatively rapid erosion from the granites of the growing mountains to the south.,"They were thrust up during a mountain building episode referred to as the Petermann Orogeny that took place in late Neoproterozoic to early Cambrian times (550–530 Ma), and thus the Mutitjulu Arkose is believed to have been deposited at about the same time, hence then in Gondwana (now in Australia).",These areas are the sites of gender-linked rituals or ceremonies and are forbidden ground for Aṉangu of the opposite sex to those participating in the rituals in question.,0.38702064752578735,0.4882671535015106,-0.10124650597572327,0
TRIPLET_00372,Universities,Australian National University,https://en.wikipedia.org/wiki/Australian_National_University,Events > 2023 campus attack,Events > 2023 campus attack,Academic profile,Australian_National_University_SEC_025_SENT_001,Australian_National_University_SEC_025_SENT_002,Australian_National_University_SEC_014_SENT_002,"In September 2023, Alex Ophel (an ex-student) stabbed two female students and assaulted a male student with a frying pan.",There were several injuries but no fatalities.,ANU participates in the US Financial Direct Loan program.,-0.024469800293445587,0.07627930492162704,-0.10074910521507263,0
TRIPLET_00394,Universities,Australian National University,https://en.wikipedia.org/wiki/Australian_National_University,Academic profile,Academic profile,History > Modern era,Australian_National_University_SEC_014_SENT_002,Australian_National_University_SEC_014_SENT_004,Australian_National_University_SEC_003_SENT_009,ANU participates in the US Financial Direct Loan program.,ANU and University of Melbourne are the only two Australian partner universities of Yale University's Fox Fellowship program.,As of 2014 ANU holds investments in major fossil fuel companies.,0.35952848196029663,0.4599899351596832,-0.1004614531993866,0
TRIPLET_00243,Universities,Macquarie University,https://en.wikipedia.org/wiki/Macquarie_University,Student life > Leadership and development,Student life > Leadership and development,Academic profile > Other sub-units > Start-up incubator,Macquarie_University_SEC_024_SENT_002,Macquarie_University_SEC_024_SENT_013,Macquarie_University_SEC_014_SENT_001,"The GLP aims to instil leadership and innovation skills, cross-cultural understanding and a sense of global citizenship in its graduates.",The PIEoneer Awards are the only global awards that celebrate innovation and achievement across the whole of the international education industry.,The Macquarie University Incubator is a space to research and develop ideas that can be commercialised.,0.5552273392677307,0.6550129055976868,-0.09978556632995605,0
TRIPLET_00015,Cities,Sydney,https://en.wikipedia.org/wiki/Sydney,Infrastructure > Utilities,Infrastructure > Utilities,Culture > Entertainment,Sydney_SEC_049_SENT_005,Sydney_SEC_049_SENT_010,Sydney_SEC_034_SENT_009,"It transports water 100 km (62 mi) from the Nepean, Cataract, and Cordeaux rivers and continues to service about 15% of Sydney's water needs.",The Sydney Desalination Plant came into operation in 2010.,"It has staged over 100,000 performances and received 100 million visitors since opening in 1973.",0.5281212329864502,0.6277452707290649,-0.09962403774261475,0
TRIPLET_00589,Landmarks,Great Barrier Reef,https://en.wikipedia.org/wiki/Great_Barrier_Reef,Environmental threats > Pollution > Pollution from mining,Environmental threats > Pollution > Pollution from mining,Environmental threats > Crown of thorns,Great_Barrier_Reef_SEC_010_SENT_001,Great_Barrier_Reef_SEC_010_SENT_002,Great_Barrier_Reef_SEC_011_SENT_004,Mining company Queensland Nickel discharged nitrate-laden water into the Great Barrier Reef in 2009 and 2011 – on the later occasion releasing 516 tonnes (508 long tons; 569 short tons) of waste water.,"The Great Barrier Reef Marine Park Authority (GBRMPA) stated ""We have strongly encouraged the company to investigate options that do not entail releasing the material to the environment and to develop a management plan to eliminate this potential hazard; however, GBRMPA does not have legislative control over how the Yabulu tailings dam is managed"".","Outbreaks are believed to occur in natural cycles, worsened by poor water quality and overfishing of the starfish's predators.",0.4361450672149658,0.5350531339645386,-0.09890806674957275,0
TRIPLET_00805,Wildlife,Kangaroo,https://en.wikipedia.org/wiki/Kangaroo,Interaction with humans,Interaction with humans,Emblems and popular culture,Kangaroo_SEC_012_SENT_014,Kangaroo_SEC_012_SENT_012,Kangaroo_SEC_015_SENT_006,The first attack occurred in New South Wales in 1936 when a hunter was killed as he tried to rescue his two dogs from a heated fray.,"There are very few records of kangaroos attacking humans without provocation; however, several such unprovoked attacks in 2004 spurred fears of a rabies-like disease possibly affecting the marsupials.","The kangaroo appears in Rudyard Kipling's Just So Stories, ""The Sing-Song of Old Man Kangaroo"", while the kangaroo is chased by a dingo, he gives Nqong the Big God's advice, that his legs and tail grew longest before five o'clock.",0.5321803092956543,0.6310302019119263,-0.09884989261627197,0
TRIPLET_01030,History,History of Australia,https://en.wikipedia.org/wiki/History_of_Australia,Society and culture (1960s–present) > Social developments > Indigenous Australians,Society and culture (1960s–present) > Social developments > Indigenous Australians,Post-war boom > Menzies and Liberal dominance (1949–72),History_of_Australia_SEC_053_SENT_013,History_of_Australia_SEC_053_SENT_044,History_of_Australia_SEC_037_SENT_020,"In 1966, the Australian government gave Aboriginal people the same rights to social security benefits as other Australians.","However, by 2001 Indigenous incarceration rates and deaths in custody had increased.","When Menzies retired in 1965, he was replaced as Liberal leader and prime minister by Harold Holt.",0.38382652401924133,0.48239001631736755,-0.09856349229812622,0
TRIPLET_00429,Landmarks,Sydney Opera House,https://en.wikipedia.org/wiki/Sydney_Opera_House,History > Origins of the project > Architecture competition 1955–1957,History > Origins of the project > Architecture competition 1955–1957,Description,Sydney_Opera_House_SEC_004_SENT_010,Sydney_Opera_House_SEC_004_SENT_006,Sydney_Opera_House_SEC_001_SENT_004,"Utzon first visited Sydney on 29 July 1957 along with Erik Andersson who had worked on the competition scheme, to help establish and supervise the developing project.","Utzon's design was inspired by natural shapes, most notably those of bird wings, clouds, shells, walnuts, rivers and palm leaves.",The highest roof point is 67 metres above sea-level which is the same height as that of a 22-storey building.,0.25629329681396484,0.3546937108039856,-0.09840041399002075,0
TRIPLET_00552,Landmarks,Great Barrier Reef,https://en.wikipedia.org/wiki/Great_Barrier_Reef,Environmental threats > Ocean Acidification,Environmental threats > Ocean Acidification,Environmental threats > Pollution,Great_Barrier_Reef_SEC_006_SENT_005,Great_Barrier_Reef_SEC_006_SENT_006,Great_Barrier_Reef_SEC_007_SENT_001,The Great Barrier Reef is predicted to lose aragonite at a rate of about 0.1 per decade this century.,The acidic water breaks down the materials that coral and shell building creatures need to grow.,Another key threat faced by the Great Barrier Reef is pollution and declining water quality.,0.35634714365005493,0.4537924528121948,-0.09744530916213989,0
TRIPLET_01181,History,Eureka Rebellion,https://en.wikipedia.org/wiki/Eureka_Rebellion,Open rebellion > Paramilitary mobilisation and swearing allegiance to the Southern Cross > Fortification of the Eureka lead > Departing detachment of Independent Californian Rangers leaves small garrison behind,Open rebellion > Paramilitary mobilisation and swearing allegiance to the Southern Cross > Fortification of the Eureka lead > Departing detachment of Independent Californian Rangers leaves small garrison behind,Open rebellion > Paramilitary mobilisation and swearing allegiance to the Southern Cross > Fortification of the Eureka lead > Vinegar Hill blunder: Irish dimension factors in dwindling numbers at stockade,Eureka_Rebellion_SEC_013_SENT_008,Eureka_Rebellion_SEC_013_SENT_007,Eureka_Rebellion_SEC_012_SENT_019,"Their coolness and bravery were admirable when it is considered that the odds were 3 to 1 against"".","According to Lalor's reckoning: ""There were about 70 men possessing guns, 30 with pikes and 30 with pistols, but many had no more than one or two rounds of ammunition.","Blainey has advanced the view that the white cross of the Eureka Flag is ""really an Irish cross rather than being [a] configuration of the Southern Cross"".",0.28594309091567993,0.3816720247268677,-0.09572893381118774,0
TRIPLET_01049,History,History of Australia,https://en.wikipedia.org/wiki/History_of_Australia,Colonisation > Impact of British settlement on Indigenous population,Colonisation > Impact of British settlement on Indigenous population,Colonisation > Convicts and colonial society > Women,History_of_Australia_SEC_014_SENT_001,History_of_Australia_SEC_014_SENT_002,History_of_Australia_SEC_011_SENT_007,"When the First Fleet arrived in Sydney Cove with some 1,300 colonists in January 1788 the Aboriginal population of the Sydney region is estimated to have been about 3,000 people.","The first governor of New South Wales, Arthur Phillip, arrived with instructions to: endeavour by every possible means to open an intercourse with the natives, and to conciliate their affections, enjoining all our subjects to live in amity and kindness with them.",Caroline Chisholm established a shelter and labour exchange for migrant women in New South Wales in the 1840s and promoted the settlement of single and married women in rural areas.,0.36641407012939453,0.46113350987434387,-0.09471943974494934,0
TRIPLET_00726,Sport,Rugby league in Australia,https://en.wikipedia.org/wiki/Rugby_league_in_Australia,Media coverage,Media coverage,Demographics of the game > Location,Rugby_league_in_Australia_SEC_019_SENT_010,Rugby_league_in_Australia_SEC_019_SENT_003,Rugby_league_in_Australia_SEC_012_SENT_001,ABC radio's Grandstand program broadcasts live rugby league games on the weekends.,"All premiership games are broadcast on television, either free-to-air or cable.","Rugby league is by far the largest and most popular sport in New South Wales, Queensland and the Australian Capital Territory (which constitute 55% of the population of Australia).",0.42089807987213135,0.5140213966369629,-0.09312331676483154,0
TRIPLET_00978,Wildlife,Tasmanian devil,https://en.wikipedia.org/wiki/Tasmanian_devil,Ecology and behaviour,Ecology and behaviour,Ecology and behaviour > Reproduction,Tasmanian_devil_SEC_005_SENT_005,Tasmanian_devil_SEC_005_SENT_028,Tasmanian_devil_SEC_007_SENT_050,"Devils can scale trees of trunk diameter larger than 40 cm (16 in), which tend to have no small side branches to hang onto, up to a height of around 2.5–3 m (8 ft 2 in – 9 ft 10 in).","However, there are also reports that an upper bound can be 50 km (31 mi) per night.",The milk contains a higher amount of iron than the milk of placental mammals.,0.3902677297592163,0.48211774230003357,-0.09185001254081726,0
TRIPLET_00092,Cities,Melbourne,https://en.wikipedia.org/wiki/Melbourne,History > Indigenous people,History > Indigenous people,Demographics > Religion,Melbourne_SEC_002_SENT_003,Melbourne_SEC_002_SENT_001,Melbourne_SEC_021_SENT_001,It was an important meeting place for the clans of the Kulin nation alliance and a vital source of food and water.,"Aboriginal Australians have lived in the Melbourne area for at least 40,000 years.","Melbourne has a wide range of religious faiths, the most widely held of which is Christianity.",0.3085675835609436,0.3998076915740967,-0.09124010801315308,0
TRIPLET_00022,Cities,Sydney,https://en.wikipedia.org/wiki/Sydney,Toponymy,Toponymy,Economy > Businesses,Sydney_SEC_001_SENT_004,Sydney_SEC_001_SENT_002,Sydney_SEC_023_SENT_004,"By 1790 Phillip and other officials were regularly calling the township ""Sydney"".",The cove was called Warrane by the Aboriginal inhabitants.,There are 283 multinational companies with regional offices in Sydney.,0.49239012598991394,0.5822597742080688,-0.08986964821815491,0
TRIPLET_00223,Universities,Macquarie University,https://en.wikipedia.org/wiki/Macquarie_University,Student life,Student life,Student life > Student media and radio,Macquarie_University_SEC_018_SENT_001,Macquarie_University_SEC_018_SENT_002,Macquarie_University_SEC_020_SENT_002,"Campus Life manages the university's non-academic services: food and retail, sport and recreation, student groups, child care, and entertainment.","From late 2017 onward its Campus Hub facility has been closed for reconstruction; a 'pop-up'-style replacement, the Campus Common, has been opened for the duration.",The station is jointly owned by Macquarie University and the University of Technology Sydney.,0.40549567341804504,0.4948459565639496,-0.08935028314590454,0
TRIPLET_00496,Landmarks,Sydney Harbour Bridge,https://en.wikipedia.org/wiki/Sydney_Harbour_Bridge,Celebrations > 50th Anniversary celebrations,Celebrations > 50th Anniversary celebrations,History > Official opening ceremony,Sydney_Harbour_Bridge_SEC_017_SENT_001,Sydney_Harbour_Bridge_SEC_017_SENT_002,Sydney_Harbour_Bridge_SEC_007_SENT_013,"In 1982, the 50th anniversary of the opening of the bridge was celebrated.","For the first time since its opening in 1932, the bridge was closed to most vehicles with the exception of vintage vehicles, and pedestrians were allowed full access for the day.","A similar ribbon-cutting ceremony on the bridge's northern side by North Sydney's mayor, Alderman Primrose, was carried out without incident.",0.4390231966972351,0.5281790494918823,-0.08915585279464722,0
TRIPLET_00347,Universities,University of Melbourne,https://en.wikipedia.org/wiki/University_of_Melbourne,History > 2024 – present: Student occupations and conclusion of Maskell's tenure,History > 2024 – present: Student occupations and conclusion of Maskell's tenure,Governance and structure > Finances and endowment,University_of_Melbourne_SEC_006_SENT_013,University_of_Melbourne_SEC_006_SENT_010,University_of_Melbourne_SEC_019_SENT_003,"On 30 September 2024, it was announced that Emma Johnston would be appointed the university's next Vice-Chancellor, succeeding Maskell.",The university became subject to an investigation by the Office of the Victorian Information Commissioner into whether it breached privacy laws by using surveillance technology to identify students who participated in the protests.,"This required restructuring of the university, including cutting 220 full-time positions.",0.28318190574645996,0.3719734251499176,-0.08879151940345764,0
TRIPLET_00516,Landmarks,Uluru,https://en.wikipedia.org/wiki/Uluru,Description,Description,Tourism > Photography,Uluru_SEC_002_SENT_005,Uluru_SEC_002_SENT_003,Uluru_SEC_009_SENT_001,Special viewing areas with road access and parking have been constructed to give tourists the best views of both sites at dawn and dusk.,The reddish colour in the rock derives from iron oxide in the sandstone.,"The Aṉangu request that visitors do not photograph certain sections of Uluru, for reasons related to traditional Tjukurpa (Dreaming) beliefs.",0.214588925242424,0.3031443953514099,-0.0885554701089859,0
TRIPLET_00366,Universities,Australian National University,https://en.wikipedia.org/wiki/Australian_National_University,Academic profile,Academic profile,"Governance and structure > Constituent colleges > Arts, Humanities and Social Sciences",Australian_National_University_SEC_014_SENT_005,Australian_National_University_SEC_014_SENT_002,Australian_National_University_SEC_008_SENT_001,"ANU has exchange partnership with Yale University, Brown University, MIT and Oxford University, and ANU has a research partnership with Harvard University.",ANU participates in the US Financial Direct Loan program.,The ANU College of Arts and Social Sciences is divided into the Research School of Social Sciences (RSSS) and Research School of Humanities and the Arts (RSHA).,0.5357550382614136,0.6233569383621216,-0.08760190010070801,0
TRIPLET_00446,Landmarks,Sydney Opera House,https://en.wikipedia.org/wiki/Sydney_Opera_House,History > Design development and construction timeline > Stage I: Podium,History > Design development and construction timeline > Stage I: Podium,History > Utzon and his resignation,Sydney_Opera_House_SEC_006_SENT_003,Sydney_Opera_House_SEC_006_SENT_004,Sydney_Opera_House_SEC_012_SENT_030,But Utzon had still not completed the final designs.,"By 23 January 1961, work was running 47 weeks behind, mainly because of unexpected difficulties (inclement weather, unexpected difficulty diverting stormwater, construction beginning before proper construction drawings had been prepared, changes of original contract documents).",Utzon left the project on 28 February 1966.,0.4483436346054077,0.5338184237480164,-0.08547478914260864,0
TRIPLET_00975,Wildlife,Tasmanian devil,https://en.wikipedia.org/wiki/Tasmanian_devil,Taxonomy > Genetics,Taxonomy > Genetics,Relationship with humans > In captivity,Tasmanian_devil_SEC_002_SENT_023,Tasmanian_devil_SEC_002_SENT_021,Tasmanian_devil_SEC_014_SENT_009,Recent research has suggested that the wild population of devils are rapidly evolving a resistance to DFTD.,"In contrast, in the west, Cape Sorell yielded three types, and Togari North-Christmas Hills yielded six, but the other seven sites all had at least eight MHC types, and West Pencil Pine had 15 types.","In general, females tend to retain more stress after being taken into captivity than males.",0.3617703318595886,0.4464800953865051,-0.0847097635269165,0
TRIPLET_00902,Wildlife,Platypus,https://en.wikipedia.org/wiki/Platypus,Conservation > Sanctuaries and captivity,Conservation > Sanctuaries and captivity,Ecology and behaviour > Reproduction,Platypus_SEC_011_SENT_009,Platypus_SEC_011_SENT_008,Platypus_SEC_007_SENT_005,One of the females; Penelope had a false proto-pregnancy.,"Three platypuses were given to the Bronx Zoo in 1947, two females and a male.","The female retreats into a nesting/breeding burrow made of grass, which can be 30 m (98 ft) long, to lay eggs and raise young.",0.3002888560295105,0.3846614956855774,-0.0843726396560669,0
TRIPLET_00934,Wildlife,Platypus,https://en.wikipedia.org/wiki/Platypus,Ecology and behaviour,Ecology and behaviour,Description > Senses,Platypus_SEC_006_SENT_013,Platypus_SEC_006_SENT_019,Platypus_SEC_003_SENT_024,"In captivity, platypuses have survived up to thirty years, and wild specimens have been recaptured at twenty-four years old.","The fungus Mucor amphibiorum has been reported in Tasmanian platypuses, which causes the disease mucormycosis, symptoms of which include skin lesions and ulcers along the body.",The olfactory (smelling) systems of the platypus and the echidna independently evolved from an ancestor with less advanced smelling.,0.26705843210220337,0.35141563415527344,-0.08435720205307007,0
TRIPLET_00165,Cities,Perth,https://en.wikipedia.org/wiki/Perth,Geography > Geology and landforms,Geography > Geology and landforms,History > Convict era and gold rushes,Perth_SEC_009_SENT_004,Perth_SEC_009_SENT_003,Perth_SEC_005_SENT_006,The soils of this area are quite infertile.,"The city centre and most of the suburbs are on the sandy and relatively flat Swan Coastal Plain, which lies between the Darling Scarp and the Indian Ocean.","The main streets are macadamised, but the outlying ones and most of the footpaths retain their native state from the loose sand—the all pervading element of Western Australia—productive of intense glare or much dust in the summer and dissolving into slush during the rainy season.",0.3835259974002838,0.4678509831428528,-0.08432498574256897,0
TRIPLET_00927,Wildlife,Platypus,https://en.wikipedia.org/wiki/Platypus,Distribution and habitat,Distribution and habitat,Evolution,Platypus_SEC_005_SENT_009,Platypus_SEC_005_SENT_008,Platypus_SEC_008_SENT_012,"Platypuses can be found in a variety of freshwater habitats including rivers, streams, lakes and lagoon-like pools.","The platypus has almost disappeared from the Murray–Darling Basin, possibly due to poor water management.",These are also considered potential members of the platypus Ornithorhynchidae.,0.3776508569717407,0.46182870864868164,-0.08417785167694092,0
TRIPLET_00314,Universities,University of Melbourne,https://en.wikipedia.org/wiki/University_of_Melbourne,Academic profile > Other collections > Dax Centre,Academic profile > Other collections > Dax Centre,Academic profile > Museums and archives > Tiegs Museum,University_of_Melbourne_SEC_036_SENT_001,University_of_Melbourne_SEC_036_SENT_003,University_of_Melbourne_SEC_031_SENT_002,The Dax Centre is located at the university's Parkville campus in the Kenneth Myer Building.,Exhibitions and educational programs hosted by the centre seek to promote mental health.,"The museum hosts a collection of zoological specimens accumulated over 120 years, and is named after the former professor and faculty dean Oscar Tiegs.",0.33695435523986816,0.4208996295928955,-0.08394527435302734,0
TRIPLET_00597,Landmarks,Great Barrier Reef,https://en.wikipedia.org/wiki/Great_Barrier_Reef,Environmental threats > Pollution > Eutrophication,Environmental threats > Pollution > Eutrophication,Environmental threats > Overfishing,Great_Barrier_Reef_SEC_009_SENT_001,Great_Barrier_Reef_SEC_009_SENT_004,Great_Barrier_Reef_SEC_012_SENT_002,"Farming fertiliser runoff release nitrogen, phosphorus, and potassium into the oceanic ecosystem, and these limiting nutrients cause massive algal growth which eventually leads to a reduction in oxygen available for other creatures in a process called eutrophication.",Fertilizers also increase the amount of phytoplankton available for the crown-of-thorns starfish larvae to consume.,"Fishing also impacts the reef through increased water pollution from boats, by-catch of unwanted species (such as dolphins and turtles) and habitat destruction from trawling, anchors and nets.",0.6217406988143921,0.7048178911209106,-0.08307719230651855,0
TRIPLET_00826,Wildlife,Kangaroo,https://en.wikipedia.org/wiki/Kangaroo,Biology and behaviour > Predators,Biology and behaviour > Predators,Interaction with humans > Collisions with vehicles,Kangaroo_SEC_008_SENT_005,Kangaroo_SEC_008_SENT_003,Kangaroo_SEC_014_SENT_012,"Kangaroos and wallabies are adept swimmers, and often flee into waterways if presented with the option.","However, with the arrival of humans in Australia at least 50,000 years ago and the introduction of the dingo about 5,000 years ago, kangaroos have had to adapt.","In New South Wales, rehabilitation of kangaroos is carried out by volunteers from WIRES.",0.4132910966873169,0.4962797164916992,-0.08298861980438232,0
TRIPLET_01098,History,Federation of Australia,https://en.wikipedia.org/wiki/Federation_of_Australia,Early calls for federation,Early calls for federation,Early calls for federation > Early opposition,Federation_of_Australia_SEC_001_SENT_016,Federation_of_Australia_SEC_001_SENT_004,Federation_of_Australia_SEC_003_SENT_004,"Wentworth, hoping to garner as broad support as possible, proposed a loose association of the colonies, which was criticised by Robert Lowe.","In 1853, FitzRoy was appointed as Governor of Van Diemen's Land, South Australia and Victoria—a pre-federation governor-general of Australia, with wide-ranging powers to intervene in inter-colonial disputes.",These were not the only concerns of those resistant to federation.,0.49879026412963867,0.5817199349403381,-0.08292967081069946,0
TRIPLET_00752,Sport,Tennis in Australia,https://en.wikipedia.org/wiki/Tennis_in_Australia,Highest ranked players > Top 10 Ranked Players,Highest ranked players > Top 10 Ranked Players,Broadcasting > French Open,Tennis_in_Australia_SEC_005_SENT_001,Tennis_in_Australia_SEC_005_SENT_002,Tennis_in_Australia_SEC_007_SENT_001,The lists include Australian players who have had a ranking inside the ATP or WTA top 10.,The rankings were introduced in 1973 (men) and 1975 (women).,"Since 2021, the Nine Network is the Australian broadcast holder with coverage on secondary channel 9Gem.",0.36358046531677246,0.4461996555328369,-0.08261919021606445,0
TRIPLET_01165,History,Eureka Rebellion,https://en.wikipedia.org/wiki/Eureka_Rebellion,Commemoration > 21st century,Commemoration > 21st century,Open rebellion > Paramilitary mobilisation and swearing allegiance to the Southern Cross > Fortification of the Eureka lead > Vinegar Hill blunder: Irish dimension factors in dwindling numbers at stockade,Eureka_Rebellion_SEC_023_SENT_011,Eureka_Rebellion_SEC_023_SENT_003,Eureka_Rebellion_SEC_012_SENT_002,"In June 2022, the City of Ballarat, in conjunction with Eureka Australia, unveiled a new Pathway of Remembrance at the Eureka Stockade Memorial Park commemorating the ""35 men who lost their lives during the Eureka Stockade in 1854"".",The proposal was criticised by community groups including the Public Transport Users Association.,Peter FitzSimons has questioned whether this contemporaneous report of the otherwise unaccounted-for Union Jack known as the Eureka Jack being present is accurate.,0.2042599618434906,0.28554341197013855,-0.08128345012664795,0
TRIPLET_00400,Universities,Australian National University,https://en.wikipedia.org/wiki/Australian_National_University,Governance and structure > University Council,Governance and structure > University Council,Events > 2023 campus attack,Australian_National_University_SEC_006_SENT_004,Australian_National_University_SEC_006_SENT_001,Australian_National_University_SEC_025_SENT_003,Schmidt was succeeded as Vice-Chancellor by cultural anthropologist and Distinguished Professor Genevieve Bell in January 2024.,"ANU is governed by a 15-member Council, whose members include the Chancellor and Vice-Chancellor.",ANU Chancellor Julie Bishop later called for the ACT government to explain why the university was not informed of the risk beforehand.,0.428791880607605,0.5099519491195679,-0.08116006851196289,0
TRIPLET_01116,History,Australian gold rushes,https://en.wikipedia.org/wiki/Australian_gold_rushes,"Notable gold finds that started rushes > June 1851: Warrandyte, Victoria","Notable gold finds that started rushes > June 1851: Warrandyte, Victoria","Notable gold finds that started rushes > July 1851: Clunes, Victoria",Australian_gold_rushes_SEC_020_SENT_014,Australian_gold_rushes_SEC_020_SENT_013,Australian_gold_rushes_SEC_021_SENT_011,"As a result, the Gold Discovery Committee believed that this find was the first publication of the location of the discovery of a goldfield in the Colony of Victoria.","The full particulars of the locality were communicated to the Lieutenant-Governor on 8 July, and a sample was brought to Melbourne and exhibited to the Gold Discovery Committee on 16 July.","Esmond was in 1854 to receive a £1,000 reward (equivalent to A$183,000 in 2022) as ""the first actual producer of alluvial gold for the market"".",0.6636542081832886,0.7445870041847229,-0.08093279600143433,0
TRIPLET_00509,Landmarks,Uluru,https://en.wikipedia.org/wiki/Uluru,History > Arrival of Europeans (1870s),History > Arrival of Europeans (1870s),History > Aboriginal reserve (1920),Uluru_SEC_003_SENT_003,Uluru_SEC_003_SENT_006,Uluru_SEC_004_SENT_002,"In separate expeditions, Ernest Giles and William Gosse were the first European explorers to this area.","In the late 19th century, pastoralists attempted to establish themselves in areas adjoining the Southwestern/Petermann Reserve and interaction between Aṉangu and white people became more frequent and more violent.","In 1920, part of Uluṟu–Kata Tjuṯa National Park was declared an Aboriginal Reserve (commonly known as the South-Western or Petermann Reserve) by the Australian government under the Aboriginals Ordinance 1918.",0.4471368193626404,0.5260882377624512,-0.07895141839981079,0
TRIPLET_00518,Landmarks,Uluru,https://en.wikipedia.org/wiki/Uluru,Description,Description,Tourism,Uluru_SEC_002_SENT_006,Uluru_SEC_002_SENT_002,Uluru_SEC_007_SENT_006,"Both Uluru and the nearby Kata Tjuta formation have great cultural significance for the local Aṉangu people, the traditional inhabitants of the area, who lead walking tours to inform visitors about the bush, food, local flora and fauna, and the Aboriginal Dreamtime stories of the area.","Uluru is notable for appearing to change colour at different times of the day and year, most notably when it glows red at dawn and sunset.","After the Commonwealth Government handed the national park back to its traditional owners in 1985, management of the park was transferred from the Northern Territory Government to the Australian National Parks and Wildlife Service the following year.",0.2848008871078491,0.36356160044670105,-0.07876071333885193,0
TRIPLET_00812,Wildlife,Kangaroo,https://en.wikipedia.org/wiki/Kangaroo,Taxonomy and description,Taxonomy and description,Terminology,Kangaroo_SEC_002_SENT_036,Kangaroo_SEC_002_SENT_023,Kangaroo_SEC_001_SENT_012,The first glimpse of a kangaroo for many 18th-century Britons was a painting by George Stubbs.,"This ancestor was likely arboreal and lived in the canopies of the extensive forests that covered most of Australia at that time, when the climate was much wetter, and fed on leaves and stems.","Kangaroos are often colloquially referred to as ""roos"".",0.35325387120246887,0.4318104386329651,-0.07855656743049622,0
TRIPLET_00980,Wildlife,Tasmanian devil,https://en.wikipedia.org/wiki/Tasmanian_devil,Relationship with humans > In popular culture,Relationship with humans > In popular culture,Description,Tasmanian_devil_SEC_015_SENT_011,Tasmanian_devil_SEC_015_SENT_015,Tasmanian_devil_SEC_003_SENT_008,"Little known at the time, the loud hyperactive cartoon character has little in common with the real life animal.","An annual fee would be paid to Warner Bros. in return for the Government of Tasmania being able to use the image of Taz for ""marketing purposes"".","Devils have five long toes on their forefeet, four pointing to the front and one coming out from the side, which gives the devil the ability to hold food.",0.2210499346256256,0.2990543842315674,-0.07800444960594177,0
TRIPLET_00485,Landmarks,Sydney Harbour Bridge,https://en.wikipedia.org/wiki/Sydney_Harbour_Bridge,Operations > Pedestrians,Operations > Pedestrians,Heritage listing,Sydney_Harbour_Bridge_SEC_011_SENT_004,Sydney_Harbour_Bridge_SEC_011_SENT_001,Sydney_Harbour_Bridge_SEC_029_SENT_006,These stairs are located near Gloucester Street and Cumberland Street.,The pedestrian-only footway is located on the east side of the bridge.,Sydney Harbour Bridge was listed on the New South Wales State Heritage Register on 25 June 1999 having satisfied the following criteria.,0.38151276111602783,0.45845267176628113,-0.0769399106502533,0
TRIPLET_00721,Sport,Rugby league in Australia,https://en.wikipedia.org/wiki/Rugby_league_in_Australia,History > 20th century,History > 20th century,Governing body > Federal governing body,Rugby_league_in_Australia_SEC_001_SENT_040,Rugby_league_in_Australia_SEC_001_SENT_028,Rugby_league_in_Australia_SEC_003_SENT_001,1997 was unique in Australian rugby league's history as it was split into two separate competitions: the 1997 ARL season and the 1997 Super League season.,"In 1976 Eastern Suburbs became the first rugby league team, and one of the first in Australian sport, to sport a sponsor's name on their jersey.","The Australian Rugby League Commission is the governing body for the sport of rugby league in Australia and also conducts all representative rugby league, including the national team and the annual State of Origin series.",0.6218518018722534,0.6978080868721008,-0.07595628499984741,0
TRIPLET_00609,Sport,Australian rules football,https://en.wikipedia.org/wiki/Australian_rules_football,Governing bodies and competitions,Governing bodies and competitions,Variations and related sports > International rules football,Australian_rules_football_SEC_020_SENT_013,Australian_rules_football_SEC_020_SENT_006,Australian_rules_football_SEC_023_SENT_004,"Some metropolitan leagues have several tiered divisions, with promotion of the lower division premiers and relegation of the upper division's last placed team at the end of each year.",Local semi-professional or amateur organisations and competitions are often affiliated to their state organisations.,"The competition became an annual event in 1998, but was postponed indefinitely in 2007 when the GAA pulled out due to Australia's severe and aggressive style of play.",0.5214853882789612,0.5969107151031494,-0.07542532682418823,0
TRIPLET_00949,Wildlife,Platypus,https://en.wikipedia.org/wiki/Platypus,Conservation > Sanctuaries and captivity,Conservation > Sanctuaries and captivity,Ecology and behaviour,Platypus_SEC_011_SENT_004,Platypus_SEC_011_SENT_009,Platypus_SEC_006_SENT_006,"Between 2008 and 2012, platypuses were bred regularly at Healesville, including twins.",One of the females; Penelope had a false proto-pregnancy.,"A platypus may spend half the day in water and then retreat into its burrow, which is constructed by digging into the bank.",0.34994977712631226,0.42537203431129456,-0.0754222571849823,0
TRIPLET_01199,History,Eureka Rebellion,https://en.wikipedia.org/wiki/Eureka_Rebellion,Commemoration > 19th century,Commemoration > 19th century,Open rebellion > Paramilitary mobilisation and swearing allegiance to the Southern Cross > Fortification of the Eureka lead > Vinegar Hill blunder: Irish dimension factors in dwindling numbers at stockade,Eureka_Rebellion_SEC_021_SENT_026,Eureka_Rebellion_SEC_021_SENT_010,Eureka_Rebellion_SEC_012_SENT_011,"When it opened in Melbourne, the exhibition was an instant hit.","In August 1872, the area surrounding the soldiers' graves was enclosed with a fence.",There was a false alarm from the picket line during the night.,0.22090885043144226,0.296090692281723,-0.07518184185028076,0
TRIPLET_01020,History,History of Australia,https://en.wikipedia.org/wiki/History_of_Australia,Colonisation > Impact of British settlement on Indigenous population,Colonisation > Impact of British settlement on Indigenous population,Australia in a globalised world (1996–2022) > Liberal-National Coalition governments (2013–2022) > Morrison government (2018–2022),History_of_Australia_SEC_014_SENT_002,History_of_Australia_SEC_014_SENT_001,History_of_Australia_SEC_051_SENT_002,"The first governor of New South Wales, Arthur Phillip, arrived with instructions to: endeavour by every possible means to open an intercourse with the natives, and to conciliate their affections, enjoining all our subjects to live in amity and kindness with them.","When the First Fleet arrived in Sydney Cove with some 1,300 colonists in January 1788 the Aboriginal population of the Sydney region is estimated to have been about 3,000 people.",In foreign affairs the government signed the Indonesia–Australia Comprehensive Economic Partnership Agreement (IA-CEPA) in March 2019.,0.36641407012939453,0.4413979947566986,-0.07498392462730408,0
TRIPLET_00115,Cities,Brisbane,https://en.wikipedia.org/wiki/Brisbane,Infrastructure > Transport,Infrastructure > Transport,Demographics > Religion,Brisbane_SEC_024_SENT_002,Brisbane_SEC_024_SENT_003,Brisbane_SEC_014_SENT_001,"Like all Australian cities, the most popular mode of transport is private car.","Public transport is provided by rail, bus and ferry services and is coordinated by Translink, which provides a unified ticketing and electronic payment system (known as go card) for South East Queensland.","At the 2021 census, the most commonly cited religious affiliation was ""No religion"" (41.4%).",0.37485480308532715,0.44942018389701843,-0.07456538081169128,0
TRIPLET_00189,Cities,Perth,https://en.wikipedia.org/wiki/Perth,Infrastructure > Utilities,Infrastructure > Utilities,Infrastructure > Transport > Driving,Perth_SEC_032_SENT_006,Perth_SEC_032_SENT_002,Perth_SEC_029_SENT_001,"The Water Corporation is the dominant supplier of water, as well as wastewater and drainage services, in Perth and throughout Western Australia.","Verve Energy operates coal and gas power generation stations, as well as wind farms and other power sources.","Perth has a road network with three freeways—Mitchell, Kwinana and Graham Farmer—and nine metropolitan highways.",0.42939502000808716,0.5030742883682251,-0.07367926836013794,0
TRIPLET_00236,Universities,Macquarie University,https://en.wikipedia.org/wiki/Macquarie_University,Academic profile > Museums and collections,Academic profile > Museums and collections,Student life > Transportation,Macquarie_University_SEC_013_SENT_001,Macquarie_University_SEC_013_SENT_004,Macquarie_University_SEC_025_SENT_003,The museums and collections of Macquarie University include nine museums and galleries.,"All museums and galleries are open to the public and offer educational programs for students at primary, secondary and tertiary levels.",There is also a major bus interchange on the campus that provides close to 800 bus services daily.,0.32135605812072754,0.3944808542728424,-0.07312479615211487,0
TRIPLET_01177,History,Eureka Rebellion,https://en.wikipedia.org/wiki/Eureka_Rebellion,Tensions escalate > Escalating violence as military convoy looted,Tensions escalate > Escalating violence as military convoy looted,Commemoration > 20th century,Eureka_Rebellion_SEC_009_SENT_005,Eureka_Rebellion_SEC_009_SENT_004,Eureka_Rebellion_SEC_022_SENT_016,"By the beginning of December, the police contingent at Ballarat had been surpassed by the number of soldiers from the 12th and 40th regiments.","As they moved alongside where the Eureka Stockade was about to be erected, members of the convoy were attacked by a mob looking to loot the wagons.","Designed to be a new landmark for Ballarat, it was known as the Eureka Stockade Centre and then the Eureka Centre.",0.28145477175712585,0.35439226031303406,-0.0729374885559082,0
TRIPLET_00901,Wildlife,Platypus,https://en.wikipedia.org/wiki/Platypus,Evolution,Evolution,Description > Senses,Platypus_SEC_008_SENT_018,Platypus_SEC_008_SENT_011,Platypus_SEC_003_SENT_024,"Even its closest relative, Obdurodon, which otherwise closely resembles the platypus, retained this tooth row.","Monotrematum and Patagorhynchus, also fossil relatives of the platypus, are known from the latest Cretaceous (Maastrichtian) and the mid-Paleocene of Argentina, indicating that some monotremes managed to colonize South America from Australia when the two continents were connected via Antarctica.",The olfactory (smelling) systems of the platypus and the echidna independently evolved from an ancestor with less advanced smelling.,0.46521732211112976,0.5377075672149658,-0.07249024510383606,0
TRIPLET_00075,Cities,Melbourne,https://en.wikipedia.org/wiki/Melbourne,History > British colonisation,History > British colonisation,Transport > Public transport,Melbourne_SEC_003_SENT_019,Melbourne_SEC_003_SENT_002,Melbourne_SEC_026_SENT_005,"Letters patent of Queen Victoria, issued on 25 June 1847, declared Melbourne a city.","The following year, due to a perceived lack of resources, these settlers relocated to Van Diemen's Land (present-day Tasmania) and founded the city of Hobart.","Melbourne's public transport operations were privatised in 1999 through a franchising model, with operational responsibilities for the train, tram and bus networks licensed to private companies.",0.4523378610610962,0.5242846012115479,-0.07194674015045166,0
TRIPLET_01071,History,Federation of Australia,https://en.wikipedia.org/wiki/Federation_of_Australia,Early constitutional conventions > Griffith or Clark?,Early constitutional conventions > Griffith or Clark?,The economic consequences of federation,Federation_of_Australia_SEC_008_SENT_022,Federation_of_Australia_SEC_008_SENT_004,Federation_of_Australia_SEC_012_SENT_003,"This is not so much a reflection on Inglis Clark, but an acknowledgement of the talents of Charles Kingston and Sir Samuel Griffith as drafters.",Neasey published by the University of Tasmania Law Press in 2001.,"The first federal (Commonwealth) was widely regarded as protectionist; indeed, with respect to imports from outside of Australia, the average tariff increased relative to the average of the individual colonies' average tariffs prior to federation, according to estimates produced by Melbourne economist Peter Lloyd.",0.3590547442436218,0.43059107661247253,-0.07153633236885071,0
TRIPLET_00038,Cities,Sydney,https://en.wikipedia.org/wiki/Sydney,Demographics > Crime,Demographics > Crime,Geography > Ecology,Sydney_SEC_032_SENT_006,Sydney_SEC_032_SENT_002,Sydney_SEC_009_SENT_009,The lockout laws were removed in January 2020.,"However, drug use is a significant problem.","Among the cities assessed, Sydney ranked fourth globally for visible street tree cover, behind Tampa (36.1%), Singapore (29.3%) and Oslo (28.8%), and was equal with Vancouver (25.9%).",0.12149304896593094,0.19275370240211487,-0.07126065343618393,0
TRIPLET_00029,Cities,Sydney,https://en.wikipedia.org/wiki/Sydney,Infrastructure > Utilities,Infrastructure > Utilities,Toponymy,Sydney_SEC_049_SENT_014,Sydney_SEC_049_SENT_008,Sydney_SEC_001_SENT_005,"Submarine communications cable systems in Sydney include the Australia–Japan Cable, Telstra Endeavour and the Southern Cross Cable, which link Australia and countries in the Pacific.","The state-owned corporation WaterNSW now manages eleven major dams: Warragamba, one of the largest domestic water supply dams in the world, Woronora, Cataract, Cordeaux, Nepean, Avon, Wingecarribee Reservoir, Fitzroy Falls Reservoir, Tallowa, the Blue Mountains Dams, and Prospect Reservoir.","The Gadigal (Cadigal) clan, whose territory stretches along the southern shore of Port Jackson from South Head to Darling Harbour, are the traditional owners of the land on which the British settlement was initially established, and call their territory Gadi (Cadi).",0.4475901424884796,0.5188125371932983,-0.07122239470481873,0
TRIPLET_00209,Universities,Macquarie University,https://en.wikipedia.org/wiki/Macquarie_University,Student life,Student life,Academic profile > Research and publications,Macquarie_University_SEC_018_SENT_001,Macquarie_University_SEC_018_SENT_002,Macquarie_University_SEC_010_SENT_011,"Campus Life manages the university's non-academic services: food and retail, sport and recreation, student groups, child care, and entertainment.","From late 2017 onward its Campus Hub facility has been closed for reconstruction; a 'pop-up'-style replacement, the Campus Common, has been opened for the duration.",Access Macquarie Limited was established in 1989 as the commercial arm of the university.,0.40549567341804504,0.4763476848602295,-0.07085201144218445,0
TRIPLET_00356,Universities,Australian National University,https://en.wikipedia.org/wiki/Australian_National_University,"Governance and structure > Constituent colleges > Law, Governance and Policy","Governance and structure > Constituent colleges > Law, Governance and Policy",Governance and structure > Constituent colleges > Science and Medicine,Australian_National_University_SEC_012_SENT_003,Australian_National_University_SEC_012_SENT_004,Australian_National_University_SEC_013_SENT_003,"In addition to numerous research programs, the college offers the professional LL.B.",It is the 7th oldest of Australia's 36 law schools and was ranked 2nd among Australian and 12th among world law schools by the 2018 QS Rankings.,"These devices were to be used as part of a 10.6 gigaelectronvolt synchrotron particle accelerator that was never completed, however they remained in use for other research purposes.",0.3006119132041931,0.3711400628089905,-0.07052814960479736,0
TRIPLET_01185,History,Eureka Rebellion,https://en.wikipedia.org/wiki/Eureka_Rebellion,Aftermath,Aftermath,Aftermath > Trials for sedition and high treason,Eureka_Rebellion_SEC_015_SENT_017,Eureka_Rebellion_SEC_015_SENT_028,Eureka_Rebellion_SEC_016_SENT_019,It is very probable from the humane & temperate course he is taking that he will establish himself in the goodwill of the people.,"Newspapers in the colony characterised it as a brutal overuse of force, in a situation brought about by the actions of government officials, and public condemnation became insurmountable.","As Molony points out, the legality of putting a foreign national on trial for treason had been settled as far back as 1649.",0.1827719658613205,0.2532394826412201,-0.0704675167798996,0
TRIPLET_00351,Universities,Australian National University,https://en.wikipedia.org/wiki/Australian_National_University,Events > 2023 campus attack,Events > 2023 campus attack,Governance and structure > Constituent colleges > Systems and Society,Australian_National_University_SEC_025_SENT_002,Australian_National_University_SEC_025_SENT_001,Australian_National_University_SEC_011_SENT_001,There were several injuries but no fatalities.,"In September 2023, Alex Ophel (an ex-student) stabbed two female students and assaulted a male student with a frying pan.","The ANU College of Systems and Society brings together critical capabilities in understanding the modern interfaces between systems, technology, processes, the physical world, and the social world.",-0.024469800293445587,0.04529352858662605,-0.06976332888007164,0
TRIPLET_00465,Landmarks,Sydney Harbour Bridge,https://en.wikipedia.org/wiki/Sydney_Harbour_Bridge,Celebrations > 75th anniversary,Celebrations > 75th anniversary,History > Planning,Sydney_Harbour_Bridge_SEC_022_SENT_003,Sydney_Harbour_Bridge_SEC_022_SENT_006,Sydney_Harbour_Bridge_SEC_005_SENT_014,"On 18 March 2007, the 75th anniversary of the Sydney Harbour Bridge was celebrated.","Several major roads, mainly in the CBD, were closed for the day.","The building of the bridge coincided with the construction of a system of underground railways beneath Sydney's CBD, known today as the City Circle, and the bridge was designed with this in mind.",0.3070780634880066,0.3752146363258362,-0.06813657283782959,0
TRIPLET_00722,Sport,Rugby league in Australia,https://en.wikipedia.org/wiki/Rugby_league_in_Australia,Demographics of the game > Age > Junior participation,Demographics of the game > Age > Junior participation,History > 21st century,Rugby_league_in_Australia_SEC_010_SENT_002,Rugby_league_in_Australia_SEC_010_SENT_004,Rugby_league_in_Australia_SEC_002_SENT_010,"In contrast, the next most discouraged sport was rugby union, with only 7.5% of parents willing to discourage the sport.",The injury rates and the public perception of rugby league as a dangerous sport are most likely the catalysts for the introduction of several initiatives by the national rugby league and ARL development in recent years to curb the number of youth playing other sports.,"In 2018, the NRL superseded the AFL's television viewership by over five million viewers.",0.491163432598114,0.5581299662590027,-0.06696653366088867,0
TRIPLET_01100,History,Federation of Australia,https://en.wikipedia.org/wiki/Federation_of_Australia,The economic consequences of federation,The economic consequences of federation,Early calls for federation,Federation_of_Australia_SEC_012_SENT_002,Federation_of_Australia_SEC_012_SENT_004,Federation_of_Australia_SEC_001_SENT_013,"With respect to the customs union, tariffs were abolished on interstate trade (although this process occurred on a phased basis in Western Australia), while all of the colonies adopted the Commonwealth's common external tariff schedule in October 1901.","Nevertheless, the welfare-enhancing effect of the elimination of tariffs on interstate trade dominated the welfare-reducing effect of higher tariffs on overseas imports, such that the net static welfare gain from Australian federation was actually positive and estimated to have been 0.17% of GDP.","Also in 1857, in Britain, Wentworth founded the ""General Association for the Australian Colonies"", the object of which was to obtain a federal assembly for the whole of Australia.",0.562799334526062,0.6288561820983887,-0.06605684757232666,0
TRIPLET_00933,Wildlife,Platypus,https://en.wikipedia.org/wiki/Platypus,Conservation > Sanctuaries and captivity,Conservation > Sanctuaries and captivity,Ecology and behaviour,Platypus_SEC_011_SENT_009,Platypus_SEC_011_SENT_005,Platypus_SEC_006_SENT_019,One of the females; Penelope had a false proto-pregnancy.,"In 1990-91, there was successful breeding of platypuses at Warrawong Sanctuary.","The fungus Mucor amphibiorum has been reported in Tasmanian platypuses, which causes the disease mucormycosis, symptoms of which include skin lesions and ulcers along the body.",0.3083154857158661,0.3740866780281067,-0.0657711923122406,0
TRIPLET_00698,Sport,Cricket in Australia,https://en.wikipedia.org/wiki/Cricket_in_Australia,Organisation of cricket in modern Australia > Domestic cricket > Men's domestic cricket > Limited overs competitions,Organisation of cricket in modern Australia > Domestic cricket > Men's domestic cricket > Limited overs competitions,Stadiums,Cricket_in_Australia_SEC_012_SENT_007,Cricket_in_Australia_SEC_012_SENT_001,Cricket_in_Australia_SEC_016_SENT_003,"In 2013, the format changed and all matches were held in Sydney at various grounds.",One-Day Cup –The Marsh One Day Cup is the domestic List A cricket (limited overs cricket) competition in Australia.,The main six used are: Other grounds which have been used for Test cricket are: Grounds which have been used for One Day Internationals only are: Grounds in Australia which have been used exclusively for the Twenty20 Internationals:,0.4390068054199219,0.5046623349189758,-0.06565552949905396,0
TRIPLET_01061,History,Federation of Australia,https://en.wikipedia.org/wiki/Federation_of_Australia,Early constitutional conventions > Griffith or Clark?,Early constitutional conventions > Griffith or Clark?,Landmarks named after Federation,Federation_of_Australia_SEC_008_SENT_020,Federation_of_Australia_SEC_008_SENT_010,Federation_of_Australia_SEC_013_SENT_001,"Issues of the respective legislative powers, the role of the states, the power of amendment and financial questions were the detail of the debate that the framers were about to address in 1891.","Parkes received it with reservations, suggesting that ""the structure should be evolved bit by bit"".","The significance of Federation for Australia is such that a number of landmarks, natural and man-made, have been named after it.",0.4074377417564392,0.4715164601802826,-0.06407871842384338,0
TRIPLET_00056,Cities,Melbourne,https://en.wikipedia.org/wiki/Melbourne,Demographics,Demographics,History > Post-war period,Melbourne_SEC_018_SENT_002,Melbourne_SEC_018_SENT_001,Melbourne_SEC_007_SENT_011,"After a trend of declining population density since World War II, the city has seen increased density in the inner and western suburbs, aided in part by Victorian Government planning, such as Postcode 3000 and Melbourne 2030, which have aimed to curtail urban sprawl.","Melbourne added an estimated 105,000 people in 2024–25 and is projected to overtake Sydney as Australia's most populous city sometime between 2032 and 2046.",The Bolte government sought to rapidly accelerate the modernisation of Melbourne.,0.5665751695632935,0.6303790807723999,-0.06380391120910645,0
TRIPLET_01070,History,Federation of Australia,https://en.wikipedia.org/wiki/Federation_of_Australia,Early calls for federation > Early opposition,Early calls for federation > Early opposition,Early calls for federation > Federal Council of Australasia,Federation_of_Australia_SEC_003_SENT_009,Federation_of_Australia_SEC_003_SENT_015,Federation_of_Australia_SEC_002_SENT_016,"For the larger colonies, there was the possibility (which never became an actuality) that they could be required to subsidise the struggling economies of Tasmania, South Australia and Western Australia.","On the other hand, labour representatives feared that federation would distract attention from the need for social and industrial reform, and further entrench the power of the conservative forces.","The self-governing colonies of Queensland, Tasmania and Victoria, as well as the Crown Colonies of Western Australia and Fiji, became involved.",0.5448327660560608,0.6083531379699707,-0.06352037191390991,0
TRIPLET_00001,Cities,Sydney,https://en.wikipedia.org/wiki/Sydney,Culture > Media,Culture > Media,Economy,Sydney_SEC_035_SENT_002,Sydney_SEC_035_SENT_009,Sydney_SEC_022_SENT_013,"Its competitor is The Daily Telegraph, in print since 1879.","The Australian Broadcasting Corporation is located in Ultimo, and the Special Broadcasting Service is based in Artarmon.",From the 1960s onwards Parramatta gained recognition as the city's second CBD and finance and tourism became major industries and sources of employment.,0.33901339769363403,0.4023159146308899,-0.06330251693725586,0
TRIPLET_01195,History,Eureka Rebellion,https://en.wikipedia.org/wiki/Eureka_Rebellion,Open rebellion > Battle of the Eureka Stockade,Open rebellion > Battle of the Eureka Stockade,Location of Bakery Hill and the Eureka Stockade,Eureka_Rebellion_SEC_014_SENT_006,Eureka_Rebellion_SEC_014_SENT_008,Eureka_Rebellion_SEC_019_SENT_005,Enemy contact began at approximately 150 yards as the two columns of regular infantry and the contingent of foot police moved into position.,"According to Gregory Blake, the fighting in Ballarat on 3 December 1854 was not one-sided and full of indiscriminate murder by the colonial forces.","(sold for £10,500) was discovered in 1858 within a stone's throw of it"".",0.35425540804862976,0.4174897074699402,-0.06323429942131042,0
TRIPLET_00802,Wildlife,Kangaroo,https://en.wikipedia.org/wiki/Kangaroo,Biology and behaviour > Adaptations,Biology and behaviour > Adaptations,Interaction with humans > Meat,Kangaroo_SEC_009_SENT_005,Kangaroo_SEC_009_SENT_007,Kangaroo_SEC_013_SENT_003,"When the joey is born, it is about the size of a lima bean.",It is usually fed by its mother until reaching 18 months.,"Kangaroo meat has a high concentration of conjugated linoleic acid (CLA) compared with other foods, and is a rich source of vitamins and minerals.",0.36283817887306213,0.4259163737297058,-0.06307819485664368,0
TRIPLET_00469,Landmarks,Sydney Harbour Bridge,https://en.wikipedia.org/wiki/Sydney_Harbour_Bridge,Celebrations > 75th anniversary,Celebrations > 75th anniversary,Celebrations > Sydney New Year's Eve,Sydney_Harbour_Bridge_SEC_022_SENT_014,Sydney_Harbour_Bridge_SEC_022_SENT_006,Sydney_Harbour_Bridge_SEC_019_SENT_001,"In the evening the bright yellow caps were replaced by orange caps with a small, bright LED attached.","Several major roads, mainly in the CBD, were closed for the day.","The Harbour Bridge has been an integral part of the Sydney New Year's Eve celebrations, generally being used in spectacular ways during the fireworks displays at 9pm and midnight.",0.2566661238670349,0.3193320333957672,-0.0626659095287323,0
TRIPLET_00687,Sport,Cricket in Australia,https://en.wikipedia.org/wiki/Cricket_in_Australia,Organisation of cricket in modern Australia > International cricket > Men's national team,Organisation of cricket in modern Australia > International cricket > Men's national team,Stadiums,Cricket_in_Australia_SEC_009_SENT_028,Cricket_in_Australia_SEC_009_SENT_018,Cricket_in_Australia_SEC_016_SENT_002,"The final match of the tournament took place at the Melbourne Cricket Ground between co-hosts New Zealand and Australia in front of a record crowd of 93,013.","The first incarnation of this tournament was called the World Series Cup and included night cricket, coloured uniforms and a white ball.","Five were only used once, during the 1992 World Cup, while three (all in Tasmania) only hosted games during 1980s World Series Cups.",0.5466467142105103,0.608234167098999,-0.06158745288848877,0
TRIPLET_00783,Sport,Tennis in Australia,https://en.wikipedia.org/wiki/Tennis_in_Australia,Broadcasting > WTA Tour Events,Broadcasting > WTA Tour Events,Lower Tier Tournaments > ITF Tour,Tennis_in_Australia_SEC_011_SENT_001,Tennis_in_Australia_SEC_011_SENT_002,Tennis_in_Australia_SEC_004_SENT_001,"All Women's Tennis Association (WTA) Tour events, with the exception of the Brisbane, Adelaide and Hobart Internationals are televised on BeIN Sports a subscription service available through Amazon Prime Video and through BeIN Sports directly.","In 2021, BeIN Sports signed a deal with the WTA giving them broadcast rights until 2026.",The lowest tier of professional tennis tournaments are the ITF Men's World Tennis Tour and the ITF Women's World Tennis Tour run by the International Tennis Federation (ITF).,0.5618188381195068,0.623277485370636,-0.06145864725112915,0
TRIPLET_00894,Wildlife,Koala,https://en.wikipedia.org/wiki/Koala,Behaviour and ecology > Foraging and activities,Behaviour and ecology > Foraging and activities,Distribution and habitat,Koala_SEC_007_SENT_018,Koala_SEC_007_SENT_014,Koala_SEC_006_SENT_001,"Research has shown that their use of the ground is minimal, typically occurring only 2–3 times per night for a total of around 10 minutes — less than 1% of their day.","On warm days, a koala may rest with its back against a branch or lie down with its limbs dangling.","The koala's range covers roughly 1,000,000 km2 (390,000 sq mi), and 30 ecoregions.",0.39909470081329346,0.46010178327560425,-0.06100708246231079,0
TRIPLET_00809,Wildlife,Kangaroo,https://en.wikipedia.org/wiki/Kangaroo,Biology and behaviour > Blindness,Biology and behaviour > Blindness,Biology and behaviour > Predators,Kangaroo_SEC_010_SENT_001,Kangaroo_SEC_010_SENT_005,Kangaroo_SEC_008_SENT_001,Eye disease is rare but not new among kangaroos.,Australian authorities were concerned the disease could spread to other livestock and possibly humans.,"The thylacine, considered by palaeontologists to have once been a major natural predator of the kangaroo, is now extinct.",0.38975876569747925,0.45067939162254333,-0.06092062592506409,0
TRIPLET_00593,Landmarks,Great Barrier Reef,https://en.wikipedia.org/wiki/Great_Barrier_Reef,Human use > Management,Human use > Management,Environmental threats,Great_Barrier_Reef_SEC_018_SENT_052,Great_Barrier_Reef_SEC_018_SENT_034,Great_Barrier_Reef_SEC_004_SENT_005,No new research is done to produce the report.,"The Reefocus summit in 2008, which is also detailed in the report, came to similar conclusions.","In 2022, the northern and central parts of the reef had the highest amount of coral cover since monitoring began, but the cover in the southern part had decreased and bleaching events occurred more frequently.",0.17074579000473022,0.23160001635551453,-0.0608542263507843,0
TRIPLET_00502,Landmarks,Uluru,https://en.wikipedia.org/wiki/Uluru,"Aboriginal myths, legends and traditions > Other stories > Mala story","Aboriginal myths, legends and traditions > Other stories > Mala story",Name,Uluru_SEC_017_SENT_002,Uluru_SEC_017_SENT_005,Uluru_SEC_001_SENT_002,"In this, the Mala (rufous hare-wallaby) people came from the north, and decided to stay at Uluru for a while, and perform the ceremony known as inma.","Two Wintalka men approached from the west, and invited the Mala people to attend their inma, but the Mala people declined the invitation, as their inma had begun and could not be stopped.","This word is a proper noun, with no further particular meaning in the Pitjantjatjara dialect, although it is used as a local family name by the senior traditional owners of Uluru.",0.4538869261741638,0.5145852565765381,-0.06069833040237427,0
TRIPLET_01131,History,Australian gold rushes,https://en.wikipedia.org/wiki/Australian_gold_rushes,"Notable gold finds that started rushes > June 1851: Warrandyte, Victoria","Notable gold finds that started rushes > June 1851: Warrandyte, Victoria","Pre-rush gold finds > 1848: Bathurst, New South Wales",Australian_gold_rushes_SEC_020_SENT_012,Australian_gold_rushes_SEC_020_SENT_010,Australian_gold_rushes_SEC_013_SENT_002,"This gold was shown at the precise spot where it had been found to Webb Richmond, on behalf of the Gold Discovery Committee, on 5 July.",Frencham always claimed to have been the first to find gold in the Plenty Ranges.,Smith sent samples of the gold he found to Murchison.,0.5469280481338501,0.6075232028961182,-0.060595154762268066,0
TRIPLET_00658,Sport,Cricket in Australia,https://en.wikipedia.org/wiki/Cricket_in_Australia,National teams,National teams,Organisation of cricket in modern Australia > International cricket,Cricket_in_Australia_SEC_005_SENT_002,Cricket_in_Australia_SEC_005_SENT_001,Cricket_in_Australia_SEC_008_SENT_002,"Since 1909, the CA has been affiliated with ICC, the international governing body for world cricket.",The Australia national cricket team is governed by the Cricket Australia (CA) and is a member of the East Asia-Pacific.,"Along with England, Australia was recognised as one of the founder nations of the Imperial Cricket Conference, later the International Cricket Council.",0.741201639175415,0.8012955784797668,-0.06009393930435181,0
TRIPLET_00094,Cities,Melbourne,https://en.wikipedia.org/wiki/Melbourne,Education,Education,History > British colonisation,Melbourne_SEC_022_SENT_002,Melbourne_SEC_022_SENT_004,Melbourne_SEC_003_SENT_016,"There has also been a rapid increase in the number of international students studying in the city, with Melbourne considered the fifth-best student city in the world for studying abroad in the 2026 Best Student Cities ranking by QS.",Melbourne universities have campuses throughout Australia and overseas.,"However, Aboriginal people continued to live near the settlement, and by January 1844, there were said to be 675 residing in squalid camps around Melbourne.",0.4062826633453369,0.4658922851085663,-0.05960962176322937,0
TRIPLET_01068,History,Federation of Australia,https://en.wikipedia.org/wiki/Federation_of_Australia,Federation referendums,Federation referendums,Early constitutional conventions > Clark's draft constitution,Federation_of_Australia_SEC_010_SENT_005,Federation_of_Australia_SEC_010_SENT_004,Federation_of_Australia_SEC_006_SENT_001,The majority vote was yes in all the colonies.,"In June 1899, referendums on the revised constitution were held again in all the colonies except for Western Australia, where the vote was not held until the following year.",Andrew Inglis Clark had given considerable thought towards a suitable constitution for Australia.,0.3169037699699402,0.3759196996688843,-0.05901592969894409,0
TRIPLET_00958,Wildlife,Tasmanian devil,https://en.wikipedia.org/wiki/Tasmanian_devil,Conservation status > Population declines,Conservation status > Population declines,Conservation status > Devil facial tumour disease,Tasmanian_devil_SEC_009_SENT_009,Tasmanian_devil_SEC_009_SENT_005,Tasmanian_devil_SEC_012_SENT_002,Appropriate wildlife refuges such as Savage River National Park in North West Tasmania provide hope for their survival.,"The Tasmanian devil's population has been calculated in 2008 by Tasmania's Department of Primary Industries and Water as being in the range of 10,000 to 100,000 individuals, with 20,000 to 50,000 mature individuals being likely.",The state's west coast area and far north-west are the only places where devils are tumour free.,0.3538116216659546,0.41271883249282837,-0.05890721082687378,0
TRIPLET_00677,Sport,Cricket in Australia,https://en.wikipedia.org/wiki/Cricket_in_Australia,Organisation of cricket in modern Australia > Domestic cricket > Men's domestic cricket > First class competitions,Organisation of cricket in modern Australia > Domestic cricket > Men's domestic cricket > First class competitions,In Australian culture > Audience,Cricket_in_Australia_SEC_011_SENT_002,Cricket_in_Australia_SEC_011_SENT_003,Cricket_in_Australia_SEC_018_SENT_006,It was established in 1892 using a bequest of £150 provided by Lord Sheffield for the improvement of Australian cricket and was originally named the Sheffield Shield in recognition.,"When established, the competition included the colonies (later states) of New South Wales, South Australia and Victoria.",The first ever Day/Night test match between Australia and New Zealand attracted nearly 3.1 million viewers across the country during the first two days of the match at Adelaide Oval.,0.5210020542144775,0.5793584585189819,-0.058356404304504395,0
TRIPLET_00990,Wildlife,Tasmanian devil,https://en.wikipedia.org/wiki/Tasmanian_devil,Distribution and habitat,Distribution and habitat,Relationship with humans > In popular culture,Tasmanian_devil_SEC_004_SENT_002,Tasmanian_devil_SEC_004_SENT_004,Tasmanian_devil_SEC_015_SENT_014,"A number of causal factors for the extinction have been proposed, including the introduction of the dingo, intensification of human activity, as well as climatic change.",The north-western population is located west of the Forth River and as far south as Macquarie Heads.,"Debate followed, and a delegation from the Tasmanian government met with Warner Bros. Ray Groom, the Tourism Minister, later announced that a ""verbal agreement"" had been reached.",0.3171679377555847,0.3741476535797119,-0.0569797158241272,0
TRIPLET_00559,Landmarks,Great Barrier Reef,https://en.wikipedia.org/wiki/Great_Barrier_Reef,Environmental threats,Environmental threats,Environmental threats > Shipping,Great_Barrier_Reef_SEC_004_SENT_001,Great_Barrier_Reef_SEC_004_SENT_004,Great_Barrier_Reef_SEC_013_SENT_002,"Climate change, pollution, crown-of-thorns starfish and fishing are the primary threats to the health of this reef system.","According to a 2012 study by the National Academy of Sciences, since 1985, the Great Barrier Reef has lost more than half of its corals with two-thirds of the loss occurring from 1998 due to the factors listed before.","Although the route through the Great Barrier Reef is not easy, reef pilots consider it safer than outside the reef in the event of mechanical failure, since a ship can sit safely while being repaired.",0.44055190682411194,0.4973401129245758,-0.05678820610046387,0
TRIPLET_00017,Cities,Sydney,https://en.wikipedia.org/wiki/Sydney,Geography > Ecology,Geography > Ecology,Sport and outdoor activities,Sydney_SEC_009_SENT_010,Sydney_SEC_009_SENT_009,Sydney_SEC_036_SENT_008,"Sydney is home to dozens of bird species, which commonly include the Australian raven, Australian magpie, crested pigeon, noisy miner and the pied currawong.","Among the cities assessed, Sydney ranked fourth globally for visible street tree cover, behind Tampa (36.1%), Singapore (29.3%) and Oslo (28.8%), and was equal with Vancouver (25.9%).",One-tenth of the state's population attended a New South Wales versus New Zealand rugby match in 1907.,0.35955750942230225,0.4160788059234619,-0.05652129650115967,0
TRIPLET_00069,Cities,Melbourne,https://en.wikipedia.org/wiki/Melbourne,Media,Media,Transport > Public transport > Train,Melbourne_SEC_023_SENT_009,Melbourne_SEC_023_SENT_003,Melbourne_SEC_027_SENT_002,"JOY 94.9 caters to gay, lesbian, bisexual, and transgender audiences.",Each station (excluding C31) broadcasts a primary channel and several multichannels.,"Flinders Street station, one of Australia's busiest rail hubs, serves all lines except the Pakenham, Cranbourne and Sunbury lines, which depart from nearby Town Hall station.",0.2489231824874878,0.3051924705505371,-0.056269288063049316,0
TRIPLET_00848,Wildlife,Kangaroo,https://en.wikipedia.org/wiki/Kangaroo,Interaction with humans > Meat,Interaction with humans > Meat,Biology and behaviour > Locomotion,Kangaroo_SEC_013_SENT_005,Kangaroo_SEC_013_SENT_001,Kangaroo_SEC_004_SENT_007,Kangaroo meat is sourced from wild animals and is seen by many as the best source of population control programs as opposed to culling them as pests where carcasses are left in paddocks.,The kangaroo has been a source of food for indigenous Australians for tens of thousands of years.,"Hopping at moderate speeds is the most energy efficient, and a kangaroo moving above 15 km/h (9.3 mph) maintains energy consistency more than similarly sized animals running at the same speed.",0.5132602453231812,0.5693478584289551,-0.056087613105773926,0
TRIPLET_00061,Cities,Melbourne,https://en.wikipedia.org/wiki/Melbourne,Architecture,Architecture,Demographics > Religion,Melbourne_SEC_013_SENT_012,Melbourne_SEC_013_SENT_005,Melbourne_SEC_021_SENT_007,Freestanding dwellings with relatively large gardens are perhaps the most common type of housing outside inner city Melbourne.,"Many of the CBD's Victorian boom-time landmarks were also demolished in the decades after World War II, including the Federal Coffee Palace (1888) and the APA Building (1889), one of the tallest early skyscrapers upon completion.",The largest Christian denominations were Catholicism (20.8%) and Anglicanism (5.5%).,0.4014425277709961,0.4574676752090454,-0.056025147438049316,0
TRIPLET_00161,Cities,Perth,https://en.wikipedia.org/wiki/Perth,"Infrastructure > Transport > Public transport (trains, buses, ferries)","Infrastructure > Transport > Public transport (trains, buses, ferries)",History > Convict era and gold rushes,Perth_SEC_030_SENT_005,Perth_SEC_030_SENT_004,Perth_SEC_005_SENT_005,The Indian Pacific passenger rail service connects Perth with Adelaide and Sydney once per week in each direction.,"Perth provides zero-fare bus and train trips around the city centre (the ""Free Transit Zone""), including four high-frequency CAT bus routes.","A description from 1870 by a Melbourne journalist depicted it as: a quiet little town of some 3000 inhabitants spread out in straggling allotments down to the water's edge, intermingled with gardens and shrubberies and half rural in its aspect ...",0.4297264814376831,0.48536166548728943,-0.05563518404960632,0
TRIPLET_00430,Landmarks,Sydney Opera House,https://en.wikipedia.org/wiki/Sydney_Opera_House,History > Reconciliation with Utzon; building refurbishment,History > Reconciliation with Utzon; building refurbishment,History > Architectural design role of Peter Hall,Sydney_Opera_House_SEC_014_SENT_013,Sydney_Opera_House_SEC_014_SENT_009,Sydney_Opera_House_SEC_015_SENT_008,"The Gumscape, Road and Creatures triptych was commissioned by the Sydney Opera House to cover the scaffolding concealing refurbishment building work.","Designed by Utzon and his son Jan, the project provided improved ticketing, toilet and cloaking facilities.",Hall resigned from the Government Architects office in early 1966 to pursue his own practice.,0.43444424867630005,0.4896034300327301,-0.055159181356430054,0
TRIPLET_00799,Sport,Tennis in Australia,https://en.wikipedia.org/wiki/Tennis_in_Australia,Broadcasting > US Open,Broadcasting > US Open,Broadcasting > Australian Open,Tennis_in_Australia_SEC_009_SENT_004,Tennis_in_Australia_SEC_009_SENT_001,Tennis_in_Australia_SEC_006_SENT_005,"Additionally, between 2019 and 2021 SBS Australia simulcast coverage of the Quarterfinals onwards using the World Feed.",The Nine Network is the current broadcast holder of the US Open having gained the rights to the event from 2022 making the Nine Network the home of Australian tennis with all four Grand Slams and Australian Open lead in events as well as all Australian rubbers of the Davis Cup and the Billie Jean King Cup.,"In addition to the Australian Open, Nine have the exclusive rights to televise the Australian-held lead in events including the United Cup, Brisbane International, Adelaide International and formerly the Hopman Cup, ATP Cup Sydney International and temporary Melbourne events held in 2021.",0.6686628460884094,0.7236864566802979,-0.05502361059188843,0
TRIPLET_00712,Sport,Rugby league in Australia,https://en.wikipedia.org/wiki/Rugby_league_in_Australia,Demographics of the game > Age > Senior participation,Demographics of the game > Age > Senior participation,Club competitions,Rugby_league_in_Australia_SEC_011_SENT_005,Rugby_league_in_Australia_SEC_011_SENT_001,Rugby_league_in_Australia_SEC_005_SENT_001,"At the same time, however, it notes that ""rugby league is, generally, missing a recreational game that keeps people playing the sport when they drop out of the so-called elite stream"".","In 2008, 51,540 people participated in senior rugby league.",The elite professional rugby league club competition in Australia is the National Rugby League (NRL).,0.3505845367908478,0.40378421545028687,-0.05319967865943909,0
TRIPLET_00170,Cities,Perth,https://en.wikipedia.org/wiki/Perth,Infrastructure > Health,Infrastructure > Health,Sport,Perth_SEC_028_SENT_001,Perth_SEC_028_SENT_005,Perth_SEC_027_SENT_002,Perth has ten large hospitals with emergency departments.,A number of other public and private hospitals operate in Perth.,Perth was host to the 1962 Commonwealth Games and the 1987 America's Cup defence (based at Fremantle).,0.32196998596191406,0.37475675344467163,-0.05278676748275757,0
TRIPLET_00475,Landmarks,Sydney Harbour Bridge,https://en.wikipedia.org/wiki/Sydney_Harbour_Bridge,Structure > Pylons,Structure > Pylons,History > Planning,Sydney_Harbour_Bridge_SEC_003_SENT_005,Sydney_Harbour_Bridge_SEC_003_SENT_014,Sydney_Harbour_Bridge_SEC_005_SENT_002,"The Moruya quarry was managed by John Gilmore, a Scottish stonemason who emigrated with his young family to Australia in 1924, at the request of the project managers.","In 1942, the pylons were modified to include parapets and anti-aircraft guns designed to assist in both Australia's defence and general war effort.","Bradfield's preference at the time was for a cantilever bridge without piers, and in 1916 the NSW Legislative Assembly passed a bill for such a construction, however it did not proceed as the Legislative Council rejected the legislation on the basis that the money would be better spent on the war effort.",0.4555462598800659,0.5080994963645935,-0.05255323648452759,0
TRIPLET_00184,Cities,Perth,https://en.wikipedia.org/wiki/Perth,Demographics > Religion,Demographics > Religion,History > Prehistory,Perth_SEC_014_SENT_014,Perth_SEC_014_SENT_008,Perth_SEC_002_SENT_008,"There are Hindu temples in Canning Vale, Anketell and a Swaminarayan temple in Bennett Springs.","Over 31,000 members of the Uniting Church in Australia live in Perth.","Following this appeal, the Western Australian Government and the South West Aboriginal Land and Sea Council negotiated the South West Native Title Settlement.",0.4146885573863983,0.4664788246154785,-0.0517902672290802,0
TRIPLET_00649,Sport,Australian rules football,https://en.wikipedia.org/wiki/Australian_rules_football,Governing bodies and competitions,Governing bodies and competitions,Laws of the game > Field,Australian_rules_football_SEC_020_SENT_012,Australian_rules_football_SEC_020_SENT_008,Australian_rules_football_SEC_011_SENT_011,"The team which finishes first on the ladder after the home-and-away season is referred to as the ""minor premier"", but this usually holds little stand-alone significance, other than receiving a better draw in the finals.",There are also a number of affiliated organisations governing amateur clubs and competitions around the world.,"If this is breached, a free kick is awarded.",0.2828845977783203,0.3344106376171112,-0.051526039838790894,0
TRIPLET_01134,History,Australian gold rushes,https://en.wikipedia.org/wiki/Australian_gold_rushes,"Pre-rush gold finds > 1848–1850: Pyrenees Ranges, Victoria","Pre-rush gold finds > 1848–1850: Pyrenees Ranges, Victoria","Notable gold finds that started rushes > June 1851: Warrandyte, Victoria",Australian_gold_rushes_SEC_015_SENT_012,Australian_gold_rushes_SEC_015_SENT_002,Australian_gold_rushes_SEC_020_SENT_018,"In 1850, according to Brentani's wife Ann, the ""gold came down from the country in all directions"".","In December 1848, Chapman came into the jewellery store of Charles Brentani, in Collins Street, Melbourne, with a stone that he had ""held for several months"".",About 300 people were at work on this goldfield before the discovery of Ballarat.,0.5805554389953613,0.6318390369415283,-0.05128359794616699,0
TRIPLET_01067,History,Federation of Australia,https://en.wikipedia.org/wiki/Federation_of_Australia,Early constitutional conventions > Australasian Federal Conference of 1890,Early constitutional conventions > Australasian Federal Conference of 1890,Landmarks named after Federation,Federation_of_Australia_SEC_005_SENT_001,Federation_of_Australia_SEC_005_SENT_010,Federation_of_Australia_SEC_013_SENT_002,The Australasian Federal Conference of 1890 met at the instigation of Parkes.,"Through the latter part of 1889, the premiers and governors corresponded and agreed for an informal meeting to be called.","These include: Federal Highway, between Goulburn, New South Wales and Canberra Federation Creek, near Croydon, Queensland Federation Peak, Tasmania Federation Range, on the Royston River, about 90 kilometres (56 mi) east-northeast of Melbourne, Victoria Federation Square, Melbourne, Victoria Federation Trail, Melbourne, Victoria Federation University, Ballarat, Victoria",0.5789345502853394,0.6276241540908813,-0.04868960380554199,0
TRIPLET_00415,Landmarks,Sydney Opera House,https://en.wikipedia.org/wiki/Sydney_Opera_House,History > Origins of the project > Site selection,History > Origins of the project > Site selection,Description,Sydney_Opera_House_SEC_003_SENT_004,Sydney_Opera_House_SEC_003_SENT_002,Sydney_Opera_House_SEC_001_SENT_008,It was also Goossens who insisted that Bennelong Point be the site: Cahill had wanted it to be on or near Wynyard railway station in the northwest of the central business district.,"The Sydney Symphony Orchestra's performance home, the Sydney Town Hall, was not considered large enough.",The tiles were manufactured by the Swedish company Höganäs AB which generally produced stoneware tiles for the paper-mill industry.,0.3771321773529053,0.42508167028427124,-0.04794949293136597,0
TRIPLET_01028,History,History of Australia,https://en.wikipedia.org/wiki/History_of_Australia,From autonomy to federation > Federation movement,From autonomy to federation > Federation movement,Inter-war years > Indigenous policy,History_of_Australia_SEC_025_SENT_012,History_of_Australia_SEC_025_SENT_003,History_of_Australia_SEC_033_SENT_011,All of the colonies except Queensland sent representatives to a constitutional convention which held sessions in 1897 and 1898.,A Federal Council of Australasia was formed in 1885 but it had few powers and New South Wales and South Australia declined to join.,By 1941 almost half of the Aboriginal population of New South Wales lived on reserves.,0.4709092974662781,0.5184040069580078,-0.047494709491729736,0
TRIPLET_00602,Sport,Australian rules football,https://en.wikipedia.org/wiki/Australian_rules_football,Laws of the game > Players and equipment,Laws of the game > Players and equipment,Laws of the game > Game skills > Ball movement,Australian_rules_football_SEC_009_SENT_004,Australian_rules_football_SEC_009_SENT_007,Australian_rules_football_SEC_014_SENT_003,Players on the playing surface can be swapped with those on the interchange bench at any time.,"While there is no set uniform, the basic equipment for Australian rules football consists of a guernsey, shorts, socks and football boots (though specialised boots are more often used which have a curved toe for punting and metal studs are officially banned), with additional pieces of apparel such as headbands and gloves additionally being permitted.",Failure to dispose of the ball in one of these two methods will result in a free kick to the opposing team.,0.26422321796417236,0.31155502796173096,-0.047331809997558594,0
TRIPLET_00283,Universities,University of Sydney,https://en.wikipedia.org/wiki/University_of_Sydney,Student life > Charles Perkins Oration and Prize,Student life > Charles Perkins Oration and Prize,Governance and structure > Heraldry and insignia > Coat of arms,University_of_Sydney_SEC_020_SENT_003,University_of_Sydney_SEC_020_SENT_004,University_of_Sydney_SEC_013_SENT_004,"The Oration includes the Charles Perkins Memorial Prize, which recognises the achievements of the top three Indigenous students at the university, based on the highest academic results in their field.","In 2021, the awards event could not be held in the great hall, owing to the COVID-19 pandemic in Australia, but Perkins' daughter, filmmaker Rachel Perkins, announced the recipients, and introduced Tony McAvoy, Australia's first Indigenous Queen's Counsel, to deliver the oration.","According to the university, the Latin motto Sidere mens eadem mutato can be translated to ""the stars change, the mind remains the same.""",0.3531058132648468,0.4000868499279022,-0.04698103666305542,0
TRIPLET_00588,Landmarks,Great Barrier Reef,https://en.wikipedia.org/wiki/Great_Barrier_Reef,Human use,Human use,Protection and preservation: Reef 2050 plan > Conservation Policy: Reef 2050 Water Quality Improvement Plan,Great_Barrier_Reef_SEC_017_SENT_001,Great_Barrier_Reef_SEC_017_SENT_007,Great_Barrier_Reef_SEC_016_SENT_007,The Great Barrier Reef has long been known to and used by the Aboriginal Australian and Torres Strait Islander peoples.,"One of the most famous wrecks was HMS Pandora, which sank on 29 August 1791, killing 35 men.","In addition, the Reef 2050 Water Quality Improvement Plan was announced in 2018 in order to help transition local communities, agricultural organizations and industries to more sustainable practices.",0.2787480354309082,0.32547080516815186,-0.04672276973724365,0
TRIPLET_00655,Sport,Cricket in Australia,https://en.wikipedia.org/wiki/Cricket_in_Australia,Organisation of cricket in modern Australia > Domestic cricket > Men's domestic cricket > First class competitions,Organisation of cricket in modern Australia > Domestic cricket > Men's domestic cricket > First class competitions,Organisation of cricket in modern Australia > Twenty20 cricket > Women's domestic cricket > Twenty20 competitions,Cricket_in_Australia_SEC_011_SENT_004,Cricket_in_Australia_SEC_011_SENT_007,Cricket_in_Australia_SEC_015_SENT_001,"Queensland was admitted to the Shield competition for the 1926–27 season, Western Australia in 1947–48 and Tasmania in 1977–78.","At the end of the 2023-24 season, all participating teams have won at least one Sheffield Shield, with New South Wales the most successful state with 47 wins.","Women's Big Bash League- In 2007, the Australian Women's Twenty20 Cup was introduced, also featuring state representative teams.",0.5459962487220764,0.5917180776596069,-0.04572182893753052,0
TRIPLET_00648,Sport,Australian rules football,https://en.wikipedia.org/wiki/Australian_rules_football,History > First rules,History > First rules,History > Interstate football and the World Wars,Australian_rules_football_SEC_003_SENT_005,Australian_rules_football_SEC_003_SENT_001,Australian_rules_football_SEC_007_SENT_010,"The club aimed to create a simple code suited to the hard playing surfaces around Melbourne, and to eliminate the roughest aspects of English school games—such as ""hacking"" (shin-kicking) in Rugby School football—to reduce the risk of injuries to working men.","A loosely organised Melbourne side, captained by Wills, played against other football enthusiasts in the winter and spring of 1858.","While scratch matches were played by Australian ""diggers"" in remote locations around the world, the game lost many of its great players to wartime service.",0.6034591197967529,0.6482231616973877,-0.044764041900634766,0
TRIPLET_00269,Universities,University of Sydney,https://en.wikipedia.org/wiki/University_of_Sydney,Campuses and buildings > Halls of residence,Campuses and buildings > Halls of residence,History > 2010s,University_of_Sydney_SEC_009_SENT_005,University_of_Sydney_SEC_009_SENT_004,University_of_Sydney_SEC_004_SENT_014,"Additionally, the university owns and has operated International House until its closure in 2021.",The Student Accommodation Service and the Mana Yura Student Support Service were the first in Australia to implement an Aboriginal and Torres Strait Islander On-Campus Residence Halls Scholarship Guarantee.,"Asked to rate their level of agreement with a series of statements about the university, 19 per cent of those surveyed believed ""change and innovation"" were handled well by the university.",0.4193280041217804,0.46372267603874207,-0.04439467191696167,0
TRIPLET_00528,Landmarks,Uluru,https://en.wikipedia.org/wiki/Uluru,Tourism > Photography,Tourism > Photography,Geology > Age and origin,Uluru_SEC_009_SENT_004,Uluru_SEC_009_SENT_002,Uluru_SEC_013_SENT_008,"In September 2020, Parks Australia alerted Google Australia to the user-generated images from the Uluru summit that have been posted on the Google Maps platform and requested that the content be removed in accordance with the wishes of Aṉangu, Uluru's traditional owners, and the national park's Film and Photography Guidelines.",These areas are the sites of gender-linked rituals or ceremonies and are forbidden ground for Aṉangu of the opposite sex to those participating in the rituals in question.,"They were thrust up during a mountain building episode referred to as the Petermann Orogeny that took place in late Neoproterozoic to early Cambrian times (550–530 Ma), and thus the Mutitjulu Arkose is believed to have been deposited at about the same time, hence then in Gondwana (now in Australia).",0.3891584873199463,0.4334281384944916,-0.04426965117454529,0
TRIPLET_00477,Landmarks,Sydney Harbour Bridge,https://en.wikipedia.org/wiki/Sydney_Harbour_Bridge,Operations > Tolls,Operations > Tolls,History > Official opening ceremony,Sydney_Harbour_Bridge_SEC_010_SENT_001,Sydney_Harbour_Bridge_SEC_010_SENT_007,Sydney_Harbour_Bridge_SEC_007_SENT_007,The vehicular traffic lanes on the bridge are operated as a toll road.,"Following on from this upgrade, in 2018 all southern toll plaza infrastructure was also removed.",The intruder was identified as Francis de Groot.,0.27745598554611206,0.32143092155456543,-0.04397493600845337,0
TRIPLET_01048,History,History of Australia,https://en.wikipedia.org/wiki/History_of_Australia,Australia in a globalised world (1996–2022) > Liberal-National Coalition governments (2013–2022) > Abbott government (2013–2015),Australia in a globalised world (1996–2022) > Liberal-National Coalition governments (2013–2022) > Abbott government (2013–2015),Post-pandemic (2022–present) > Albanese government (2022–present),History_of_Australia_SEC_049_SENT_007,History_of_Australia_SEC_049_SENT_008,History_of_Australia_SEC_052_SENT_006,"The prime minister announced a number of decisions – most notably the reintroduction of knighthoods and a knighthood for Prince Philip, Duke of Edinburgh – which had not been approved by cabinet and which were widely criticised in the media.",By September 2015 the government had lost 30 Newspolls in a row and Malcolm Turnbull successfully challenged for the leadership.,A referendum on an Indigenous Voice to Parliament was held on 14 October 2023 and was rejected nationally.,0.5860912799835205,0.6295883059501648,-0.04349702596664429,0
TRIPLET_00905,Wildlife,Platypus,https://en.wikipedia.org/wiki/Platypus,Distribution and habitat,Distribution and habitat,Description,Platypus_SEC_005_SENT_004,Platypus_SEC_005_SENT_010,Platypus_SEC_002_SENT_021,In October 2020 a nesting platypus was filmed in the wild after the previously abandoned Sanctuary reopened.,The surrounding terrestrial environment includes tropical rainforests and colder alpine areas.,"The species follows Bergmann's rule, with individuals being larger the farther south they are, due to colder climates; there are local variations, however.",0.2248210310935974,0.26708734035491943,-0.04226630926132202,0
TRIPLET_00855,Wildlife,Koala,https://en.wikipedia.org/wiki/Koala,Relation to humans > Koala diplomacy,Relation to humans > Koala diplomacy,Taxonomy,Koala_SEC_013_SENT_002,Koala_SEC_013_SENT_001,Koala_SEC_002_SENT_001,"The term also includes the loan of koalas by the Australian government to overseas zoos in countries such as Singapore and Japan, as a form of ""soft power diplomacy"", like the ""panda diplomacy"" practised by China.","The event gave rise to the term ""koala diplomacy"", which became the Oxford Word of the Month for December 2016.","The generic name Phascolarctos was given in 1816 by French zoologist Henri Marie Ducrotay de Blainville, who did not give it a specific name until further review.",0.4234948754310608,0.4650275707244873,-0.041532695293426514,0
TRIPLET_00758,Sport,Tennis in Australia,https://en.wikipedia.org/wiki/Tennis_in_Australia,Lower Tier Tournaments > ITF Tour,Lower Tier Tournaments > ITF Tour,Lower Tier Tournaments > ATP Challenger Tour,Tennis_in_Australia_SEC_004_SENT_002,Tennis_in_Australia_SEC_004_SENT_001,Tennis_in_Australia_SEC_002_SENT_001,These tournaments serve as entry level events for the ATP and WTA tours and offer points and prize money.,The lowest tier of professional tennis tournaments are the ITF Men's World Tennis Tour and the ITF Women's World Tennis Tour run by the International Tennis Federation (ITF).,The ATP Challenger Tour is the second tier of professional tennis tournaments run by the Association of Tennis Professionals.,0.5830021500587463,0.6241453886032104,-0.04114323854446411,0
TRIPLET_00325,Universities,University of Melbourne,https://en.wikipedia.org/wiki/University_of_Melbourne,Student life > Sports and athletics,Student life > Sports and athletics,Campuses and buildings > Southbank,University_of_Melbourne_SEC_040_SENT_003,University_of_Melbourne_SEC_040_SENT_009,University_of_Melbourne_SEC_009_SENT_005,MU Sport also manages the university's designated entry scheme for elite athletes.,In 2008 MUCyc won its seventh consecutive AUG championship (2002–2008).,"In 2011, the Victorian State Government allocated $24 million to support arts education at the VCA.",0.3443111181259155,0.3851376175880432,-0.040826499462127686,0
TRIPLET_00352,Universities,Australian National University,https://en.wikipedia.org/wiki/Australian_National_University,Student life > Residential halls and colleges,Student life > Residential halls and colleges,Student life > Student media > ANU Observer,Australian_National_University_SEC_022_SENT_004,Australian_National_University_SEC_022_SENT_010,Australian_National_University_SEC_021_SENT_002,"In 2010, the non-residential Griffin Hall was established for students living off-campus.","Protests have been held since on the issue, with one high-profile one occurring on the same day as the annual Open Day in 2024.","Founded in 2017, ANU Observer is an online news site that covers breaking campus news, student life, student politics, arts and culture, sports, university policy and more.",0.4471411108970642,0.4878923296928406,-0.04075121879577637,0
TRIPLET_00157,Cities,Perth,https://en.wikipedia.org/wiki/Perth,History > Federation and beyond,History > Federation and beyond,Demographics > Ancestry and immigration,Perth_SEC_006_SENT_020,Perth_SEC_006_SENT_014,Perth_SEC_013_SENT_023,"Perth's development and relative prosperity, especially since the mid-1960s, has resulted from its role as the main service centre for the state's resource industries, which extract gold, iron ore, nickel, alumina, diamonds, mineral sands, coal, oil and natural gas.","Commencing in the 1950s, Perth began to expand along an extensive highway network laid out in the Stephenson-Hepburn Report, which noted that Perth was beginning to resemble a pattern of development less in line with the British experience and more in line with North America.","There is also a substantial Anglo-Indian population in Perth, who also settled in the city following the independence of India.",0.5186773538589478,0.559216320514679,-0.0405389666557312,0
TRIPLET_00381,Universities,Australian National University,https://en.wikipedia.org/wiki/Australian_National_University,History > Modern era,History > Modern era,History > Post-war origins,Australian_National_University_SEC_003_SENT_008,Australian_National_University_SEC_003_SENT_017,Australian_National_University_SEC_001_SENT_008,[...] [W]e seem to have played a major role in a movement which now seems unstoppable.,"In 2017, Chinese hackers infiltrated the computers of Australian National University, potentially compromising national security research conducted at the university.","The first residents' hall, University House, was opened in 1954 for faculty members and postgraduate students.",0.11556218564510345,0.15591669082641602,-0.04035450518131256,0
TRIPLET_00708,Sport,Rugby league in Australia,https://en.wikipedia.org/wiki/Rugby_league_in_Australia,Demographics of the game > Women in rugby league,Demographics of the game > Women in rugby league,Governing body > Federal governing body,Rugby_league_in_Australia_SEC_009_SENT_007,Rugby_league_in_Australia_SEC_009_SENT_011,Rugby_league_in_Australia_SEC_003_SENT_001,"The lack of female-participation in Australian rugby league can mostly be attributed to the predominantly masculine culture which discourages women from playing, and provides little financial or cultural incentive to play.","For instance, in 2005 the Canterbury Bulldogs staged a luncheon for 300 of Sydney's corporate women to raise funds for the National Breast Cancer Foundation, as well as skills development for school girls within the Canterbury-Bankstown district.","The Australian Rugby League Commission is the governing body for the sport of rugby league in Australia and also conducts all representative rugby league, including the national team and the annual State of Origin series.",0.2896946370601654,0.32959282398223877,-0.039898186922073364,0
TRIPLET_01056,History,Federation of Australia,https://en.wikipedia.org/wiki/Federation_of_Australia,Early constitutional conventions > The National Australasian Convention of 1891,Early constitutional conventions > The National Australasian Convention of 1891,Early calls for federation > Federal Council of Australasia,Federation_of_Australia_SEC_007_SENT_006,Federation_of_Australia_SEC_007_SENT_005,Federation_of_Australia_SEC_002_SENT_010,"Griffith himself recommended that the doctrine of responsible government should be left open, or substantially modified to accord with the Federal structure.","The main division of opinion centred on the contention of Alfred Deakin, that the lower house must be supreme, as opposed to the views of Barton, John Cockburn and others, that a strong Senate with co-ordinate powers was essential.",The trigger was the British rejection of Queensland's unilateral annexation of New Guinea and the British Government wish to see a federalised Australasia.,0.5432224869728088,0.5819811820983887,-0.038758695125579834,0
TRIPLET_00137,Cities,Brisbane,https://en.wikipedia.org/wiki/Brisbane,Infrastructure > Transport > Rail,Infrastructure > Transport > Rail,Urban structure > Parklands,Brisbane_SEC_027_SENT_001,Brisbane_SEC_027_SENT_006,Brisbane_SEC_010_SENT_003,"The network extends to the Gold and Sunshine coasts, which are fully integrated into the network on the Gold Coast line and Sunshine Coast line.",The Cross River Rail project includes a twin rail tunnel (5.9 km (3.7 mi) long) which will pass under the Brisbane River to link two new railway stations at Albert Street in the CBD and Woolloongabba; it is under construction and scheduled to be completed in early 2025.,The D'Aguilar National Park is a major national park along the northwest of the metropolitan area in the D'Aguilar Range.,0.4583294093608856,0.496023565530777,-0.03769415616989136,0
TRIPLET_01032,History,History of Australia,https://en.wikipedia.org/wiki/History_of_Australia,World War II > War,World War II > War,World War I > Home front,History_of_Australia_SEC_035_SENT_034,History_of_Australia_SEC_035_SENT_044,History_of_Australia_SEC_028_SENT_002,"Churchill wanted them diverted to Burma, but Curtin refused, and anxiously awaited their return to Australia.","Between July and November 1942, Australian forces repulsed Japanese attempts on the city by way of the Kokoda Track, in the highlands of New Guinea.","After Billy Hughes replaced Fisher as prime minister in October 1915, regulations under the act were increasingly used to censor publications, penalise public speech and suppress organisations that the government considered detrimental to the war effort.",0.5546327829360962,0.5920382738113403,-0.03740549087524414,0
TRIPLET_00471,Landmarks,Sydney Harbour Bridge,https://en.wikipedia.org/wiki/Sydney_Harbour_Bridge,History > Construction,History > Construction,Structure > Pylons,Sydney_Harbour_Bridge_SEC_006_SENT_003,Sydney_Harbour_Bridge_SEC_006_SENT_030,Sydney_Harbour_Bridge_SEC_003_SENT_005,"This led to a bitter argument, with Dorman Long maintaining that instructing other people to produce a copy of an existing design in a document not subsequently used to specify the final construction did not constitute personal design input on Bradfield's part.","The bridge underwent testing for three weeks, after which it was declared safe and ready to be opened.","The Moruya quarry was managed by John Gilmore, a Scottish stonemason who emigrated with his young family to Australia in 1924, at the request of the project managers.",0.2314859926700592,0.2675447463989258,-0.03605875372886658,0
TRIPLET_01017,History,History of Australia,https://en.wikipedia.org/wiki/History_of_Australia,"Inter-war years > Men, money and markets (1920s)","Inter-war years > Men, money and markets (1920s)",From autonomy to federation > Colonial self-government and the gold rushes > Self-government and democracy,History_of_Australia_SEC_030_SENT_011,History_of_Australia_SEC_030_SENT_020,History_of_Australia_SEC_021_SENT_003,"Other major strikes occurred on the waterfront, in the coalmining and timber industries in the late 1920s.","""The new irrigation areas in Western Australia and the Dawson Valley of Queensland proved disastrous"".","The constitutions for New South Wales, Victoria and Van Diemen's Land (renamed Tasmania in 1856) gained Royal Assent in 1855, that for South Australia in 1856.",0.31865566968917847,0.3533526062965393,-0.03469693660736084,0
TRIPLET_00341,Universities,University of Melbourne,https://en.wikipedia.org/wiki/University_of_Melbourne,Campuses and buildings > Shepparton,Campuses and buildings > Shepparton,Governance and structure > University Council > Academic Board,University_of_Melbourne_SEC_013_SENT_003,University_of_Melbourne_SEC_013_SENT_001,University_of_Melbourne_SEC_018_SENT_002,"It provides fully furnished, subsidized, self-catered student accommodation on site at the Clinical School.","The Shepparton Medical Centre campus is located in Shepparton, nearly 200 km north of Melbourne.",The University of Melbourne Executive is the university's principal management committee.,0.39942532777786255,0.4336988925933838,-0.03427356481552124,0
TRIPLET_01183,History,Eureka Rebellion,https://en.wikipedia.org/wiki/Eureka_Rebellion,Commemoration > 19th century,Commemoration > 19th century,Origins in the Victorian gold rush > Protests on the goldfields: 1851–1854 > La Trobe introduces monthly mining tax as protests begin,Eureka_Rebellion_SEC_021_SENT_017,Eureka_Rebellion_SEC_021_SENT_009,Eureka_Rebellion_SEC_002_SENT_002,It appears there were no further gatherings at the Eureka Stockade Monument until the 50th-anniversary commemorations in 1904.,The soldiers were buried in the same cemetery as the rebels.,"The universal mining tax was based on time stayed rather than what was seen as the more equitable option, an export duty levied only on gold found, meaning it was always designed to make life unprofitable for most prospectors.",0.33946794271469116,0.3735288381576538,-0.034060895442962646,0
TRIPLET_00087,Cities,Melbourne,https://en.wikipedia.org/wiki/Melbourne,Media,Media,History > Land boom and bust,Melbourne_SEC_023_SENT_002,Melbourne_SEC_023_SENT_009,Melbourne_SEC_005_SENT_007,"There are six primary free-to-air digital television stations operating in Greater Melbourne and Geelong: ABC Victoria (ABV), SBS Victoria (SBS), Seven Melbourne (HSV), Nine Melbourne (GTV), Ten Melbourne (ATV), C31 Melbourne (MGV) – community television.","JOY 94.9 caters to gay, lesbian, bisexual, and transgender audiences.","In 1885, visiting English journalist George Augustus Henry Sala and Joe Harold coined the phrase ""Marvellous Melbourne"", which stuck long into the twentieth century and has come to refer to the opulence and energy of the 1880s, during which time large commercial buildings, grand hotels, banks, coffee palaces, terrace housing and palatial mansions proliferated in the city.",0.38129186630249023,0.4150736629962921,-0.03378179669380188,0
TRIPLET_00437,Landmarks,Sydney Opera House,https://en.wikipedia.org/wiki/Sydney_Opera_House,History > Reconciliation with Utzon; building refurbishment,History > Reconciliation with Utzon; building refurbishment,History > Origins of the project > Site selection,Sydney_Opera_House_SEC_014_SENT_010,Sydney_Opera_House_SEC_014_SENT_015,Sydney_Opera_House_SEC_003_SENT_001,New escalators and a public lift enabled enhanced access for the disabled and families with prams.,The tapestry was bought at auction by the Sydney Opera House in June 2015.,"Planning began in the late 1940s when Eugene Goossens, the Chief Conductor of the Sydney Symphony Orchestra and Director of the New South Wales State Conservatorium of Music, lobbied for a suitable venue for opera and orchestral performance.",0.23369541764259338,0.2664152681827545,-0.03271985054016113,0
TRIPLET_00305,Universities,University of Melbourne,https://en.wikipedia.org/wiki/University_of_Melbourne,Academic profile > Teaching structure,Academic profile > Teaching structure,Academic profile > Galleries and exhibitions > Science Gallery,University_of_Melbourne_SEC_022_SENT_001,University_of_Melbourne_SEC_022_SENT_006,University_of_Melbourne_SEC_035_SENT_003,"The University of Melbourne differs from other Australian universities in its course structure, as it offers nine generalised three-year degrees instead of more traditional specialised undergraduate degrees.",The university's faculties often have a corresponding graduate school to offer these degrees.,"The gallery forms part of the Global Science Gallery Network, based on the Science Gallery at Trinity College Dublin.",0.36192673444747925,0.393907368183136,-0.03198063373565674,0
TRIPLET_00585,Landmarks,Great Barrier Reef,https://en.wikipedia.org/wiki/Great_Barrier_Reef,Environmental threats > Ocean Acidification,Environmental threats > Ocean Acidification,Human use > Management > Abbot Point coal port dredge dumping controversy,Great_Barrier_Reef_SEC_006_SENT_002,Great_Barrier_Reef_SEC_006_SENT_004,Great_Barrier_Reef_SEC_019_SENT_006,Ocean acidification occurs when excess atmospheric carbon dioxide gets absorbed into the ocean.,"This reduces the amount of aragonite, a key mineral for coral to grow, in the water.","The dredge spoil from the Abbot Point port project is to be dumped 24 kilometres (15 mi) away, near Bowen in north Queensland, and the approval from the Authority will result in the production of an extra 70 million tonnes of coal annually, worth between A$1.4 billion and $2.8 billion.",0.4296892583370209,0.4613833427429199,-0.03169408440589905,0
TRIPLET_00098,Cities,Melbourne,https://en.wikipedia.org/wiki/Melbourne,Architecture,Architecture,History > Indigenous people,Melbourne_SEC_013_SENT_011,Melbourne_SEC_013_SENT_010,Melbourne_SEC_002_SENT_001,"Residential architecture is not defined by a single architectural style, but rather by an eclectic mix of large McMansion-style houses (particularly in areas of urban sprawl), apartment buildings and townhouses, all of which generally characterise the medium-density inner-city neighbourhoods.","The city also features the Shrine of Remembrance, which was built as a memorial to the men and women of Victoria who served in World War I and is now a memorial to all Australians who have served in war.","Aboriginal Australians have lived in the Melbourne area for at least 40,000 years.",0.2791966497898102,0.3106379210948944,-0.03144127130508423,0
TRIPLET_00595,Landmarks,Great Barrier Reef,https://en.wikipedia.org/wiki/Great_Barrier_Reef,Human use > Dugong hunting,Human use > Dugong hunting,Ecology,Great_Barrier_Reef_SEC_022_SENT_001,Great_Barrier_Reef_SEC_022_SENT_002,Great_Barrier_Reef_SEC_003_SENT_012,"Under the Native Title Act 1993, native title holders retain the right to legally hunt dugongs and green turtles for ""personal, domestic or non-commercial communal needs"".","Four traditional owners groups agreed to cease the hunting of dugongs in the area in 2011 due to their declining numbers, partially accelerated by seagrass damage from Cyclone Yasi.","Nesting has not been reported, and the salt water crocodile population in the GBRWHA is wide-ranging but low density.",0.4273190498352051,0.45840173959732056,-0.03108268976211548,0
TRIPLET_00761,Sport,Tennis in Australia,https://en.wikipedia.org/wiki/Tennis_in_Australia,Broadcasting > French Open,Broadcasting > French Open,Broadcasting > WTA Tour Events,Tennis_in_Australia_SEC_007_SENT_003,Tennis_in_Australia_SEC_007_SENT_001,Tennis_in_Australia_SEC_011_SENT_001,"Previously, subscription television service Foxtel had the rights to the French Open with SBS Australia simulcasting World-feed coverage from 10:30pm AEST.","Since 2021, the Nine Network is the Australian broadcast holder with coverage on secondary channel 9Gem.","All Women's Tennis Association (WTA) Tour events, with the exception of the Brisbane, Adelaide and Hobart Internationals are televised on BeIN Sports a subscription service available through Amazon Prime Video and through BeIN Sports directly.",0.5915108323097229,0.6224807500839233,-0.03096991777420044,0
TRIPLET_00688,Sport,Cricket in Australia,https://en.wikipedia.org/wiki/Cricket_in_Australia,History > 1945–1969,History > 1945–1969,Organisation of cricket in modern Australia > Twenty20 cricket > Women's domestic cricket > Limited overs competitions,Cricket_in_Australia_SEC_002_SENT_004,Cricket_in_Australia_SEC_002_SENT_011,Cricket_in_Australia_SEC_014_SENT_003,"After the retirement of Bradman in 1948, Hassett, Miller and all-rounder Ray Lindwall formed the nucleus of the Australian team.","In the late 1950s and early 1960s, there was an ongoing controversy regarding illegal bowling actions.","New South Wales have historically dominated the competition, appearing in the first 24 title deciders and winning 20 championships.",0.3925437331199646,0.42343172430992126,-0.030887991189956665,0
TRIPLET_00563,Landmarks,Great Barrier Reef,https://en.wikipedia.org/wiki/Great_Barrier_Reef,Human use,Human use,Protection and preservation: Reef 2050 plan,Great_Barrier_Reef_SEC_017_SENT_004,Great_Barrier_Reef_SEC_017_SENT_006,Great_Barrier_Reef_SEC_015_SENT_001,"In 1768, Louis de Bougainville encountered the reef, but did not explore it.",Lightening the ship and re-floating it during an incoming tide eventually saved it.,"In March 2015, the Australian and Queensland's governments formed a plan for the protection and preservation of the reef's universal heritage until 2050.",0.3097589910030365,0.3403624892234802,-0.030603498220443726,0
TRIPLET_00382,Universities,Australian National University,https://en.wikipedia.org/wiki/Australian_National_University,Governance and structure > Constituent colleges > Asia and the Pacific,Governance and structure > Constituent colleges > Asia and the Pacific,Governance and structure > University Council,Australian_National_University_SEC_009_SENT_002,Australian_National_University_SEC_009_SENT_006,Australian_National_University_SEC_006_SENT_002,"The college also houses the Australian Centre on China in the World, the Strategic and Defence Studies Centre, and the Council for Security Cooperation in the Asia Pacific, Australia.",Many high performing Year in Asia program students gain the opportunity to travel to an Asian country of their choosing to study for one year specializing in one Asian language.,"Gareth Evans, a former Foreign Minister of Australia, was ANU Chancellor from 2010 to December 2019 and Brian Schmidt, an astrophysicist and Nobel Laureate, served as Vice-Chancellor from 1 January 2016 to 1 January 2024.",0.46142178773880005,0.4918498396873474,-0.030428051948547363,0
TRIPLET_00656,Sport,Cricket in Australia,https://en.wikipedia.org/wiki/Cricket_in_Australia,Organisation of cricket in modern Australia > International cricket,Organisation of cricket in modern Australia > International cricket,Organisation of cricket in modern Australia > Domestic cricket > Men's domestic cricket > First class competitions,Cricket_in_Australia_SEC_008_SENT_001,Cricket_in_Australia_SEC_008_SENT_002,Cricket_in_Australia_SEC_011_SENT_007,The Australian national team is one of the most successful teams in international cricket.,"Along with England, Australia was recognised as one of the founder nations of the Imperial Cricket Conference, later the International Cricket Council.","At the end of the 2023-24 season, all participating teams have won at least one Sheffield Shield, with New South Wales the most successful state with 47 wins.",0.5962214469909668,0.6264383792877197,-0.03021693229675293,0
TRIPLET_01091,History,Federation of Australia,https://en.wikipedia.org/wiki/Federation_of_Australia,Federation referendums,Federation referendums,The economic consequences of federation,Federation_of_Australia_SEC_010_SENT_004,Federation_of_Australia_SEC_010_SENT_002,Federation_of_Australia_SEC_012_SENT_002,"In June 1899, referendums on the revised constitution were held again in all the colonies except for Western Australia, where the vote was not held until the following year.","There were majority votes in all four, however, the enabling legislation in New South Wales required the support of at least 80,000 voters for passage, equivalent to about half of enrolled voters, and this number was not reached.","With respect to the customs union, tariffs were abolished on interstate trade (although this process occurred on a phased basis in Western Australia), while all of the colonies adopted the Commonwealth's common external tariff schedule in October 1901.",0.6441296935081482,0.6733749508857727,-0.02924525737762451,0
TRIPLET_00462,Landmarks,Sydney Harbour Bridge,https://en.wikipedia.org/wiki/Sydney_Harbour_Bridge,Celebrations > Sydney New Year's Eve,Celebrations > Sydney New Year's Eve,Engineering recognition,Sydney_Harbour_Bridge_SEC_019_SENT_002,Sydney_Harbour_Bridge_SEC_019_SENT_003,Sydney_Harbour_Bridge_SEC_030_SENT_002,"In recent times, the bridge has included a ropelight display on a framework in the centre of the eastern arch, which is used to complement the fireworks.","The scaffolding and framework were clearly visible for some weeks before the event, revealing the outline of the design.","The bridge was also recognized by a plaque that year from the American Society of Civil Engineers designating it an ""International Historic Civil Engineering Landmark"".",0.3912094831466675,0.42038458585739136,-0.029175102710723877,0
TRIPLET_01129,History,Australian gold rushes,https://en.wikipedia.org/wiki/Australian_gold_rushes,"Pre-rush gold finds > 1840: Lefroy, Tasmania","Pre-rush gold finds > 1840: Lefroy, Tasmania",Notable gold finds that started rushes > 1867–1870: Gympie and other finds in Queensland,Australian_gold_rushes_SEC_007_SENT_002,Australian_gold_rushes_SEC_007_SENT_001,Australian_gold_rushes_SEC_031_SENT_004,"In the 1880s, this became known as the Lefroy goldfields.",Gold is believed to have been found in Northern Tasmania at The Den (formerly known as Lefroy or Nine Mile Springs) near George Town in 1840 by a convict.,"On 8 January 1867, the Queensland Government offered a £3,000 (equivalent to A$952,000 in 2022) reward for the discovery of more payable goldfields in the state.",0.6328866481781006,0.6617425680160522,-0.02885591983795166,0
TRIPLET_00466,Landmarks,Sydney Harbour Bridge,https://en.wikipedia.org/wiki/Sydney_Harbour_Bridge,Celebrations > 50th Anniversary celebrations,Celebrations > 50th Anniversary celebrations,Operations > Road,Sydney_Harbour_Bridge_SEC_017_SENT_001,Sydney_Harbour_Bridge_SEC_017_SENT_002,Sydney_Harbour_Bridge_SEC_008_SENT_008,"In 1982, the 50th anniversary of the opening of the bridge was celebrated.","For the first time since its opening in 1932, the bridge was closed to most vehicles with the exception of vintage vehicles, and pedestrians were allowed full access for the day.",The Sydney Harbour Tunnel was completed in August 1992 and carries only motor vehicles.,0.4390231966972351,0.4677956700325012,-0.028772473335266113,0
TRIPLET_01152,History,Eureka Rebellion,https://en.wikipedia.org/wiki/Eureka_Rebellion,Aftermath > Trials for sedition and high treason,Aftermath > Trials for sedition and high treason,Origins in the Victorian gold rush > Protests on the goldfields: 1851–1854 > Bendigo Petition and the Red Ribbon Movement,Eureka_Rebellion_SEC_016_SENT_001,Eureka_Rebellion_SEC_016_SENT_021,Eureka_Rebellion_SEC_004_SENT_030,The first trial relating to the rebellion was a charge of sedition against Henry Seekamp of the Ballarat Times.,"These matters were weighty and more conclusive of proof than a charge of murder, but they left the Crown with an arduous task of convincing the jury that Joseph had acted with such an elevated intent.","4), An Act for the Better Management of the Goldfields, was passed, which, upon receiving royal assent on 1 December, reduced the licence fee to 40 shillings for every three months.",0.48291444778442383,0.5085514783859253,-0.025637030601501465,0
TRIPLET_00960,Wildlife,Tasmanian devil,https://en.wikipedia.org/wiki/Tasmanian_devil,Description,Description,Ecology and behaviour,Tasmanian_devil_SEC_003_SENT_032,Tasmanian_devil_SEC_003_SENT_025,Tasmanian_devil_SEC_005_SENT_042,The teeth and claw strength allow the devil to attack wombats up to 30 kg (66 lb) in weight.,Dasyurid teeth resemble those of primitive marsupials.,"The standard metabolic rate of a Tasmanian devil is 141 kJ/kg (15.3 kcal/lb) per day, many times lower than smaller marsupials.",0.45341983437538147,0.4786470830440521,-0.025227248668670654,0
TRIPLET_00040,Cities,Sydney,https://en.wikipedia.org/wiki/Sydney,Geography > Ecology,Geography > Ecology,Regions > Inner West,Sydney_SEC_009_SENT_008,Sydney_SEC_009_SENT_006,Sydney_SEC_013_SENT_015,"According to the Senseable City Lab at the Massachusetts Institute of Technology (MIT), which measures street-level urban greenery using the Green View Index (GVI), Sydney recorded a GVI of 25.9%.","The predominant vegetation community in Sydney is the Cumberland Plain Woodland in Western Sydney (Cumberland Plain), followed by the Sydney Turpentine-Ironbark Forest in the Inner West and Northern Sydney, the Eastern Suburbs Banksia Scrub in the coastline and the Blue Gum High Forest scantily present in the North Shore – all of which are critically endangered.",The future Sydney Metro West will also connect this area with the City and Parramatta.,0.39077872037887573,0.4159724712371826,-0.025193750858306885,0
TRIPLET_00795,Sport,Tennis in Australia,https://en.wikipedia.org/wiki/Tennis_in_Australia,Highest ranked players > Top 10 Ranked Players,Highest ranked players > Top 10 Ranked Players,Broadcasting > Wimbledon,Tennis_in_Australia_SEC_005_SENT_001,Tennis_in_Australia_SEC_005_SENT_002,Tennis_in_Australia_SEC_008_SENT_004,The lists include Australian players who have had a ranking inside the ATP or WTA top 10.,The rankings were introduced in 1973 (men) and 1975 (women).,"In addition to what was televised via their terrestrial free-to-air channel (either Channel 9 or secondary channel 9Gem), all matches are able to be streamed via Stan Sport, a pay for view streaming service owned by Nine.",0.36358046531677246,0.38738012313842773,-0.023799657821655273,0
TRIPLET_00053,Cities,Melbourne,https://en.wikipedia.org/wiki/Melbourne,Economy,Economy,Economy > Tourism,Melbourne_SEC_016_SENT_003,Melbourne_SEC_016_SENT_010,Melbourne_SEC_017_SENT_005,"Melbourne's suburbs also have the head offices of Coles Group (owner of Coles Supermarkets) and Wesfarmers companies Bunnings, Target, K-Mart and Officeworks, as well as the head office for Australia Post.","The city was rated 41st within the top 50 financial cities as surveyed by the MasterCard Worldwide Centers of Commerce Index (2008), second only to Sydney (12th) in Australia.","Luna Park, a theme park modelled on New York's Coney Island and Seattle's Luna Park, is also a popular destination for visitors.",0.3809826672077179,0.4044937491416931,-0.02351108193397522,0
TRIPLET_00710,Sport,Rugby league in Australia,https://en.wikipedia.org/wiki/Rugby_league_in_Australia,Variants,Variants,Media coverage,Rugby_league_in_Australia_SEC_013_SENT_002,Rugby_league_in_Australia_SEC_013_SENT_001,Rugby_league_in_Australia_SEC_019_SENT_001,"As can be seen above, total rugby league participation including Variants is well over 1.5 million (1 million touch alone).","Three main variant sports of rugby league are played in Australia; Touch, OzTag, and League tag.","Due to the widespread interest in rugby league games played, including the State of Origin series, match results, scorelines and reports of injuries to key players, are comprehensively carried by many Australian newspapers.",0.417402446269989,0.4406164288520813,-0.023213982582092285,0
TRIPLET_00778,Sport,Tennis in Australia,https://en.wikipedia.org/wiki/Tennis_in_Australia,Broadcasting > US Open,Broadcasting > US Open,Broadcasting > Australian Open,Tennis_in_Australia_SEC_009_SENT_001,Tennis_in_Australia_SEC_009_SENT_004,Tennis_in_Australia_SEC_006_SENT_003,The Nine Network is the current broadcast holder of the US Open having gained the rights to the event from 2022 making the Nine Network the home of Australian tennis with all four Grand Slams and Australian Open lead in events as well as all Australian rubbers of the Davis Cup and the Billie Jean King Cup.,"Additionally, between 2019 and 2021 SBS Australia simulcast coverage of the Quarterfinals onwards using the World Feed.","While the contract was not to begin until 2020, the Nine Network, incumbent rights holders the Seven Network and Tennis Australia negotiated to bring this forward by one year allowing Nine to telecast the Australian Open from 2019.",0.6686628460884094,0.6916652321815491,-0.02300238609313965,0
TRIPLET_00636,Sport,Australian rules football,https://en.wikipedia.org/wiki/Australian_rules_football,Laws of the game > Misconduct,Laws of the game > Misconduct,Laws of the game > Field,Australian_rules_football_SEC_018_SENT_001,Australian_rules_football_SEC_018_SENT_006,Australian_rules_football_SEC_011_SENT_002,"In the event a player breaks a rule, a free kick is awarded to the opposing team, from the location that the misconduct occurred, or the ball's current location—whichever is closer to the team's scoring zone.","The laws of the game allow umpires to send off players for egregious foul play, although this law does not apply to the AFL and is largely only used at the local level.","At either end of the field, two sets of posts are erected in a straight line to indicate the scoring areas on the field, each with two kinds of posts, named the goal posts and the behind posts respectively.",0.5079813599586487,0.5299152135848999,-0.02193385362625122,0
TRIPLET_01106,History,Australian gold rushes,https://en.wikipedia.org/wiki/Australian_gold_rushes,"Notable gold finds that started rushes > 1880: Mt McDonald, New South Wales","Notable gold finds that started rushes > 1880: Mt McDonald, New South Wales","Notable gold finds that started rushes > 1892–1899: Coolgardie, Kalgoorlie, and other finds in Western Australia > 1892: Coolgardie",Australian_gold_rushes_SEC_036_SENT_003,Australian_gold_rushes_SEC_036_SENT_001,Australian_gold_rushes_SEC_041_SENT_002,"By the early 1900s, mining declined, and the town slowly faded away.","Donald McDonald and his party discovered two gold-rich quartz reefs at Mount McDonald, as they were prospecting the mountain ranges around Wyangala.",On 17 September 1892 Wesley rode the 185 km (115 mi) with this gold into Southern Cross to register their reward-claim for a new find of gold.,0.21842846274375916,0.24004244804382324,-0.021613985300064087,0
TRIPLET_00936,Wildlife,Platypus,https://en.wikipedia.org/wiki/Platypus,Conservation > Sanctuaries and captivity,Conservation > Sanctuaries and captivity,Evolution,Platypus_SEC_011_SENT_009,Platypus_SEC_011_SENT_002,Platypus_SEC_008_SENT_013,One of the females; Penelope had a false proto-pregnancy.,"One notable example is at Healesville Sanctuary in Victoria under David Fleay, where breeding was successful in 1943.","The closest fossil relative of the platypus is Obdurodon, known from the late Oligocene to the Miocene of Australia.",0.2306205928325653,0.2521074712276459,-0.021486878395080566,0
TRIPLET_01108,History,Australian gold rushes,https://en.wikipedia.org/wiki/Australian_gold_rushes,"Notable gold finds that started rushes > February 1851: Orange, New South Wales","Notable gold finds that started rushes > February 1851: Orange, New South Wales","Notable gold finds that started rushes > 1892–1899: Coolgardie, Kalgoorlie, and other finds in Western Australia > 1893–1899: Coolgardie and Kalgoorlie",Australian_gold_rushes_SEC_018_SENT_008,Australian_gold_rushes_SEC_018_SENT_004,Australian_gold_rushes_SEC_043_SENT_005,"In 1872, a large gold and quartz ""Holtermann Nugget"" was discovered by the night shift, in a mine part owned by Bernhardt Holtermann at Hill End, near Bathurst, New South Wales.",This was the first gold rush in Australia.,"In 1897, Coolgardie was the third largest town in Western Australia after Perth and Fremantle and the largest town in the Western Australian gold-mining districts, with a recorded population of 5,008, while Kalgoorlie–Boulder was the fourth-largest town in Western Australia and the second largest in the Western Australian gold-mining districts, with an estimated population of 3,400.",0.6652635335922241,0.685977578163147,-0.02071404457092285,0
TRIPLET_00021,Cities,Sydney,https://en.wikipedia.org/wiki/Sydney,Demographics,Demographics,Demographics > Religion,Sydney_SEC_029_SENT_010,Sydney_SEC_029_SENT_007,Sydney_SEC_031_SENT_001,"49.0% of families are couples with children, 34.4% are couples without children, and 14.8% are single-parent families.","Between 1971 and 2018, Sydney experienced a net loss of 716,832 people to the rest of Australia, but its population grew due to overseas arrivals and a healthy birth rate.","In 2021, Christianity was the largest religious affiliation at 46%, the largest denominations of which were Catholicism at 23.1% and Anglicanism at 9.2%.",0.4915027916431427,0.5119565725326538,-0.02045378088951111,0
TRIPLET_00771,Sport,Tennis in Australia,https://en.wikipedia.org/wiki/Tennis_in_Australia,Broadcasting > French Open,Broadcasting > French Open,Lower Tier Tournaments > ATP Challenger Tour,Tennis_in_Australia_SEC_007_SENT_003,Tennis_in_Australia_SEC_007_SENT_001,Tennis_in_Australia_SEC_002_SENT_002,"Previously, subscription television service Foxtel had the rights to the French Open with SBS Australia simulcasting World-feed coverage from 10:30pm AEST.","Since 2021, the Nine Network is the Australian broadcast holder with coverage on secondary channel 9Gem.","These tournaments offer up to 175 rankings points with five Challenger events currently held in Australia, Canberra in the first week of the tour, back-to-back events in Burnie, Tasmania in the fortnight following the Australian Open and in Playford, South Australia then Sydney, New South Wales in the fortnight following the ATP Tour's Asian Swing.",0.5915108323097229,0.6109960079193115,-0.019485175609588623,0
TRIPLET_01196,History,Eureka Rebellion,https://en.wikipedia.org/wiki/Eureka_Rebellion,Commemoration > 21st century,Commemoration > 21st century,Origins in the Victorian gold rush > Protests on the goldfields: 1851–1854 > First gold commissioner arrives in Ballarat,Eureka_Rebellion_SEC_023_SENT_009,Eureka_Rebellion_SEC_023_SENT_005,Eureka_Rebellion_SEC_003_SENT_008,"The Eureka Tower in Melbourne, completed in 2006, is named in honour of the rebellion and features symbolic aspects such as blue glass and white stripes in reference to both the Eureka Flag and a surveyor's measuring staff and a crown of gold glass with a red stripe to represent the blood spilled on the goldfields.","Bracks stated that the change would resonate with Victorians because the Southern Cross ""stands for democracy and freedom because it flew over the Eureka Stockade"".","According to high-end estimates, up to 20,000 miners turned out in a massive display of support for repealing the mining tax.",0.5227043628692627,0.541941225528717,-0.019236862659454346,0
TRIPLET_00002,Cities,Sydney,https://en.wikipedia.org/wiki/Sydney,Infrastructure > Transport > Metro,Infrastructure > Transport > Metro,Demographics > Ancestry and immigration,Sydney_SEC_044_SENT_003,Sydney_SEC_044_SENT_007,Sydney_SEC_030_SENT_003,"This line, designated as the M1, will be extended to Bankstown in 2025 with suburbs previously on the Bankstown railway line currently closed for conversion to the metro.",The scheme is intended to increase Sydney's public transport capacity by 60%.,"At the 2021 census, 1.7% of Sydney's population identified as being Indigenous — Aboriginal Australians and Torres Strait Islanders.",0.4418640732765198,0.46052512526512146,-0.018661051988601685,0
TRIPLET_00292,Universities,University of Sydney,https://en.wikipedia.org/wiki/University_of_Sydney,Academic profile > Student outcomes,Academic profile > Student outcomes,History > 2020s,University_of_Sydney_SEC_018_SENT_003,University_of_Sydney_SEC_018_SENT_002,University_of_Sydney_SEC_005_SENT_003,"In the 2023 Employer Satisfaction Survey, graduates of the university had an overall employer satisfaction rate of 89.6%.","These surveys place more emphasis on criteria such as student experience, graduate outcomes and employer satisfaction than perceived reputation, research output and citation counts.","Starting on 23 April 2024, as a protest of the Gaza war, pro-Palestinian students and staff of the university began occupying part of campus.",0.5203953385353088,0.5389353036880493,-0.01853996515274048,0
TRIPLET_00489,Landmarks,Sydney Harbour Bridge,https://en.wikipedia.org/wiki/Sydney_Harbour_Bridge,Structure > Arch,Structure > Arch,Operations > Road,Sydney_Harbour_Bridge_SEC_002_SENT_007,Sydney_Harbour_Bridge_SEC_002_SENT_001,Sydney_Harbour_Bridge_SEC_008_SENT_008,The rivets were heated red-hot and inserted into the plates; the headless end was immediately rounded over with a large pneumatic rivet gun.,"The arch is composed of two 28-panel arch trusses; their heights vary from 18 m (59 ft) at the centre of the arch, to 57 m (187 ft) at the ends next to the pylons.",The Sydney Harbour Tunnel was completed in August 1992 and carries only motor vehicles.,0.2349584996700287,0.2527661919593811,-0.017807692289352417,0
TRIPLET_01128,History,Australian gold rushes,https://en.wikipedia.org/wiki/Australian_gold_rushes,"Notable gold finds that started rushes > 1871–1904: Charters Towers, Palmer River, and other finds in Queensland","Notable gold finds that started rushes > 1871–1904: Charters Towers, Palmer River, and other finds in Queensland","Pre-rush gold finds > 1849: Woady Yaloak River, Victoria",Australian_gold_rushes_SEC_034_SENT_005,Australian_gold_rushes_SEC_034_SENT_001,Australian_gold_rushes_SEC_016_SENT_004,"The town of Charters Towers grew to become the second largest town in Queensland during the late 1880s with a population of about 30,000.","A significant Queensland goldfield was discovered at Charters Towers on 24 December 1871 by a young 12-year-old Aboriginal stockman, Jupiter Mosman, and soon moved attention to this area.","One very fine sample of gold has also been received in town during the week from the Wardy Yallock itself, found in the locality where the exploring party of last winter ended their labours.",0.565948486328125,0.5837182998657227,-0.017769813537597656,0
TRIPLET_00626,Sport,Australian rules football,https://en.wikipedia.org/wiki/Australian_rules_football,Laws of the game > Game skills > Rucking,Laws of the game > Game skills > Rucking,History > Early competition in Victoria,Australian_rules_football_SEC_017_SENT_005,Australian_rules_football_SEC_017_SENT_004,Australian_rules_football_SEC_004_SENT_013,Lifting teammates is not allowed so the ruck may only jump to reach the ball.,Functionally the role is analogous to a basketball centre and as such rucks are typically the tallest player on the team.,"Football gradually adapted to an oval-shaped field, and most grounds in Victoria expanded to accommodate the dual purpose—a situation that continues to this day.",0.23752456903457642,0.25496533513069153,-0.017440766096115112,0
TRIPLET_01125,History,Australian gold rushes,https://en.wikipedia.org/wiki/Australian_gold_rushes,"Notable gold finds that started rushes > July 1851: Clunes, Victoria","Notable gold finds that started rushes > July 1851: Clunes, Victoria","Notable gold finds that started rushes > 1887–1891: Southern Cross, the Pilbara, and other finds in Western Australia > 1891: Cue",Australian_gold_rushes_SEC_021_SENT_005,Australian_gold_rushes_SEC_021_SENT_002,Australian_gold_rushes_SEC_040_SENT_001,The long sought treasure is at length found!,"Esmond and his party found the gold after Esmond had been told by George Hermann Bruhn of the gold that had been found in March 1850 on Cameron's property at Clunes, and that in the vicinity were quartz reefs which were likely to bear gold.","Gold was found at Cue in 1891 by Michael Fitzgerald, Edward Heffernan and Tom Cue.",0.4190366268157959,0.4360452890396118,-0.017008662223815918,0
TRIPLET_00398,Universities,Australian National University,https://en.wikipedia.org/wiki/Australian_National_University,Student life > Student media > Woroni,Student life > Student media > Woroni,Governance and structure > Constituent colleges > Systems and Society,Australian_National_University_SEC_020_SENT_008,Australian_National_University_SEC_020_SENT_007,Australian_National_University_SEC_011_SENT_001,This newspaper has been digitised as part of the Australian Newspapers Digitisation Program of the National Library of Australia.,"In 2012, an online radio station called Woroni Radio was launched, and a video production arm called Woroni TV was started in 2017.","The ANU College of Systems and Society brings together critical capabilities in understanding the modern interfaces between systems, technology, processes, the physical world, and the social world.",0.3809856176376343,0.39767736196517944,-0.016691744327545166,0
TRIPLET_00030,Cities,Sydney,https://en.wikipedia.org/wiki/Sydney,Infrastructure > Transport > Metro,Infrastructure > Transport > Metro,Infrastructure > Transport > Suburban trains,Sydney_SEC_044_SENT_004,Sydney_SEC_044_SENT_002,Sydney_SEC_043_SENT_013,A new line through the inner west to Parramatta is planned to be built by 2030.,"Currently, the network consists of a single line extending from Tallawong in the north-west to the city and Sydenham.",The main station is the Central railway station in the southern part of the CBD.,0.40357884764671326,0.42017862200737,-0.01659977436065674,0
TRIPLET_01127,History,Australian gold rushes,https://en.wikipedia.org/wiki/Australian_gold_rushes,"Notable gold finds that started rushes > 1892–1899: Coolgardie, Kalgoorlie, and other finds in Western Australia > 1893: Kalgoorlie","Notable gold finds that started rushes > 1892–1899: Coolgardie, Kalgoorlie, and other finds in Western Australia > 1893: Kalgoorlie","Notable gold finds that started rushes > 1906: Tarnagulla, Victoria",Australian_gold_rushes_SEC_042_SENT_003,Australian_gold_rushes_SEC_042_SENT_005,Australian_gold_rushes_SEC_044_SENT_005,"Prior to moving to Western Australia in 1889 to prospect for gold Hannan had prospected at Ballarat in Victoria in the 1860s, Otago in New Zealand in the 1870s, and at Teetulpa (north of Yunta) in South Australia in 1886.","As others were camping nearby he kicked a bush over it, took careful note of his bearings, and hastened back to tell Hannan and Dan Shea, another Irishman who had joined them.","The shallow ground was soon worked out, but operations gave satisfactory results in the deeper alluvial until 1912.",0.3889309763908386,0.40540963411331177,-0.016478657722473145,0
TRIPLET_01186,History,Eureka Rebellion,https://en.wikipedia.org/wiki/Eureka_Rebellion,Commemoration > 20th century,Commemoration > 20th century,Open rebellion > Battle of the Eureka Stockade,Eureka_Rebellion_SEC_022_SENT_009,Eureka_Rebellion_SEC_022_SENT_018,Eureka_Rebellion_SEC_014_SENT_011,Catholic Church affiliates also endorsed a Eureka centenary supplement with commemorative events.,Before its development there was considerable debate over whether a replica or reconstruction of wooden structures was appropriate.,"Blake says this is ""stark evidence of the effectiveness of the defender's fire"".",0.3374541997909546,0.35367459058761597,-0.016220390796661377,0
TRIPLET_00548,Landmarks,Uluru,https://en.wikipedia.org/wiki/Uluru,Name,Name,History > Tourism (1936–1960s),Uluru_SEC_001_SENT_004,Uluru_SEC_001_SENT_003,Uluru_SEC_005_SENT_002,"In 1993, a dual naming policy was adopted that allowed official names that consist of both the traditional Aboriginal name (in the Pitjantjatjara, Yankunytjatjara and other local languages) and the English name.","On 19 July 1873, the surveyor William Gosse sighted the landmark and named it Ayers Rock in honour of the then Chief Secretary of South Australia, Sir Henry Ayers.",Permanent European settlement of the area began in the 1940s under Aboriginal welfare policy and to promote tourism at Uluru.,0.4613070487976074,0.4761396646499634,-0.014832615852355957,0
TRIPLET_00845,Wildlife,Kangaroo,https://en.wikipedia.org/wiki/Kangaroo,Interaction with humans > Meat,Interaction with humans > Meat,Terminology,Kangaroo_SEC_013_SENT_005,Kangaroo_SEC_013_SENT_007,Kangaroo_SEC_001_SENT_005,Kangaroo meat is sourced from wild animals and is seen by many as the best source of population control programs as opposed to culling them as pests where carcasses are left in paddocks.,Kangaroo meat is exported to many countries around the world.,"A common myth about the kangaroo's English name is that it was a Guugu Yimithirr phrase for ""I don't know"" or ""I don't understand"".",0.5142945051193237,0.5288434028625488,-0.014548897743225098,0
TRIPLET_00048,Cities,Sydney,https://en.wikipedia.org/wiki/Sydney,Sport and outdoor activities > Major sporting venues,Sport and outdoor activities > Major sporting venues,Government > Government in the present,Sydney_SEC_037_SENT_019,Sydney_SEC_037_SENT_007,Sydney_SEC_039_SENT_001,"Sydney Football Stadium and Stadium Australia were selected as venues, with the later hosting the final.",Yachting has been popular amongst wealthier residents since the 1840s and the Royal Sydney Yacht Squadron was founded in 1862.,"In common with other Australian capital cities, Sydney has no single local government covering its whole area.",0.36960139870643616,0.38386741280555725,-0.014266014099121094,0
TRIPLET_00785,Sport,Tennis in Australia,https://en.wikipedia.org/wiki/Tennis_in_Australia,Lower Tier Tournaments > WTA 125 Tournaments,Lower Tier Tournaments > WTA 125 Tournaments,Broadcasting > US Open,Tennis_in_Australia_SEC_003_SENT_002,Tennis_in_Australia_SEC_003_SENT_001,Tennis_in_Australia_SEC_009_SENT_001,"There are 20 WTA 125 Tournaments, one of which is held in Canberra, simultaneously with the ATP Challenger event.",The WTA 125 Tournaments is the second tier of WTA events with each event worth 125 points.,The Nine Network is the current broadcast holder of the US Open having gained the rights to the event from 2022 making the Nine Network the home of Australian tennis with all four Grand Slams and Australian Open lead in events as well as all Australian rubbers of the Davis Cup and the Billie Jean King Cup.,0.6884332895278931,0.7026607394218445,-0.014227449893951416,0
TRIPLET_00369,Universities,Australian National University,https://en.wikipedia.org/wiki/Australian_National_University,Governance and structure > Constituent colleges > Business and Economics,Governance and structure > Constituent colleges > Business and Economics,Governance and structure > Constituent colleges > Asia and the Pacific,Australian_National_University_SEC_010_SENT_002,Australian_National_University_SEC_010_SENT_001,Australian_National_University_SEC_009_SENT_004,It also has membership of the World Wide Web Consortium (W3C).,"The college is professionally accredited with the Institute of Chartered Accountants Australia, CPA Australia, the Australian Computer Society, the Actuaries Institute Australia, the Institute of Public Accountants, the Association of International Accountants, the Chartered Financial Analyst Institute and the Statistical Society of Australia Inc.","The college hosts a series of annual and biannual updates, on various regions in the Asia-Pacific.",0.42995819449424744,0.44376814365386963,-0.013809949159622192,0
TRIPLET_00180,Cities,Perth,https://en.wikipedia.org/wiki/Perth,History > Federation and beyond,History > Federation and beyond,Sport,Perth_SEC_006_SENT_017,Perth_SEC_006_SENT_021,Perth_SEC_027_SENT_007,"In 1962, Perth received global media attention when city residents lit their house lights and streetlights as American astronaut John Glenn passed overhead while orbiting the Earth on Friendship 7.","Whilst most mineral and petroleum production takes place elsewhere in the state, the non-base services provide most of the employment and income to the people of Perth.",Each of these clubs has a junior football system for ages 7 to 17.,0.22879722714424133,0.24172812700271606,-0.012930899858474731,0
TRIPLET_01082,History,Federation of Australia,https://en.wikipedia.org/wiki/Federation_of_Australia,Early constitutional conventions > Australasian Federal Conference of 1890,Early constitutional conventions > Australasian Federal Conference of 1890,Early constitutional conventions,Federation_of_Australia_SEC_005_SENT_015,Federation_of_Australia_SEC_005_SENT_012,Federation_of_Australia_SEC_004_SENT_004,"Similarly, Sir James Lee Steere from Western Australia and the New Zealand delegates suggested there was little support for federation in their respective colonies.",The Conference debated whether or not the time was ripe to proceed with federation.,"New Zealand was represented at both the conference and the Convention, although its delegates indicated that it would be unlikely to join the Federation at its foundation, but it would probably be interested in doing so at a later date.",0.5573858618736267,0.5696873664855957,-0.012301504611968994,0
TRIPLET_01037,History,History of Australia,https://en.wikipedia.org/wiki/History_of_Australia,From autonomy to federation > Colonial self-government and the gold rushes > Gold rushes of the 1850s,From autonomy to federation > Colonial self-government and the gold rushes > Gold rushes of the 1850s,Society and culture (1960s–present) > Social developments > Indigenous Australians,History_of_Australia_SEC_019_SENT_008,History_of_Australia_SEC_019_SENT_001,History_of_Australia_SEC_053_SENT_018,Chinese migration was a particular concern for colonial officials due to the widespread belief that it represented a danger to white Australian living standards and morality.,"In February 1851, Edward Hargraves discovered gold near Bathurst, New South Wales.","That same year, artist Albert Namatjira was honoured with a postage stamp.",0.25839948654174805,0.2706589102745056,-0.012259423732757568,0
TRIPLET_00016,Cities,Sydney,https://en.wikipedia.org/wiki/Sydney,Geography > Topography,Geography > Topography,Infrastructure > Utilities,Sydney_SEC_007_SENT_012,Sydney_SEC_007_SENT_007,Sydney_SEC_049_SENT_011,"The local government area of the City of Sydney covers about 26 square kilometres from Garden island in the east to Bicentennial Park in the west, and south to the suburbs of Alexandria and Rosebery.",Most of Sydney's water storages can be found on tributaries of the Nepean River.,"WaterNSW supplies bulk water to Sydney Water, a state-owned corporation that operates water distribution, sewerage and storm water management services.",0.5606964826583862,0.572909951210022,-0.012213468551635742,0
TRIPLET_00169,Cities,Perth,https://en.wikipedia.org/wiki/Perth,Media > Television,Media > Television,Governance > Federal,Perth_SEC_024_SENT_002,Perth_SEC_024_SENT_008,Perth_SEC_017_SENT_002,Community station Access 31 closed in August 2008.,"The 24-hour Perth Telethon claims to be ""the most successful fundraising event per capita in the world"".","The Federal Court of Australia and the Federal Circuit Court of Australia (previously the Federal Magistrates Court) occupy the Commonwealth Law Courts building on Victoria Avenue, which is also the location for annual Perth sittings of Australia's High Court.",0.24880334734916687,0.26088452339172363,-0.012081176042556763,0
TRIPLET_00026,Cities,Sydney,https://en.wikipedia.org/wiki/Sydney,Infrastructure > Transport > Roads,Infrastructure > Transport > Roads,Regions > Western suburbs,Sydney_SEC_042_SENT_001,Sydney_SEC_042_SENT_005,Sydney_SEC_018_SENT_001,"The motor vehicle, more than any other factor, has determined the pattern of Sydney's urban development since World War II.",Sydney's reliance on motor vehicles and its sprawling road network has been criticised by proponents of mass public transport and high-density housing.,"The greater western suburbs encompasses the areas of Parramatta, the sixth largest business district in Australia, settled the same year as the harbour-side colony, Bankstown, Liverpool, Penrith, and Fairfield.",0.5332332253456116,0.5452836155891418,-0.012050390243530273,0
TRIPLET_01137,History,Australian gold rushes,https://en.wikipedia.org/wiki/Australian_gold_rushes,"Pre-rush gold finds > 1840: Lefroy, Tasmania","Pre-rush gold finds > 1840: Lefroy, Tasmania","Notable gold finds that started rushes > 1857/8: Canoona near Rockhampton, Queensland",Australian_gold_rushes_SEC_007_SENT_001,Australian_gold_rushes_SEC_007_SENT_002,Australian_gold_rushes_SEC_029_SENT_008,Gold is believed to have been found in Northern Tasmania at The Den (formerly known as Lefroy or Nine Mile Springs) near George Town in 1840 by a convict.,"In the 1880s, this became known as the Lefroy goldfields.",O'Connell was in Sydney in July 1858 when he reported to the Government the success of the measures he had initiated for the development of the goldfield which he had discovered.,0.6328866481781006,0.6436814665794373,-0.01079481840133667,0
TRIPLET_00139,Cities,Brisbane,https://en.wikipedia.org/wiki/Brisbane,Infrastructure > Other utilities,Infrastructure > Other utilities,Infrastructure > Healthcare,Brisbane_SEC_034_SENT_005,Brisbane_SEC_034_SENT_009,Brisbane_SEC_033_SENT_010,Generators (some private and some owned by the Queensland government) sell energy into the wholesale market for eastern Australia known as the National Electricity Market.,"Metropolitan Brisbane is serviced by all major and most minor telecommunications companies and their networks, including Telstra, Optus, and Vodafone Australia.","Brisbane is also home to the headquarters of the Queensland Ambulance Service central executive, located at the Emergency Services Complex Kedron Park, along with the headquarters of the Queensland Fire Department and the Queensland Emergency Operations Centre.",0.5137526392936707,0.5243398547172546,-0.010587215423583984,0
TRIPLET_00811,Wildlife,Kangaroo,https://en.wikipedia.org/wiki/Kangaroo,Biology and behaviour > Blindness,Biology and behaviour > Blindness,Biology and behaviour > Adaptations,Kangaroo_SEC_010_SENT_002,Kangaroo_SEC_010_SENT_005,Kangaroo_SEC_009_SENT_007,"The first official report of kangaroo blindness took place in 1994, in central New South Wales.",Australian authorities were concerned the disease could spread to other livestock and possibly humans.,It is usually fed by its mother until reaching 18 months.,0.35788655281066895,0.36824697256088257,-0.010360419750213623,0
TRIPLET_00322,Universities,University of Melbourne,https://en.wikipedia.org/wiki/University_of_Melbourne,History > Foundations of the university,History > Foundations of the university,"History > 2020 – 2023: COVID-19 impacts, further expansion plans and workforce tensions",University_of_Melbourne_SEC_001_SENT_011,University_of_Melbourne_SEC_001_SENT_013,University_of_Melbourne_SEC_005_SENT_018,"The first chancellor, Redmond Barry (later Sir Redmond), held the position until his death in 1880.","The institution was designed to be a ""civilising influence"" at a time of rapid settlement and commercial growth.","In 2023, windows of the university's Sidney Myer Asia Centre Building were broken and the building was graffitied with a message accusing the university of contributing to an unsafe environment for transgender individuals.",0.3051968216896057,0.31549733877182007,-0.010300517082214355,0
TRIPLET_00478,Landmarks,Sydney Harbour Bridge,https://en.wikipedia.org/wiki/Sydney_Harbour_Bridge,Celebrations > Walk for Reconciliation,Celebrations > Walk for Reconciliation,Celebrations > Sydney New Year's Eve,Sydney_Harbour_Bridge_SEC_020_SENT_001,Sydney_Harbour_Bridge_SEC_020_SENT_003,Sydney_Harbour_Bridge_SEC_019_SENT_004,"In May 2000, the bridge was closed to vehicular access for a day to allow a special reconciliation march—the ""Walk for Reconciliation"" – to take place.","Between 200,000 and 300,000 people were estimated to have walked the bridge in a symbolic gesture of crossing a divide.","During the millennium celebrations in 2000, the Sydney Harbour Bridge was lit up with the word ""Eternity"", as a tribute to the legacy of Arthur Stace a Sydney artist who for many years inscribed said word on pavements in chalk in copperplate writing despite the fact that he was illiterate.",0.5890035033226013,0.5990018844604492,-0.0099983811378479,0
TRIPLET_00699,Sport,Cricket in Australia,https://en.wikipedia.org/wiki/Cricket_in_Australia,Organisation of cricket in modern Australia > Twenty20 cricket > Women's domestic cricket > Twenty20 competitions,Organisation of cricket in modern Australia > Twenty20 cricket > Women's domestic cricket > Twenty20 competitions,Organisation of cricket in modern Australia > International cricket > Women's national team,Cricket_in_Australia_SEC_015_SENT_001,Cricket_in_Australia_SEC_015_SENT_002,Cricket_in_Australia_SEC_010_SENT_017,"Women's Big Bash League- In 2007, the Australian Women's Twenty20 Cup was introduced, also featuring state representative teams.","In 2015, it was replaced by the Women's Big Bash League, which features the same eight franchise teams as the men's competition.",They have clinched ICC Women's T20 World Cup trophy six times.,0.6435317993164062,0.6535045504570007,-0.009972751140594482,0
TRIPLET_00219,Universities,Macquarie University,https://en.wikipedia.org/wiki/Macquarie_University,Academic profile > Other sub-units > Start-up incubator,Academic profile > Other sub-units > Start-up incubator,Academic profile > Admissions > International,Macquarie_University_SEC_014_SENT_005,Macquarie_University_SEC_014_SENT_003,Macquarie_University_SEC_017_SENT_001,"It was officially opened by Prince Andrew, Duke of York on 25 September 2017.",Macquarie University received a $1 million grant from the New South Wales government to build the incubator.,The Macquarie University International College offers Foundation Studies (Pre-University) and University-level Diplomas.,0.39603114128112793,0.40552788972854614,-0.009496748447418213,0
TRIPLET_00634,Sport,Australian rules football,https://en.wikipedia.org/wiki/Australian_rules_football,Laws of the game > Match duration,Laws of the game > Match duration,History > Interstate football and the World Wars,Australian_rules_football_SEC_012_SENT_007,Australian_rules_football_SEC_012_SENT_004,Australian_rules_football_SEC_007_SENT_011,"Between each quarter, a break is observed to allow players a rest period.","The timekeepers record all relevant statistics for the match, such as total quarter duration and score by each team.",Some clubs and competitions never fully recovered.,0.4275854527950287,0.43693578243255615,-0.009350329637527466,0
TRIPLET_00455,Landmarks,Sydney Harbour Bridge,https://en.wikipedia.org/wiki/Sydney_Harbour_Bridge,Celebrations > 80th anniversary,Celebrations > 80th anniversary,Celebrations > Walk for Reconciliation,Sydney_Harbour_Bridge_SEC_024_SENT_002,Sydney_Harbour_Bridge_SEC_024_SENT_003,Sydney_Harbour_Bridge_SEC_020_SENT_003,"In addition, Google dedicated its Google Doodle on the 19th to the event.",The proposal to upgrade the bridge tolling equipment was announced by the NSW Roads Minister Duncan Gay.,"Between 200,000 and 300,000 people were estimated to have walked the bridge in a symbolic gesture of crossing a divide.",0.4019675850868225,0.41128408908843994,-0.009316504001617432,0
TRIPLET_00490,Landmarks,Sydney Harbour Bridge,https://en.wikipedia.org/wiki/Sydney_Harbour_Bridge,Celebrations > 50th Anniversary celebrations,Celebrations > 50th Anniversary celebrations,Celebrations > Sydney New Year's Eve,Sydney_Harbour_Bridge_SEC_017_SENT_001,Sydney_Harbour_Bridge_SEC_017_SENT_003,Sydney_Harbour_Bridge_SEC_019_SENT_004,"In 1982, the 50th anniversary of the opening of the bridge was celebrated.","The celebrations were attended by Edward Judge, who represented Dorman Long.","During the millennium celebrations in 2000, the Sydney Harbour Bridge was lit up with the word ""Eternity"", as a tribute to the legacy of Arthur Stace a Sydney artist who for many years inscribed said word on pavements in chalk in copperplate writing despite the fact that he was illiterate.",0.5170236825942993,0.5252087116241455,-0.008185029029846191,0
TRIPLET_00131,Cities,Brisbane,https://en.wikipedia.org/wiki/Brisbane,Urban structure,Urban structure,History > 20th century,Brisbane_SEC_009_SENT_003,Brisbane_SEC_009_SENT_007,Brisbane_SEC_004_SENT_003,Most central streets are named after members of the House of Hanover.,"At the broadest level, Brisbane's metropolitan area is informally divided into the northside and the southside, with the dividing line being the Brisbane River, as crossing one of the 15 bridges across the river is required to travel to the opposite side by land transport.","In 1925 the creation of the City of Brisbane formed Australia's largest municipal authority, followed in 1930 by the opening of Brisbane City Hall, one of the city's most significant public buildings, and later in 1940 with the opening of the Story Bridge.",0.3803824484348297,0.38815975189208984,-0.007777303457260132,0
TRIPLET_00154,Cities,Perth,https://en.wikipedia.org/wiki/Perth,Media > Television,Media > Television,History > Federation and beyond,Perth_SEC_024_SENT_005,Perth_SEC_024_SENT_004,Perth_SEC_006_SENT_009,Foxtel provides a subscription-based satellite and cable television service.,West TV ceased broadcasting in February 2020.,"Successive state governments, beginning with the Willcock Labor Government (1936–1945), determined to change this.",0.3010275661945343,0.3087693154811859,-0.007741749286651611,0
TRIPLET_00796,Sport,Tennis in Australia,https://en.wikipedia.org/wiki/Tennis_in_Australia,Lower Tier Tournaments > ITF Tour,Lower Tier Tournaments > ITF Tour,Lower Tier Tournaments > WTA 125 Tournaments,Tennis_in_Australia_SEC_004_SENT_001,Tennis_in_Australia_SEC_004_SENT_002,Tennis_in_Australia_SEC_003_SENT_001,The lowest tier of professional tennis tournaments are the ITF Men's World Tennis Tour and the ITF Women's World Tennis Tour run by the International Tennis Federation (ITF).,These tournaments serve as entry level events for the ATP and WTA tours and offer points and prize money.,The WTA 125 Tournaments is the second tier of WTA events with each event worth 125 points.,0.5830021500587463,0.5893348455429077,-0.006332695484161377,0
TRIPLET_00816,Wildlife,Kangaroo,https://en.wikipedia.org/wiki/Kangaroo,Biology and behaviour > Blindness,Biology and behaviour > Blindness,Biology and behaviour > Adaptations,Kangaroo_SEC_010_SENT_001,Kangaroo_SEC_010_SENT_002,Kangaroo_SEC_009_SENT_027,Eye disease is rare but not new among kangaroos.,"The first official report of kangaroo blindness took place in 1994, in central New South Wales.",The dairy industry could also benefit from this project.,0.34324055910110474,0.3493656516075134,-0.006125092506408691,0
TRIPLET_01004,History,History of Australia,https://en.wikipedia.org/wiki/History_of_Australia,Indigenous prehistory,Indigenous prehistory,Society and culture (1960s–present) > Arts and culture,History_of_Australia_SEC_001_SENT_023,History_of_Australia_SEC_001_SENT_025,History_of_Australia_SEC_056_SENT_012,"By 2,500 years ago more of the islands were occupied and a distinctive Torres Strait Islander maritime culture emerged.","Aboriginal society consisted of family groups organised into bands and clans averaging about 25 people, each with a defined territory for foraging.",By the end of the 1970s new Australian plays were a feature of small and large theatre companies in most states.,0.5374988913536072,0.5414161682128906,-0.003917276859283447,0
TRIPLET_00535,Landmarks,Uluru,https://en.wikipedia.org/wiki/Uluru,Description,Description,"Aboriginal myths, legends and traditions > Other stories > Mala story",Uluru_SEC_002_SENT_004,Uluru_SEC_002_SENT_005,Uluru_SEC_017_SENT_007,"Kata Tjuta, also called Mount Olga or the Olgas, lies 25 km (16 mi) west of Uluru.",Special viewing areas with road access and parking have been constructed to give tourists the best views of both sites at dawn and dusk.,"Kurpany approached the Mala people, changing form as he did so, including taking the form of a ghost (mamu).",0.22396506369113922,0.22739246487617493,-0.0034274011850357056,0
TRIPLET_00635,Sport,Australian rules football,https://en.wikipedia.org/wiki/Australian_rules_football,History > First rules,History > First rules,Laws of the game > Game skills > Marking,Australian_rules_football_SEC_003_SENT_004,Australian_rules_football_SEC_003_SENT_003,Australian_rules_football_SEC_016_SENT_006,These are the laws from which Australian rules football evolved.,"Three days later, Wills, Hammersley, Thompson and teacher Thomas H. Smith met near the MCG at the Parade Hotel, owned by Bryant, and drafted ten rules: ""The Rules of the Melbourne Football Club"".",Any other movements result in a distance penalty (50 metres in the AFL).,0.41776084899902344,0.4198218584060669,-0.002061009407043457,0
TRIPLET_00216,Universities,Macquarie University,https://en.wikipedia.org/wiki/Macquarie_University,Governance and structure > University Council > Chancellor and Vice-Chancellor,Governance and structure > University Council > Chancellor and Vice-Chancellor,Academic profile > Library and archives,Macquarie_University_SEC_007_SENT_003,Macquarie_University_SEC_007_SENT_001,Macquarie_University_SEC_012_SENT_004,"He also served as a pediatrician at the Massachusetts General Hospital for Children, and as Clinical Professor of Pediatrics at Harvard Medical School.","Macquarie's current vice-chancellor, Bruce Dowton, took over from Schwartz in September 2012.",The new library was Australia's first university library to possess an Automated Storage and Retrieval System (ASRS).,0.2967603802680969,0.2987102270126343,-0.0019498467445373535,0
TRIPLET_00857,Wildlife,Koala,https://en.wikipedia.org/wiki/Koala,Relation to humans > Koala diplomacy,Relation to humans > Koala diplomacy,Behaviour and ecology > Foraging and activities,Koala_SEC_013_SENT_002,Koala_SEC_013_SENT_001,Koala_SEC_007_SENT_009,"The term also includes the loan of koalas by the Australian government to overseas zoos in countries such as Singapore and Japan, as a form of ""soft power diplomacy"", like the ""panda diplomacy"" practised by China.","The event gave rise to the term ""koala diplomacy"", which became the Oxford Word of the Month for December 2016.","Each day, koalas eat up to 400 grams (14 oz) of leaves, spread over four to six feeding periods.",0.4234948754310608,0.42531973123550415,-0.0018248558044433594,0
TRIPLET_00074,Cities,Melbourne,https://en.wikipedia.org/wiki/Melbourne,History > Temporary capital of Australia and World War II,History > Temporary capital of Australia and World War II,History > British colonisation,Melbourne_SEC_006_SENT_003,Melbourne_SEC_006_SENT_001,Melbourne_SEC_003_SENT_011,"The Governor-General of Australia resided at Government House in Melbourne until 1930, and many major national institutions remained in Melbourne well into the twentieth century.","At the time of Australia's federation on 1 January 1901, Melbourne became the seat of government of the federated Commonwealth of Australia.","Previously known under various informal names, the settlement was named Melbourne on 10 April 1837 by Bourke after the British Prime Minister, William Lamb, 2nd Viscount Melbourne, whose seat was Melbourne Hall in the market town of Melbourne, Derbyshire.",0.6637716293334961,0.6654915809631348,-0.0017199516296386719,0
TRIPLET_01073,History,Federation of Australia,https://en.wikipedia.org/wiki/Federation_of_Australia,Early calls for federation > Federal Council of Australasia,Early calls for federation > Federal Council of Australasia,Landmarks named after Federation,Federation_of_Australia_SEC_002_SENT_019,Federation_of_Australia_SEC_002_SENT_023,Federation_of_Australia_SEC_013_SENT_002,"Furthermore, the absence of the powerful colony of New South Wales weakened its representative value.","In terms of the Federal Council of Australia Act, the Australian drafters established a number of powers dealing with their common interests which would later be replicated in the Australian Constitution, especially section 51.","These include: Federal Highway, between Goulburn, New South Wales and Canberra Federation Creek, near Croydon, Queensland Federation Peak, Tasmania Federation Range, on the Royston River, about 90 kilometres (56 mi) east-northeast of Melbourne, Victoria Federation Square, Melbourne, Victoria Federation Trail, Melbourne, Victoria Federation University, Ballarat, Victoria",0.2940574586391449,0.2957085371017456,-0.001651078462600708,0
TRIPLET_00917,Wildlife,Platypus,https://en.wikipedia.org/wiki/Platypus,Distribution and habitat,Distribution and habitat,Human interactions > Cultural references,Platypus_SEC_005_SENT_008,Platypus_SEC_005_SENT_001,Platypus_SEC_013_SENT_006,"The platypus has almost disappeared from the Murray–Darling Basin, possibly due to poor water management.","The platypus is native to the freshwaters of eastern Australia, from Queensland to Tasmania (including King Island but not the Furneaux Group).","The platypus is also featured as a totem for some Aboriginal peoples, which is to them ""a natural object, plant or animal that is inherited by members of a clan or family as their spiritual emblem"", and the animal holds special meaning for the Wadi Wadi people at the Murray River.",0.498471736907959,0.49916988611221313,-0.0006981492042541504,0
TRIPLET_00039,Cities,Sydney,https://en.wikipedia.org/wiki/Sydney,Regions > Western suburbs,Regions > Western suburbs,Government > Government in the present,Sydney_SEC_018_SENT_008,Sydney_SEC_018_SENT_012,Sydney_SEC_039_SENT_021,"To the northwest, Featherdale Wildlife Park, a zoo in Doonside, near Blacktown, is a major tourist attraction.","Further to the southwest is the region of Macarthur and the city of Campbelltown, a significant population centre until the 1990s considered a region separate to Sydney proper.",Greater Sydney is served by: New South Wales Police Force New South Wales Ambulance Fire and Rescue NSW,0.3972175121307373,0.3976333737373352,-0.0004158616065979004,0
TRIPLET_01052,History,Federation of Australia,https://en.wikipedia.org/wiki/Federation_of_Australia,Early constitutional conventions > The National Australasian Convention of 1891,Early constitutional conventions > The National Australasian Convention of 1891,The economic consequences of federation,Federation_of_Australia_SEC_007_SENT_001,Federation_of_Australia_SEC_007_SENT_004,Federation_of_Australia_SEC_012_SENT_002,The Parliament proposed at the Convention of 1891 was to adopt the nomenclature of the United States Congress; a House of Representatives and a Senate.,Griffith identified with great clarity at the Sydney Convention perhaps the greatest problem of all: how to structure the relationship between the lower and upper houses within the Federal Parliament.,"With respect to the customs union, tariffs were abolished on interstate trade (although this process occurred on a phased basis in Western Australia), while all of the colonies adopted the Commonwealth's common external tariff schedule in October 1901.",0.5266590118408203,0.5266609191894531,-1.9073486328125e-06,0
